Report Number,Local Case Number,Agency Name,ACRS Report Type,Crash Date/Time,Route Type,Road Name,Cross-Street Type,Cross-Street Name,Off-Road Description,Municipality,Related Non-Motorist,Collision Type,Weather,Surface Condition,Light,Traffic Control,Driver Substance Abuse,Non-Motorist Substance Abuse,Person ID,Pedestrian Type,Pedestrian Movement,Pedestrian Actions,Pedestrian Location,Pedestrian Obeyed Traffic Signal,Pedestrian Visibility,At Fault,Injury Severity,Safety Equipment,Latitude,Longitude,Location
MCP2475004W,200010420,Montgomery County Police,Injury Crash,03/02/2020 03:15:00 PM,County,DENNIS AVE,Government,SLIGO CREEK PKWY,,N/A,BICYCLIST,OTHER,N/A,DRY,DAYLIGHT,N/A,NONE DETECTED,NONE DETECTED,243093DA-E172-4BBD-A166-3E850333A5A2,BICYCLIST,Cross/Enter not at Intersection,NO IMPROPER ACTIONS,ON ROADWAY AT CROSSWALK,N/A,MIXED CLOTHING,No,SUSPECTED MINOR INJURY,MC/BIKE HELMET,39.02432,-77.03063667,"(39.02432, -77.03063667)"
MCP2436009N,200008109,Montgomery County Police,Injury Crash,02/18/2020 01:40:00 PM,Maryland (State),PINEY BRANCH RD,Other Public Roadway,KODIAK DR,,N/A,PEDESTRIAN,SINGLE VEHICLE,CLEAR,DRY,DAYLIGHT,NO CONTROLS,NONE DETECTED,NONE DETECTED,99E36A32-6FE7-4B53-B12F-6BD21CB66301,PEDESTRIAN,Cross/Enter at Intersection,DART DASH,ON ROADWAY NOT AT CROSSWALK,NO PED. SIGNAL,LIGHT CLOTHING,Yes,SUSPECTED MINOR INJURY,N/A,38.99978841,-76.99156582,"(38.99978841, -76.99156582)"
MCP3218000F,200009907,Montgomery County Police,Injury Crash,02/28/2020 12:45:00 PM,County,KEMP MILL RD,County,ARCOLA AVE,,N/A,PEDESTRIAN,SINGLE VEHICLE,CLEAR,DRY,DAYLIGHT,NO CONTROLS,NONE DETECTED,N/A,6F304018-78A5-4E02-8F51-C73915D38462,PEDESTRIAN,Cross/Enter not at Intersection,IN ROADWAY IMPROPERLY,ON ROADWAY NOT AT CROSSWALK,NO PED. SIGNAL,DARK CLOTHING,Yes,SUSPECTED MINOR INJURY,NONE,39.04683667,-77.03076667,"(39.04683667, -77.03076667)"
MCP24920019,200002735,Montgomery County Police,Fatal Crash,01/16/2020 06:33:00 PM,Maryland (State),ROCKVILLE PIKE,Municipality,WOOTTON PKWY,,ROCKVILLE,PEDESTRIAN,OTHER,SEVERE WINDS,DRY,DARK LIGHTS ON,NO CONTROLS,NONE DETECTED,UNKNOWN,8D8FF068-C253-4414-9496-D64BFC732C6B,PEDESTRIAN,Cross/Enter not at Intersection,FAILURE TO YIELD RIGHT OF WAY,ON ROADWAY NOT AT CROSSWALK,NO PED. SIGNAL,DARK CLOTHING,Yes,FATAL INJURY,N/A,39.07798974,-77.140867,"(39.07798974, -77.140867)"
HA24750004,20000530,Maryland-National Capital,Property Damage Crash,02/27/2020 07:45:00 AM,County,PINEHURST PKWY,Government,BEACH DR,,N/A,BICYCLIST,OTHER,N/A,DRY,DAYLIGHT,OTHER,UNKNOWN,NONE DETECTED,018BFCB2-A55D-4B4F-ACBE-34B99D6CC18A,BICYCLIST,Cross/Enter at Intersection,UNKNOWN,AT INTERSECTION MARKED CROSSWALK,N/A,UNKNOWN,Unknown,NO APPARENT INJURY,UNKNOWN,38.98509008,-77.05971297,"(38.98509008, -77.05971297)"
MCP3164001W,190029845,Montgomery County Police,Injury Crash,06/22/2019 12:16:00 PM,,,,,CVS PARKING LOT,,PEDESTRIAN,HEAD ON,CLEAR,,DAYLIGHT,NO CONTROLS,N/A,N/A,C35DB446-0382-4C41-8952-DD9BDBBC8E1B,PEDESTRIAN,Standing,NO IMPROPER ACTIONS,SIDEWALK,NO PED. SIGNAL,N/A,No,SUSPECTED MINOR INJURY,N/A,39.039275,-77.054065,"(39.039275, -77.054065)"
MCP3010003X,190029658,Montgomery County Police,Injury Crash,06/21/2019 12:59:00 PM,Maryland (State),ROCKVILLE PIKE,County,NICHOLSON LA,,N/A,PEDESTRIAN,OTHER,CLEAR,DRY,DAYLIGHT,TRAFFIC SIGNAL,N/A,N/A,7A2F9845-E281-405F-B93B-70C7E1B0E638,PEDESTRIAN,Walking/Riding against Traffic,NO IMPROPER ACTIONS,SIDEWALK,N/A,DARK CLOTHING,No,SUSPECTED MINOR INJURY,NONE,39.04444,-77.11192667,"(39.04444, -77.11192667)"
MCP31090044,200009869,Montgomery County Police,Injury Crash,02/28/2020 07:15:00 AM,County,BLAIR RD,County,JUNIPER ST,,N/A,BICYCLIST,SAME DIRECTION SIDESWIPE,CLEAR,DRY,DAWN,NO CONTROLS,UNKNOWN,NONE DETECTED,4315D9D7-5094-469B-9FBC-CAF50B8486A3,BICYCLIST,Walking/Riding w/Traffic,NO IMPROPER ACTIONS,ON ROADWAY NOT AT CROSSWALK,N/A,LIGHT CLOTHING,No,SUSPECTED MINOR INJURY,MC/BIKE HELMET,38.98270633,-77.02251933,"(38.98270633, -77.02251933)"
MCP27500043,190028809,Montgomery County Police,Injury Crash,06/16/2019 10:00:00 PM,,,,,PARKING LOT OF 12600 VEIRS MILL RD,,PEDESTRIAN,STRAIGHT MOVEMENT ANGLE,CLEAR,,DARK LIGHTS ON,NO CONTROLS,NONE DETECTED,NONE DETECTED,657439AC-1F00-4691-AC1F-2F83D6FE487A,PEDESTRIAN,Cross/Enter not at Intersection,NO IMPROPER ACTIONS,ON ROADWAY AT CROSSWALK,NO PED. SIGNAL,DARK CLOTHING,No,SUSPECTED MINOR INJURY,NONE,39.06246167,-77.09525833,"(39.06246167, -77.09525833)"
MCP3165001B,190029086,Montgomery County Police,Injury Crash,06/18/2019 11:10:00 AM,County,TECH RD,County,INDUSTRIAL PKWY,,N/A,PEDESTRIAN,HEAD ON LEFT TURN,CLEAR,DRY,DAYLIGHT,STOP SIGN,NONE DETECTED,NONE DETECTED,A9BDCA3F-FAFA-4799-82C1-2ACC4E875106,PEDESTRIAN,Cross/Enter at Intersection,NO IMPROPER ACTIONS,AT INTERSECTION MARKED CROSSWALK,NO PED. SIGNAL,DARK CLOTHING,No,POSSIBLE INJURY,NONE,39.05337167,-76.96811,"(39.05337167, -76.96811)"
MCP2710002W,190030397,Montgomery County Police,Injury Crash,06/25/2019 07:00:00 PM,County,EMORY GROVE RD,Maryland (State),WOODFIELD RD,,N/A,PEDESTRIAN,OTHER,N/A,DRY,DUSK,TRAFFIC SIGNAL,NONE DETECTED,NONE DETECTED,634BEB84-C339-430C-9C28-D47F088BB7A4,PEDESTRIAN,Cross/Enter at Intersection,NO IMPROPER ACTIONS,ON ROADWAY AT CROSSWALK,OBEYED PED. SIGNAL,N/A,No,SUSPECTED MINOR INJURY,N/A,39.15274521,-77.17336421,"(39.15274521, -77.17336421)"
MCP27990053,190026189,Montgomery County Police,Injury Crash,06/01/2019 06:35:00 PM,County,PRINCE PHILIP DR,Other Public Roadway,SPARTAN RD,,N/A,BICYCLIST,STRAIGHT MOVEMENT ANGLE,CLEAR,DRY,DAYLIGHT,NO CONTROLS,NONE DETECTED,NONE DETECTED,90DAD80A-F7B0-4283-854F-032E2A72C2A4,BICYCLIST,Walking/Riding w/Traffic,NO IMPROPER ACTIONS,ON ROADWAY NOT AT CROSSWALK,N/A,MIXED CLOTHING,No,SUSPECTED MINOR INJURY,NONE,39.15452301,-77.05705246,"(39.15452301, -77.05705246)"
DD56350015,190029923,Rockville Police Departme,Injury Crash,06/22/2019 10:22:00 PM,,,,,14672 SOUTHLAWN LN,,PEDESTRIAN,OTHER,CLEAR,,DARK LIGHTS ON,N/A,NONE DETECTED,NONE DETECTED,A7553BB8-7090-48D4-A07F-CCE2079021C7,PEDESTRIAN,Standing,OTHER,OTHER,N/A,N/A,No,POSSIBLE INJURY,N/A,39.09605299,-77.13893373,"(39.09605299, -77.13893373)"
MCP31110017,190030622,Montgomery County Police,Injury Crash,06/27/2019 08:00:00 AM,Maryland (State),CONNECTICUT AVE,Maryland (State),EAST WEST HWY,,N/A,BICYCLIST,SAME DIR REAR END,CLEAR,DRY,DAYLIGHT,TRAFFIC SIGNAL,NONE DETECTED,NONE DETECTED,1A37D215-9964-448C-8E15-9CA3B24D1B0F,BICYCLIST,Walking/Riding w/Traffic,INATTENTIVE,ON ROADWAY NOT AT CROSSWALK,N/A,MIXED CLOTHING,Yes,POSSIBLE INJURY,MC/BIKE HELMET,38.98814517,-77.07924283,"(38.98814517, -77.07924283)"
MCP3178000V,190028761,Montgomery County Police,Property Damage Crash,06/16/2019 12:57:00 PM,Maryland (State),NEW HAMPSHIRE AVE,County,NOTLEY RD,,N/A,PEDESTRIAN,SINGLE VEHICLE,CLEAR,DRY,DAYLIGHT,STOP SIGN,NONE DETECTED,NONE DETECTED,94428342-AB7D-4F43-BCCF-73D7644810CA,PEDESTRIAN,Cross/Enter at Intersection,UNKNOWN,ON ROADWAY NOT AT CROSSWALK,NO PED. SIGNAL,LIGHT CLOTHING,No,NO APPARENT INJURY,N/A,39.08078667,-77.001345,"(39.08078667, -77.001345)"
MCP271700P1,190029339,Montgomery County Police,Injury Crash,06/19/2019 03:10:00 PM,County,NICHOLSON LA,County,NEBEL ST,,N/A,PEDESTRIAN,OTHER,CLEAR,DRY,DAYLIGHT,TRAFFIC SIGNAL,NONE DETECTED,NONE DETECTED,27E4CD75-23DF-42E4-9DD5-3FBF89F828DB,PEDESTRIAN,Cross/Enter at Intersection,NO IMPROPER ACTIONS,ON ROADWAY AT CROSSWALK,OBEYED PED. SIGNAL,MIXED CLOTHING,No,SUSPECTED MINOR INJURY,NONE,39.045444,-77.10475833,"(39.045444, -77.10475833)"
MCP28290061,190029046,Montgomery County Police,Property Damage Crash,06/18/2019 07:18:00 AM,,,,,RAMP ENTRANCE TO THE PARKING LOT OF 8555 16TH STREET,,PEDESTRIAN,OTHER,CLOUDY,,DAYLIGHT,NO CONTROLS,UNKNOWN,NONE DETECTED,7A6D0B3E-E754-4460-A372-95C7C4154921,PEDESTRIAN,Cross/Enter not at Intersection,NO IMPROPER ACTIONS,SIDEWALK,NO PED. SIGNAL,MIXED CLOTHING,No,NO APPARENT INJURY,NONE,38.99579,-77.03594833,"(38.99579, -77.03594833)"
MCP3119001L,190030451,Montgomery County Police,Injury Crash,06/26/2019 08:22:00 AM,County,LOCHAVEN DR,County,GOSHEN RD,,N/A,PEDESTRIAN,SINGLE VEHICLE,CLEAR,DRY,DAYLIGHT,N/A,NONE DETECTED,NONE DETECTED,E3DC8472-9CF4-4A92-ADEB-06F19474FA71,PEDESTRIAN,Walking/Riding against Traffic,NO IMPROPER ACTIONS,CURB,N/A,LIGHT CLOTHING,No,SUSPECTED MINOR INJURY,N/A,39.19784233,-77.18286417,"(39.19784233, -77.18286417)"
EJ78510043,190030023,Gaithersburg Police Depar,Injury Crash,06/23/2019 05:25:00 PM,Maryland (State),QUINCE ORCHARD RD,Municipality,FIRSTFIELD RD,,GAITHERSBURG,PEDESTRIAN,OTHER,CLEAR,DRY,DAYLIGHT,TRAFFIC SIGNAL,NONE DETECTED,NONE DETECTED,006FEBFC-A5E1-4AA7-A3C3-74D832A925F5,PEDESTRIAN,Cross/Enter at Intersection,DART DASH,AT INTERSECTION BUT NO CROSSWALK,NO PED. SIGNAL,LIGHT CLOTHING,Yes,POSSIBLE INJURY,NONE,39.14519136,-77.22002609,"(39.14519136, -77.22002609)"
EJ7875000L,190029922,Gaithersburg Police Depar,Injury Crash,06/22/2019 10:26:00 PM,Municipality,ODENDHAL AVE,Municipality,RUSSELL AVE,,GAITHERSBURG,BICYCLIST,ANGLE MEETS LEFT TURN,CLEAR,DRY,DARK LIGHTS ON,TRAFFIC SIGNAL,N/A,N/A,99F3559B-3E9F-4818-B92C-078B08B43EC9,BICYCLIST,Cross/Enter at Intersection,INATTENTIVE,ON ROADWAY NOT AT CROSSWALK,OTHER,N/A,Yes,POSSIBLE INJURY,NONE,39.15061333,-77.2037,"(39.15061333, -77.2037)"
MCP23580067,190029964,Montgomery County Police,Injury Crash,06/23/2019 08:00:00 AM,Maryland (State),VEIRS MILL RD,County,MONTERREY DR,,N/A,PEDESTRIAN,OTHER,CLEAR,DRY,DAYLIGHT,NO CONTROLS,UNKNOWN,NONE DETECTED,51031B78-8778-4F9A-8216-806FF98A9B4C,PEDESTRIAN,Other,UNKNOWN,ON ROADWAY NOT AT CROSSWALK,NO PED. SIGNAL,UNKNOWN,Unknown,SUSPECTED SERIOUS INJURY,UNKNOWN,39.04427833,-77.06305833,"(39.04427833, -77.06305833)"
MCP2853007B,200009971,Montgomery County Police,Injury Crash,02/28/2020 06:10:00 PM,County,ELTON RD,Maryland (State),NEW HAMPSHIRE AVE,,N/A,PEDESTRIAN,OTHER,CLEAR,DRY,DARK LIGHTS ON,TRAFFIC SIGNAL,N/A,N/A,BEDC1FC8-7D06-4F7D-99B7-A829CF77B0C9,PEDESTRIAN,Cross/Enter at Intersection,NO IMPROPER ACTIONS,AT INTERSECTION MARKED CROSSWALK,OBEYED PED. SIGNAL,DARK CLOTHING,No,NO APPARENT INJURY,N/A,39.021095,-76.976515,"(39.021095, -76.976515)"
MCP2937003N,200008940,Montgomery County Police,Injury Crash,02/22/2020 11:21:00 PM,County,MAYOR LA,County,THAYER AVE,,N/A,PEDESTRIAN,SINGLE VEHICLE,CLEAR,DRY,DARK LIGHTS ON,NO CONTROLS,NONE DETECTED,NONE DETECTED,633C7111-1012-4D20-B835-345DAC5A7920,PEDESTRIAN,Other Working,NO IMPROPER ACTIONS,ON ROADWAY NOT AT CROSSWALK,NO PED. SIGNAL,DARK CLOTHING,No,SUSPECTED MINOR INJURY,NONE,38.99279534,-77.0259186,"(38.99279534, -77.0259186)"
MCP2714001L,200008878,Montgomery County Police,Injury Crash,02/22/2020 03:20:00 PM,,,,,PARKING LOT IN FRONT OF 12214 VEIRS MILL RD,,PEDESTRIAN,HEAD ON LEFT TURN,CLEAR,,DAYLIGHT,N/A,UNKNOWN,N/A,7E3B5855-D973-4416-8C39-B57518704F3E,PEDESTRIAN,Push/Work on Vehicle,INATTENTIVE,SIDEWALK,NO PED. SIGNAL,N/A,No,POSSIBLE INJURY,NONE,39.05647487,-77.08386766,"(39.05647487, -77.08386766)"
MCP2739002Q,190050111,Montgomery County Police,Injury Crash,10/18/2019 11:30:00 PM,Maryland (State),UNIVERSITY BLVD W,County,LORAIN AVE,,N/A,PEDESTRIAN,OTHER,CLEAR,DRY,DARK LIGHTS ON,N/A,NONE DETECTED,ALCOHOL CONTRIBUTED,B5B4E8E3-EE20-4795-A421-476FA0669F31,PEDESTRIAN,Cross/Enter not at Intersection,FAILURE TO YIELD RIGHT OF WAY,ON ROADWAY NOT AT CROSSWALK,N/A,DARK CLOTHING,Yes,SUSPECTED MINOR INJURY,NONE,39.02178333,-77.01490167,"(39.02178333, -77.01490167)"
MCP3206000T,190049500,Montgomery County Police,Injury Crash,10/16/2019 05:30:00 PM,Maryland (State),PINEY BRANCH RD,County,GARLAND AVE,,N/A,PEDESTRIAN,OTHER,CLEAR,DRY,DAYLIGHT,WARNING SIGN,NONE DETECTED,N/A,FB9AE5C9-C304-4AFF-86C2-75B956174417,PEDESTRIAN,Cross/Enter not at Intersection,NO IMPROPER ACTIONS,ON ROADWAY AT CROSSWALK,OBEYED PED. SIGNAL,MIXED CLOTHING,No,SUSPECTED MINOR INJURY,N/A,38.99871335,-76.99901076,"(38.99871335, -76.99901076)"
MCP3154001D,190049938,Montgomery County Police,Injury Crash,10/18/2019 07:37:00 AM,Maryland (State),GREAT SENECA HWY,County,DAIRYMAID DR,,N/A,PEDESTRIAN,SINGLE VEHICLE,N/A,DRY,DAYLIGHT,STOP SIGN,UNKNOWN,NONE DETECTED,D1B5EF6C-BAEB-49F6-BC9B-E790F724EE06,PEDESTRIAN,Cross/Enter at Intersection,IN ROADWAY IMPROPERLY,AT INTERSECTION BUT NO CROSSWALK,NO PED. SIGNAL,MIXED CLOTHING,Yes,POSSIBLE INJURY,NONE,39.157263,-77.27576536,"(39.157263, -77.27576536)"
MCP2722003D,190048511,Montgomery County Police,Injury Crash,10/09/2019 04:18:00 PM,,N LEISURE WORLD BLV,,ROSSMOOR BLV,,N/A,PEDESTRIAN,SINGLE VEHICLE,CLEAR,DRY,DAYLIGHT,STOP SIGN,NONE DETECTED,NONE DETECTED,DE091680-ED7E-47F6-BC3A-A3A09B3D563E,PEDESTRIAN,Cross/Enter at Intersection,IN ROADWAY IMPROPERLY,ON ROADWAY NOT AT CROSSWALK,NO PED. SIGNAL,DARK CLOTHING,Yes,SUSPECTED MINOR INJURY,NONE,39.10100167,-77.07414667,"(39.10100167, -77.07414667)"
MCP31430029,200027271,Montgomery County Police,Injury Crash,07/14/2020 06:30:00 AM,County,MARINELLI RD,Maryland (State),ROCKVILLE PIKE,,N/A,PEDESTRIAN,OTHER,CLEAR,DRY,DAYLIGHT,TRAFFIC SIGNAL,NONE DETECTED,NONE DETECTED,741A060D-E358-4268-9F6A-A7B7FC70DDB4,PEDESTRIAN,Cross/Enter at Intersection,NO IMPROPER ACTIONS,ON ROADWAY AT CROSSWALK,UNKNOWN,MIXED CLOTHING,Unknown,POSSIBLE INJURY,NONE,39.04735167,-77.11233833,"(39.04735167, -77.11233833)"
MCP29340040,200018218,Montgomery County Police,Injury Crash,05/04/2020 05:11:00 PM,County,E JEFFERSON ST,Other Public Roadway,MONTROSE PKWY,,N/A,PEDESTRIAN,OTHER,CLEAR,DRY,DAYLIGHT,TRAFFIC SIGNAL,NONE DETECTED,NONE DETECTED,92C26D8D-EF6E-46D0-9177-FD7F06C00DA3,PEDESTRIAN,Cross/Enter at Intersection,NO IMPROPER ACTIONS,AT INTERSECTION MARKED CROSSWALK,OBEYED PED. SIGNAL,MIXED CLOTHING,No,POSSIBLE INJURY,NONE,39.051115,-77.12608667,"(39.051115, -77.12608667)"
MCP2965004N,200018691,Montgomery County Police,Injury Crash,05/08/2020 10:10:00 AM,County,HERITAGE HILLS DR,County,HERITAGE HILLS CT,,N/A,OTHER CONVEYANCE,OTHER,CLOUDY,DRY,DAYLIGHT,NO CONTROLS,NONE DETECTED,NONE DETECTED,090619CD-AB50-4CAA-8706-1B28EB0A24E4,OTHER CONVEYANCE,Cross/Enter not at Intersection,NOT VISIBLE,ON ROADWAY NOT AT CROSSWALK,NO PED. SIGNAL,REFLECTIVE MATERIAL,Yes,POSSIBLE INJURY,REFLECTIVE CLOTHING,39.169105,-77.06162333,"(39.169105, -77.06162333)"
MCP2995006C,200018779,Montgomery County Police,Injury Crash,05/08/2020 05:26:00 PM,County,BEL PRE RD,County,BEL PRE CT,,N/A,PEDESTRIAN,OTHER,RAINING,WET,DAYLIGHT,NO CONTROLS,NONE DETECTED,NONE DETECTED,364040F6-BB94-47D1-A960-F6B82C910F80,PEDESTRIAN,Cross/Enter not at Intersection,IN ROADWAY IMPROPERLY,ON ROADWAY NOT AT CROSSWALK,NO PED. SIGNAL,DARK CLOTHING,Yes,POSSIBLE INJURY,NONE,39.09438,-77.08992,"(39.09438, -77.08992)"
MCP2358007K,200026724,Montgomery County Police,Property Damage Crash,07/09/2020 08:30:00 PM,Maryland (State),MASSACHUSETTS AVE,County,CROMWELL DR,,N/A,BICYCLIST,STRAIGHT MOVEMENT ANGLE,CLEAR,DRY,DARK NO LIGHTS,TRAFFIC SIGNAL,UNKNOWN,NONE DETECTED,AE2D784A-6BB5-46B9-B39B-94DC527C13CB,BICYCLIST,Cross/Enter at Intersection,FAILURE TO OBEY TRAFFIC SIGNS SIGNALS OR OFFICER,OTHER,DISOBEYED PED. SIGNAL,UNKNOWN,Unknown,NO APPARENT INJURY,UNKNOWN,38.96098,-77.1162,"(38.96098, -77.1162)"
MCP3093002W,200026554,Montgomery County Police,Injury Crash,07/08/2020 06:45:00 PM,County,GRUBB RD,Unknown,WASH DC LINE,,N/A,BICYCLIST,N/A,N/A,DRY,DAYLIGHT,N/A,N/A,N/A,E4942679-9114-4109-A921-5AAC69410E31,BICYCLIST,Other,IMPROPER PASSING,N/A,N/A,N/A,Unknown,POSSIBLE INJURY,MC/BIKE HELMET,38.99148833,-77.04744833,"(38.99148833, -77.04744833)"
MCP31990021,200026750,Montgomery County Police,Injury Crash,07/10/2020 06:23:00 AM,Maryland (State),VEIRS MILL RD,County,BUSHEY DR,,N/A,OTHER CONVEYANCE,SAME DIR REAR END,CLEAR,DRY,DAYLIGHT,NO CONTROLS,NONE DETECTED,NONE DETECTED,AAB0A796-AA4A-436D-AEC2-97724B8C71F8,OTHER CONVEYANCE,Other,INATTENTIVE,OTHER,OTHER,DARK CLOTHING,Yes,SUSPECTED MINOR INJURY,MC/BIKE HELMET,39.05463833,-77.07975333,"(39.05463833, -77.07975333)"
DM83860014,180043329,Takoma Park Police Depart,Injury Crash,08/30/2018 07:15:00 PM,Municipality,MAPLE AVE,Municipality,LINCOLN AVE,,TAKOMA PARK,BICYCLIST,SAME DIRECTION LEFT TURN,CLEAR,DRY,DAWN,NO CONTROLS,NONE DETECTED,NONE DETECTED,A63D5700-F3DD-42B8-B9A8-4CF8C1086878,BICYCLIST,Cross/Enter not at Intersection,NOT VISIBLE,SIDEWALK,NO PED. SIGNAL,MIXED CLOTHING,No,SUSPECTED SERIOUS INJURY,NONE,38.98424833,-77.004625,"(38.98424833, -77.004625)"
MCP31630022,190050048,Montgomery County Police,Injury Crash,10/18/2019 05:14:00 PM,Maryland (State),WISCONSIN AVE,Other Public Roadway,SOMERSET TERRACE,,N/A,BICYCLIST,SAME DIR REAR END,CLEAR,DRY,DAYLIGHT,NO CONTROLS,NONE DETECTED,NONE DETECTED,50A7629E-A908-4C9C-9B50-AD1FBB2CDEAA,BICYCLIST,Walking/Riding w/Traffic,NO IMPROPER ACTIONS,SHOULDER,N/A,MIXED CLOTHING,No,POSSIBLE INJURY,MC/BIKE HELMET,38.96543198,-77.08796832,"(38.96543198, -77.08796832)"
MCP27260045,190049980,Montgomery County Police,Injury Crash,10/18/2019 12:05:00 PM,,,,,PARKING LOT OF 12030 CHASE CROSSING CIRCLE,,PEDESTRIAN,OTHER,N/A,,DAYLIGHT,NO CONTROLS,N/A,N/A,3324E0CF-C8ED-4F4C-BDB9-520143099A6D,PEDESTRIAN,Other,INATTENTIVE,OTHER,NO PED. SIGNAL,DARK CLOTHING,Unknown,SUSPECTED MINOR INJURY,NONE,39.05404121,-77.12227364,"(39.05404121, -77.12227364)"
MCP2866005S,190049843,Montgomery County Police,Injury Crash,10/17/2019 04:19:00 PM,County,MONTROSE AVE,County,WEYMOUTH ST,,N/A,PEDESTRIAN,SINGLE VEHICLE,CLEAR,DRY,DAYLIGHT,NO CONTROLS,NONE DETECTED,NONE DETECTED,4620236A-EB75-4841-BA12-0EC10A11833C,PEDESTRIAN,Cross/Enter not at Intersection,DART DASH,ON ROADWAY NOT AT CROSSWALK,NO PED. SIGNAL,DARK CLOTHING,Yes,SUSPECTED MINOR INJURY,NONE,39.02835348,-77.09771704,"(39.02835348, -77.09771704)"
MCP3206000T,190049500,Montgomery County Police,Injury Crash,10/16/2019 05:30:00 PM,Maryland (State),PINEY BRANCH RD,County,GARLAND AVE,,N/A,PEDESTRIAN,OTHER,CLEAR,DRY,DAYLIGHT,WARNING SIGN,NONE DETECTED,NONE DETECTED,324B5CC4-4E4F-47C5-80B6-6E074483C8B4,PEDESTRIAN,Cross/Enter not at Intersection,NO IMPROPER ACTIONS,ON ROADWAY AT CROSSWALK,OBEYED PED. SIGNAL,MIXED CLOTHING,No,SUSPECTED SERIOUS INJURY,N/A,38.99871335,-76.99901076,"(38.99871335, -76.99901076)"
MCP2286002R,190049826,Montgomery County Police,Injury Crash,10/17/2019 03:05:00 PM,Maryland (State),ROCKVILLE PIKE,Municipality,TWINBROOK PKWY,,ROCKVILLE,BICYCLIST,ANGLE MEETS RIGHT TURN,CLEAR,DRY,DAYLIGHT,TRAFFIC SIGNAL,NONE DETECTED,NONE DETECTED,F0BBEC2A-B3F1-4080-B838-8490FE8DAAD2,BICYCLIST,Cross/Enter at Intersection,NO IMPROPER ACTIONS,ON ROADWAY AT CROSSWALK,OBEYED PED. SIGNAL,MIXED CLOTHING,No,SUSPECTED MINOR INJURY,NONE,39.05912167,-77.12124667,"(39.05912167, -77.12124667)"
DM83880036,190049396,Takoma Park Police Depart,Injury Crash,10/15/2019 08:30:00 AM,Municipality,MAPLE AVE,Government,SLIGO CREEK PKWY,,N/A,BICYCLIST,STRAIGHT MOVEMENT ANGLE,CLEAR,DRY,DAYLIGHT,STOP SIGN,NONE DETECTED,NONE DETECTED,421F4BA9-8CB0-4AAE-83D2-BB6414FA581E,BICYCLIST,Walking/Riding w/Traffic,FAILURE TO OBEY TRAFFIC SIGNS SIGNALS OR OFFICER,ON ROADWAY NOT AT CROSSWALK,NO PED. SIGNAL,MIXED CLOTHING,Yes,POSSIBLE INJURY,MC/BIKE HELMET,38.98772,-77.00354,"(38.98772, -77.00354)"
MCP2710003B,200018771,Montgomery County Police,Injury Crash,05/08/2020 04:45:00 PM,Municipality,ONEILL DR,Maryland (State),FREDERICK RD,,N/A,PEDESTRIAN,SINGLE VEHICLE,RAINING,WET,DAYLIGHT,TRAFFIC SIGNAL,NONE DETECTED,NONE DETECTED,21C3B49E-CD70-40DC-9E40-D3E783A870EB,PEDESTRIAN,Cross/Enter at Intersection,DART DASH,ON ROADWAY AT CROSSWALK,DISOBEYED PED. SIGNAL,MIXED CLOTHING,Yes,SUSPECTED MINOR INJURY,NONE,39.12410167,-77.18020833,"(39.12410167, -77.18020833)"
MCP3130002F,200017902,Montgomery County Police,Injury Crash,05/02/2020 09:00:00 AM,,,,,"GIANT FOOD PARKING LOT 13781 CONNECTICUT AVE.
SILVER SPRING MD 20906",,OTHER,SINGLE VEHICLE,CLEAR,,DAYLIGHT,NO CONTROLS,NONE DETECTED,NONE DETECTED,5E4820A0-5DA2-4939-BFF9-40AFB1202A8F,OTHER,Other Working,IMPROPER PASSING,OTHER,N/A,OTHER,No,POSSIBLE INJURY,N/A,39.07968167,-77.079065,"(39.07968167, -77.079065)"
MCP2008007X,200027535,Montgomery County Police,Injury Crash,07/15/2020 07:04:00 PM,County,FRANKLIN ST,County,PARKWOOD DR,,N/A,"BICYCLIST, PEDESTRIAN",OTHER,CLEAR,DRY,DAYLIGHT,STOP SIGN,NONE DETECTED,NONE DETECTED,A0593E34-0D78-4108-BCAA-6F1FE0B66FE6,BICYCLIST,Cross/Enter at Intersection,NO IMPROPER ACTIONS,AT INTERSECTION MARKED CROSSWALK,NO PED. SIGNAL,LIGHT CLOTHING,No,SUSPECTED MINOR INJURY,MC/BIKE HELMET,39.01972667,-77.09671,"(39.01972667, -77.09671)"
MCP29170069,190062628,Montgomery County Police,Injury Crash,12/29/2019 07:06:00 PM,County,RANDOLPH RD,County,SELFRIDGE RD,,N/A,PEDESTRIAN,OTHER,RAINING,WET,DARK NO LIGHTS,TRAFFIC SIGNAL,NONE DETECTED,NONE DETECTED,5C7AF34E-B273-4954-85C9-A38F6F73737C,PEDESTRIAN,Cross/Enter at Intersection,NO IMPROPER ACTIONS,ON ROADWAY AT CROSSWALK,OBEYED PED. SIGNAL,DARK CLOTHING,No,POSSIBLE INJURY,NONE,39.05552833,-77.08361833,"(39.05552833, -77.08361833)"