Report Number,Local Case Number,Agency Name,ACRS Report Type,Crash Date/Time,Route Type,Road Name,Cross-Street Type,Cross-Street Name,Off-Road Description,Municipality,Related Non-Motorist,Collision Type,Weather,Surface Condition,Light,Traffic Control,Driver Substance Abuse,Non-Motorist Substance Abuse,Person ID,Pedestrian Type,Pedestrian Movement,Pedestrian Actions,Pedestrian Location,Pedestrian Obeyed Traffic Signal,Pedestrian Visibility,At Fault,Injury Severity,Safety Equipment,Latitude,Longitude,Location
MCP2931003P,190035842,Montgomery County Police,Injury Crash,07/27/2019 07:37:00 PM,Maryland (State),ROCKVILLE PIKE,Municipality,TWINBROOK PKWY,,ROCKVILLE,PEDESTRIAN,N/A,N/A,DRY,DAYLIGHT,TRAFFIC SIGNAL,N/A,N/A,BA50C849-E941-4038-9EB9-8525F6421A66,PEDESTRIAN,Cross/Enter not at Intersection,FAILURE TO OBEY TRAFFIC SIGNS SIGNALS OR OFFICER,ON ROADWAY NOT AT CROSSWALK,DISOBEYED PED. SIGNAL,DARK CLOTHING,Yes,POSSIBLE INJURY,N/A,39.05892167,-77.12170833,"(39.05892167, -77.12170833)"
DD5604002Z,190036284,Rockville Police Departme,Injury Crash,07/30/2019 11:10:00 AM,,,,,51 MANNAKEE STREET PARKING LOT #5,,PEDESTRIAN,OTHER,CLEAR,,DAYLIGHT,NO CONTROLS,NONE DETECTED,NONE DETECTED,50FB890C-3913-4F20-8384-DE42EA258E6F,PEDESTRIAN,Other,NO IMPROPER ACTIONS,OTHER,NO PED. SIGNAL,LIGHT CLOTHING,No,POSSIBLE INJURY,NONE,39.09963105,-77.15955905,"(39.09963105, -77.15955905)"
MCP2353007K,190034991,Montgomery County Police,Injury Crash,07/23/2019 02:31:00 PM,County,EARLHAM DR,County,STARMONT RD,,N/A,PEDESTRIAN,SINGLE VEHICLE,CLOUDY,DRY,DAYLIGHT,NO CONTROLS,NONE DETECTED,NONE DETECTED,075D70D5-3CA5-44CB-BC42-1ED63CC8ABE0,PEDESTRIAN,Walking/Riding w/Traffic,NO IMPROPER ACTIONS,ON ROADWAY NOT AT CROSSWALK,NO PED. SIGNAL,LIGHT CLOTHING,No,SUSPECTED MINOR INJURY,NONE,39.01254324,-77.13062453,"(39.01254324, -77.13062453)"
MCP242500F6,190036079,Montgomery County Police,Injury Crash,07/29/2019 09:24:00 AM,County,FENTON ST,County,WAYNE AVE,,N/A,PEDESTRIAN,OTHER,CLEAR,DRY,DAYLIGHT,NO CONTROLS,NONE DETECTED,NONE DETECTED,6B974EF4-E9B9-4C12-8D30-26FAEAE89FDA,PEDESTRIAN,Cross/Enter not at Intersection,DART DASH,ON ROADWAY NOT AT CROSSWALK,NO PED. SIGNAL,DARK CLOTHING,Yes,SUSPECTED MINOR INJURY,NONE,38.996535,-77.02472833,"(38.996535, -77.02472833)"
DM8457000R,170533675,Takoma Park Police Depart,Injury Crash,09/28/2017 04:56:00 PM,Municipality,GRANT AVE #2,Municipality,CHESTNUT AVE,,TAKOMA PARK,"BICYCLIST, PEDESTRIAN",SAME DIRECTION RIGHT TURN,CLEAR,DRY,DAYLIGHT,NO CONTROLS,NONE DETECTED,NONE DETECTED,CB273999-5726-44C6-A8DA-081244AC4C30,BICYCLIST,Walking/Riding w/Traffic,NOT VISIBLE,ON ROADWAY NOT AT CROSSWALK,NO PED. SIGNAL,DARK CLOTHING,Unknown,SUSPECTED MINOR INJURY,MC/BIKE HELMET,38.98447403,-77.01421246,"(38.98447403, -77.01421246)"
EJ78650053,190060645,Gaithersburg Police Depar,Injury Crash,12/16/2019 06:45:00 PM,,,,,PL OF 307 COPLEY PLACE,,PEDESTRIAN,SINGLE VEHICLE,RAINING,,DARK LIGHTS ON,NO CONTROLS,NONE DETECTED,NONE DETECTED,C54E13D0-55C6-4408-99F4-5785BDBCB592,PEDESTRIAN,Cross/Enter at Intersection,NO IMPROPER ACTIONS,AT INTERSECTION MARKED CROSSWALK,N/A,MIXED CLOTHING,No,SUSPECTED MINOR INJURY,N/A,39.11551,-77.208105,"(39.11551, -77.208105)"
MCP1094000T,190038544,Montgomery County Police,Injury Crash,08/13/2019 12:06:00 AM,,,,,IN PARKING LOT,,PEDESTRIAN,OTHER,CLEAR,,DARK LIGHTS ON,N/A,"ALCOHOL CONTRIBUTED, N/A",ALCOHOL PRESENT,25AD6D6C-4EC1-405D-80F5-215E3BFD4A5F,PEDESTRIAN,Other,INATTENTIVE,OTHER,N/A,N/A,Yes,SUSPECTED MINOR INJURY,N/A,39.14189614,-77.22310078,"(39.14189614, -77.22310078)"
MCP15750092,190037266,Montgomery County Police,Injury Crash,08/05/2019 01:08:00 PM,,,,,PK LOT 12600 TWINBROOK PKWY,,PEDESTRIAN,OTHER,CLEAR,,DAYLIGHT,NO CONTROLS,NONE DETECTED,NONE DETECTED,57BE7E3C-20E5-4427-8782-A8EF61732AB2,PEDESTRIAN,Other,OTHER,OTHER,N/A,OTHER,No,POSSIBLE INJURY,NONE,39.06307333,-77.11688167,"(39.06307333, -77.11688167)"
EJ7851004J,190036707,Gaithersburg Police Depar,Injury Crash,08/01/2019 02:05:00 PM,Municipality,MISTY DALE LA,Municipality,BUTTRY RD,,GAITHERSBURG,BICYCLIST,OTHER,CLEAR,DRY,DAYLIGHT,NO CONTROLS,NONE DETECTED,NONE DETECTED,0C4E276E-4311-4CB4-8102-F62F18F5F55D,BICYCLIST,Playing,NO IMPROPER ACTIONS,N/A,N/A,MIXED CLOTHING,No,POSSIBLE INJURY,NONE,39.13309628,-77.20463764,"(39.13309628, -77.20463764)"
HA2419000M,19002069,Maryland-National Capital,Property Damage Crash,08/05/2019 09:21:00 PM,,,,,JESUP BLAIR LOCAL PARK GRASS AREA,,OTHER,SINGLE VEHICLE,N/A,,DARK LIGHTS ON,NO CONTROLS,,NONE DETECTED,685699A4-BAA0-4AF2-9F45-CE2C72628DF9,OTHER,Other,OTHER,CURB,N/A,N/A,Yes,NO APPARENT INJURY,N/A,38.98493069,-77.02534704,"(38.98493069, -77.02534704)"
MCP3104001P,190036047,Montgomery County Police,Injury Crash,07/28/2019 11:30:00 PM,,,,,"THE PARKIG LOT OF 9300 PINEY BRANCH RD. SILVER SPRING, MARYLAND 20903",,PEDESTRIAN,SINGLE VEHICLE,CLEAR,,DARK LIGHTS ON,NO CONTROLS,N/A,ALCOHOL PRESENT,6B45EB7A-04B4-4083-A0DD-C8BF75BB4A56,PEDESTRIAN,Walking/Riding w/Traffic,OTHER,OTHER,NO PED. SIGNAL,DARK CLOTHING,No,POSSIBLE INJURY,N/A,39.00185544,-76.98610257,"(39.00185544, -76.98610257)"
MCP2983004B,190062185,Montgomery County Police,Injury Crash,12/26/2019 04:35:00 PM,,,,,1280 EAST WEST HWY (GIANT PARKING LOT),,PEDESTRIAN,SINGLE VEHICLE,CLEAR,,DAWN,N/A,NONE DETECTED,NONE DETECTED,6AE08592-CECC-484F-9DA8-599B3C79ACD1,PEDESTRIAN,Walking/Riding w/Traffic,NO IMPROPER ACTIONS,OTHER,N/A,LIGHT CLOTHING,No,POSSIBLE INJURY,NONE,38.99180567,-77.03210383,"(38.99180567, -77.03210383)"
DM8266000D,16035251,Takoma Park Police Depart,Injury Crash,07/12/2016 11:45:00 AM,Municipality,CHICAGO AVE,Maryland (State),PHILADELPHIA AVE,,N/A,PEDESTRIAN,OTHER,CLEAR,DRY,DAYLIGHT,N/A,N/A,NONE DETECTED,20DB5C92-002B-40D4-BB00-40B870456DB5,PEDESTRIAN,Cross/Enter not at Intersection,ENTERING EXITING PARKED STANDING VEHICLE,OTHER,NO PED. SIGNAL,DARK CLOTHING,Yes,SUSPECTED MINOR INJURY,N/A,38.98627167,-77.02176667,"(38.98627167, -77.02176667)"
DM83740019,17012288,Takoma Park Police Depart,Injury Crash,03/08/2017 07:57:00 PM,,,,,WALGREENS PARKING LOT,,PEDESTRIAN,OTHER,CLEAR,,DARK LIGHTS ON,N/A,N/A,N/A,DA5D8202-BFE7-4AA2-9C8C-9F784A37F4B6,PEDESTRIAN,Other,DART DASH,OTHER,N/A,LIGHT CLOTHING,Yes,POSSIBLE INJURY,N/A,38.98760333,-76.98608,"(38.98760333, -76.98608)"
DM8450000B,15048876,TAKOMA,Property Damage Crash,09/26/2015 03:05:00 PM,,,,,"Parking lot/entrance of 7609 New Hampshire Avenue, Takoma Park, Montgomery County Maryland.",,PEDESTRIAN,OTHER,CLOUDY,,DAYLIGHT,NO CONTROLS,NONE DETECTED,NONE DETECTED,BB77807A-603E-4089-A6C5-3C8F171F70D7,PEDESTRIAN,Playing,DART DASH,OTHER,NO PED. SIGNAL,N/A,Yes,NO APPARENT INJURY,NONE,38.99138167,-76.99416167,"(38.99138167, -76.99416167)"
MCP11480031,190037434,Montgomery County Police,Injury Crash,08/06/2019 08:51:00 AM,County,COMMERCE LA,Maryland (State),WISCONSIN AVE,,N/A,PEDESTRIAN,SINGLE VEHICLE,CLEAR,DRY,DAYLIGHT,NO CONTROLS,NONE DETECTED,NONE DETECTED,353BA08B-4A14-4EF0-BD1B-ABCD976F0D0D,PEDESTRIAN,Cross/Enter at Intersection,NO IMPROPER ACTIONS,ON ROADWAY AT CROSSWALK,NO PED. SIGNAL,MIXED CLOTHING,No,SUSPECTED MINOR INJURY,NONE,38.985995,-77.094765,"(38.985995, -77.094765)"
MCP2008006B,190034384,Montgomery County Police,Injury Crash,07/19/2019 06:47:00 PM,County,RYLAND DR,County,SINGLETON DR,,N/A,BICYCLIST,OTHER,CLEAR,DRY,DAYLIGHT,STOP SIGN,NONE DETECTED,NONE DETECTED,E2347E49-E8C9-4BAB-B710-201E1A741AA2,BICYCLIST,Cross/Enter at Intersection,UNKNOWN,ON ROADWAY AT CROSSWALK,UNKNOWN,LIGHT CLOTHING,Yes,SUSPECTED MINOR INJURY,MC/BIKE HELMET,39.01299,-77.118245,"(39.01299, -77.118245)"
MCP31510014,190037209,Montgomery County Police,Injury Crash,08/05/2019 07:30:00 AM,Maryland (State),FREDERICK RD,County,SHADY GROVE RD,,N/A,PEDESTRIAN,SINGLE VEHICLE,N/A,N/A,DAYLIGHT,STOP SIGN,NONE DETECTED,NONE DETECTED,8D3E0C42-EF43-42D8-ACF6-F40D3155DE63,PEDESTRIAN,Cross/Enter at Intersection,NO IMPROPER ACTIONS,SIDEWALK,NO PED. SIGNAL,MIXED CLOTHING,No,POSSIBLE INJURY,NONE,39.12047117,-77.17548467,"(39.12047117, -77.17548467)"
MCP3034003M,190035794,Montgomery County Police,Injury Crash,07/27/2019 02:10:00 PM,County,MACARTHUR BLVD,County,FALLS RD,,N/A,BICYCLIST,STRAIGHT MOVEMENT ANGLE,CLEAR,DRY,DAYLIGHT,NO CONTROLS,NONE DETECTED,NONE DETECTED,304D99B2-69BB-4FB6-BA00-AF9642B4EEC5,BICYCLIST,Cross/Enter at Intersection,FAILURE TO YIELD RIGHT OF WAY,ON ROADWAY NOT AT CROSSWALK,NO PED. SIGNAL,DARK CLOTHING,Yes,SUSPECTED MINOR INJURY,MC/BIKE HELMET,38.99624167,-77.23095833,"(38.99624167, -77.23095833)"
MCP2639007N,190036442,Montgomery County Police,Property Damage Crash,07/31/2019 07:17:00 AM,Maryland (State),GEORGIA AVE,County,QUEEN MARY DR,,N/A,BICYCLIST,STRAIGHT MOVEMENT ANGLE,CLOUDY,DRY,DAYLIGHT,STOP SIGN,NONE DETECTED,NONE DETECTED,58393357-70EA-4A1C-B7D2-839329657BA8,BICYCLIST,Cross/Enter at Intersection,NO IMPROPER ACTIONS,SIDEWALK,NO PED. SIGNAL,MIXED CLOTHING,No,NO APPARENT INJURY,NONE,39.25503333,-77.22318,"(39.25503333, -77.22318)"
DM8336001G,180000956,Takoma Park Police Depart,Property Damage Crash,01/07/2018 07:30:00 AM,Municipality,RITCHIE AVE,Municipality,MAPLE AVE,,TAKOMA PARK,OTHER,SINGLE VEHICLE,CLEAR,DRY,DAYLIGHT,N/A,NONE DETECTED,N/A,351D97BC-392B-4A74-982A-938DC1438D47,OTHER,Other,NO IMPROPER ACTIONS,SIDEWALK,N/A,N/A,No,NO APPARENT INJURY,N/A,38.98356833,-77.00642,"(38.98356833, -77.00642)"
DM8336000R,16019660,Takoma Park Police Depart,Injury Crash,04/21/2016 04:55:00 PM,Municipality,HOLTON LA,Municipality,JACKSON AVE,,TAKOMA PARK,PEDESTRIAN,OTHER,CLEAR,DRY,DAYLIGHT,N/A,NONE DETECTED,NONE DETECTED,4C64B792-A274-4F2E-870F-3BF817485E18,PEDESTRIAN,Standing,INATTENTIVE,N/A,N/A,UNKNOWN,Unknown,SUSPECTED MINOR INJURY,N/A,38.98579377,-76.99170068,"(38.98579377, -76.99170068)"
DM8207000F,15039378,TAKOMA,Injury Crash,08/07/2015 11:32:00 PM,Maryland (State),UNIVERSITY BLVD E,Unknown,PRINCE GEORGES CO/L,,N/A,PEDESTRIAN,SINGLE VEHICLE,CLEAR,DRY,DARK LIGHTS ON,NO CONTROLS,NONE DETECTED,ALCOHOL CONTRIBUTED,60A8DE91-863E-4535-934C-F0EEFDA36052,PEDESTRIAN,Cross/Enter not at Intersection,IN ROADWAY IMPROPERLY,ON ROADWAY NOT AT CROSSWALK,NO PED. SIGNAL,DARK CLOTHING,Yes,POSSIBLE INJURY,N/A,38.98825,-76.98681667,"(38.98825, -76.98681667)"
DM8451001K,180003504,Takoma Park Police Depart,Injury Crash,01/21/2018 05:35:00 PM,Maryland (State),PINEY BRANCH RD,Maryland (State),PHILADELPHIA AVE,,N/A,BICYCLIST,HEAD ON LEFT TURN,CLEAR,DRY,DUSK,TRAFFIC SIGNAL,ILLEGAL DRUG PRESENT,N/A,4C48BD67-8AB3-415F-ADA8-362EA285A052,BICYCLIST,Walking/Riding w/Traffic,NO IMPROPER ACTIONS,ON ROADWAY NOT AT CROSSWALK,N/A,MIXED CLOTHING,No,SUSPECTED SERIOUS INJURY,UNKNOWN,38.98332433,-77.01475383,"(38.98332433, -77.01475383)"
DM84370022,180064994,Takoma Park Police Depart,Injury Crash,12/29/2018 12:07:00 AM,Municipality,KIRKLYNN AVE,Municipality,HAMMOND AVE,,TAKOMA PARK,PEDESTRIAN,OTHER,CLEAR,WET,DARK LIGHTS ON,NO CONTROLS,UNKNOWN,NONE DETECTED,C5FE9C28-B8E4-47DA-B94D-8228A41888D5,PEDESTRIAN,Cross/Enter at Intersection,NO IMPROPER ACTIONS,ON ROADWAY NOT AT CROSSWALK,NO PED. SIGNAL,DARK CLOTHING,No,POSSIBLE INJURY,NONE,38.97810685,-77.01635761,"(38.97810685, -77.01635761)"
DM8423001S,180046427,Takoma Park Police Depart,Injury Crash,09/17/2018 10:30:00 AM,,,,,HOSPITAL PARKING LOT,,PEDESTRIAN,SINGLE VEHICLE,RAINING,,DAYLIGHT,NO CONTROLS,N/A,N/A,4CDDA846-2D6D-496F-89DA-0FE29F117706,PEDESTRIAN,Standing,OTHER,OTHER,N/A,MIXED CLOTHING,No,POSSIBLE INJURY,N/A,38.98473167,-76.999805,"(38.98473167, -76.999805)"
DM83520007,190037598,Takoma Park Police Depart,Injury Crash,08/07/2019 07:20:00 AM,Maryland (State),PHILADELPHIA AVE,Municipality,HOLLY AVE,,TAKOMA PARK,PEDESTRIAN,SINGLE VEHICLE,CLEAR,DRY,DAYLIGHT,STOP SIGN,N/A,N/A,93A2323A-36B9-45F4-B025-68BB41EE5222,PEDESTRIAN,Cross/Enter at Intersection,NO IMPROPER ACTIONS,AT INTERSECTION MARKED CROSSWALK,N/A,LIGHT CLOTHING,No,SUSPECTED MINOR INJURY,N/A,38.98217217,-77.0137995,"(38.98217217, -77.0137995)"
DM84210024,190028528,Takoma Park Police Depart,Injury Crash,06/14/2019 10:15:00 PM,,,,,"PARKING LOT OF THE 7/11, LOCATED AT 902 MERIMAC DRIVE",,PEDESTRIAN,SINGLE VEHICLE,CLEAR,,DARK LIGHTS ON,N/A,NONE DETECTED,NONE DETECTED,D9E74779-6954-4130-A07F-49509144A914,PEDESTRIAN,Standing,NO IMPROPER ACTIONS,SIDEWALK,N/A,MIXED CLOTHING,No,POSSIBLE INJURY,N/A,38.99270683,-76.9921405,"(38.99270683, -76.9921405)"
MCP2753004F,190037980,Montgomery County Police,Injury Crash,08/09/2019 12:38:00 PM,,,,,PARKING LOT OF 13781 CONNECTICUT AVE,,PEDESTRIAN,OTHER,CLEAR,,DAYLIGHT,NO CONTROLS,NONE DETECTED,NONE DETECTED,91441E91-F9BF-4938-97A2-E171C9AE16D3,PEDESTRIAN,Standing,NO IMPROPER ACTIONS,OTHER,N/A,MIXED CLOTHING,No,SUSPECTED MINOR INJURY,N/A,39.079755,-77.07929833,"(39.079755, -77.07929833)"
DM8339000J,16044435,Takoma Park Police Depart,Injury Crash,08/31/2016 01:55:00 PM,Maryland (State),UNIVERSITY BLVD,Unknown,ENT TO BUSINESS,,N/A,PEDESTRIAN,SINGLE VEHICLE,CLEAR,DRY,DAYLIGHT,TRAFFIC SIGNAL,NONE DETECTED,N/A,85C10D2B-81F6-48DA-94FE-18653F436D2E,PEDESTRIAN,Cross/Enter not at Intersection,IN ROADWAY IMPROPERLY,ON ROADWAY NOT AT CROSSWALK,NO PED. SIGNAL,UNKNOWN,No,SUSPECTED MINOR INJURY,N/A,38.99062116,-76.98955894,"(38.99062116, -76.98955894)"
DD5630001W,190037710,Rockville Police Departme,Injury Crash,08/07/2019 07:17:00 PM,Maryland (State),ROCKVILLE PIKE,Municipality,HALPINE RD,,ROCKVILLE,PEDESTRIAN,OTHER,CLEAR,DRY,DAWN,TRAFFIC SIGNAL,NONE DETECTED,NONE DETECTED,A6A75880-4CB9-4C17-92A4-136989148010,PEDESTRIAN,Cross/Enter at Intersection,NO IMPROPER ACTIONS,AT INTERSECTION MARKED CROSSWALK,OBEYED PED. SIGNAL,LIGHT CLOTHING,No,SUSPECTED MINOR INJURY,NONE,39.06227,-77.12410667,"(39.06227, -77.12410667)"
MCP2766004Z,190036594,Montgomery County Police,Injury Crash,07/31/2019 09:35:00 AM,,,,,PARKING LOT OF 3323 BEAVERWOOD LA,,PEDESTRIAN,SINGLE VEHICLE,CLEAR,,DARK NO LIGHTS,N/A,NONE DETECTED,NONE DETECTED,192C8072-CB2B-47D7-9005-426D860CD9CF,PEDESTRIAN,Other,NOT VISIBLE,OTHER,NO PED. SIGNAL,DARK CLOTHING,Yes,POSSIBLE INJURY,NONE,39.08741388,-77.06588645,"(39.08741388, -77.06588645)"
DM8437000Y,16036778,Takoma Park Police Depart,Injury Crash,07/20/2016 06:20:00 PM,Maryland (State),UNIVERSITY BLVD E,Municipality,MERRIMAC DR,,TAKOMA PARK,PEDESTRIAN,OTHER,CLEAR,DRY,DAYLIGHT,TRAFFIC SIGNAL,NONE DETECTED,NONE DETECTED,07B1EC1C-4308-4B65-8B3E-83EACE51D570,PEDESTRIAN,Cross/Enter at Intersection,DART DASH,ON ROADWAY AT CROSSWALK,DISOBEYED PED. SIGNAL,LIGHT CLOTHING,Yes,SUSPECTED SERIOUS INJURY,NONE,38.98154833,-77.0095,"(38.98154833, -77.0095)"
DM8445001H,17515696,Takoma Park Police Depart,Injury Crash,06/25/2017 02:55:00 PM,,,,,"COLLISION OCCURRED WITHIN THE LOT OF 7551 NEW HAMPSHIRE AVE. TAKOMA PARK, MD - CAR WASH",,"OTHER, PEDESTRIAN",SINGLE VEHICLE,CLEAR,,DAYLIGHT,N/A,,N/A,489625C1-9A77-44F5-AF9B-A7D3DA981E3F,OTHER,Other,N/A,N/A,N/A,N/A,Unknown,NO APPARENT INJURY,N/A,38.98556444,-76.98794156,"(38.98556444, -76.98794156)"
DM8338000Y,170540342,Takoma Park Police Depart,Injury Crash,11/01/2017 11:12:00 PM,Maryland (State),CARROLL AVE,Municipality,PARK AVE,,TAKOMA PARK,OTHER,SINGLE VEHICLE,CLEAR,DRY,DARK LIGHTS ON,NO CONTROLS,ALCOHOL PRESENT,N/A,5B9BF69C-7176-4017-94EE-96A3F6194276,OTHER,N/A,N/A,N/A,N/A,N/A,No,NO APPARENT INJURY,N/A,38.97597119,-77.0089674,"(38.97597119, -77.0089674)"
MCP158000BV,190037842,Montgomery County Police,Injury Crash,08/08/2019 02:14:00 PM,,,,,"PARKING LOT AREA OF 19110 MONTGOMERY VILLAGE AVE.  (BEHIND CVS STORE)   MOTGOMERY VILLAGE, MD 20886",,PEDESTRIAN,OTHER,CLEAR,,DAYLIGHT,N/A,NONE DETECTED,NONE DETECTED,EF3903AC-B579-42A9-937A-6C2128FDED45,PEDESTRIAN,Other,OTHER,OTHER,N/A,MIXED CLOTHING,No,SUSPECTED MINOR INJURY,N/A,39.17058,-77.205095,"(39.17058, -77.205095)"
DM83360023,180065347,Takoma Park Police Depart,Injury Crash,12/31/2018 02:21:00 PM,Municipality,RITCHIE AVE,Municipality,MAPLE AVE,,TAKOMA PARK,OTHER,OTHER,CLOUDY,DRY,DAYLIGHT,N/A,NONE DETECTED,N/A,AA26C537-4D37-4802-8946-46E5D21642AB,OTHER,Other,UNKNOWN,N/A,UNKNOWN,DARK CLOTHING,Unknown,NO APPARENT INJURY,N/A,38.98549667,-77.00757,"(38.98549667, -77.00757)"
DM8447000V,16015057,Takoma Park Police Depart,Injury Crash,03/27/2016 09:09:00 PM,Maryland (State),UNIVERSITY BLVD E,Municipality,MERRIMAC DR,,TAKOMA PARK,PEDESTRIAN,STRAIGHT MOVEMENT ANGLE,RAINING,WET,DARK LIGHTS ON,NO CONTROLS,NONE DETECTED,UNKNOWN,5441A21A-CD0E-47EF-BCFA-6D67B8B2FDF0,PEDESTRIAN,Cross/Enter not at Intersection,UNKNOWN,ON ROADWAY NOT AT CROSSWALK,NO PED. SIGNAL,MIXED CLOTHING,Yes,POSSIBLE INJURY,NONE,38.992718,-76.991393,"(38.992718, -76.991393)"
DM8463000L,180009268,Takoma Park Police Depart,Injury Crash,02/22/2018 03:18:00 PM,,,,,"PARKING LOT OF 6300 NEW HAMPSHIRE AVE, TAKOMA PARK, MD 20912",,PEDESTRIAN,SINGLE VEHICLE,RAINING,,DAYLIGHT,N/A,UNKNOWN,N/A,63F0D7A9-9EEC-47FC-B271-8A8ADD51072B,PEDESTRIAN,Standing,OTHER,OTHER,N/A,DARK CLOTHING,No,SUSPECTED SERIOUS INJURY,N/A,38.96627446,-77.00259447,"(38.96627446, -77.00259447)"
DM83390009,16000721,Takoma Park Police Depart,Injury Crash,01/05/2016 09:03:00 AM,Maryland (State),ETHAN ALLEN AVE,Unknown,ALLEY,,N/A,PEDESTRIAN,SAME DIRECTION RIGHT TURN,CLEAR,DRY,DAYLIGHT,NO CONTROLS,NONE DETECTED,NONE DETECTED,F8328DD1-5E75-4B01-B064-6A08DB52275E,PEDESTRIAN,Other,UNKNOWN,OTHER,NO PED. SIGNAL,DARK CLOTHING,No,SUSPECTED MINOR INJURY,N/A,38.97534167,-76.99543667,"(38.97534167, -76.99543667)"
DM8456001G,180004684,Takoma Park Police Depart,Injury Crash,01/27/2018 06:33:00 PM,Maryland (State),ETHAN ALLEN AVE,Municipality,ELM AVE,,TAKOMA PARK,BICYCLIST,SINGLE VEHICLE,CLEAR,DRY,DARK LIGHTS ON,STOP SIGN,NONE DETECTED,NONE DETECTED,C925E3F0-2465-4E5F-A4BE-380A1E821D96,BICYCLIST,Cross/Enter at Intersection,UNKNOWN,ON ROADWAY NOT AT CROSSWALK,OBEYED PED. SIGNAL,MIXED CLOTHING,Yes,SUSPECTED MINOR INJURY,NONE,38.98136,-77.01029333,"(38.98136, -77.01029333)"
DM8456000V,170514397,Takoma Park Police Depart,Injury Crash,06/18/2017 01:00:00 PM,Maryland (State),NEW HAMPSHIRE AVE,Maryland (State),UNIVERSITY BLVD,,N/A,PEDESTRIAN,N/A,CLEAR,DRY,DAYLIGHT,TRAFFIC SIGNAL,N/A,NONE DETECTED,FA0BCDC3-971A-4350-90F0-C687F2A519DE,PEDESTRIAN,Cross/Enter not at Intersection,DART DASH,ON ROADWAY NOT AT CROSSWALK,NO PED. SIGNAL,MIXED CLOTHING,Yes,POSSIBLE INJURY,NONE,38.98634,-76.98856167,"(38.98634, -76.98856167)"
DM8453000L,16052032,Takoma Park Police Depart,Injury Crash,10/10/2016 08:53:00 AM,Maryland (State),PHILADELPHIA AVE,Municipality,CHICAGO AVE,,TAKOMA PARK,PEDESTRIAN,OTHER,CLEAR,DRY,DAYLIGHT,N/A,NONE DETECTED,NONE DETECTED,AB8EF9FA-B6CE-44B5-A508-3A9F59997B1C,PEDESTRIAN,Cross/Enter at Intersection,UNKNOWN,AT INTERSECTION MARKED CROSSWALK,NO PED. SIGNAL,UNKNOWN,Unknown,SUSPECTED MINOR INJURY,N/A,38.98666317,-77.02147186,"(38.98666317, -77.02147186)"
DM8439001K,180008519,Takoma Park Police Depart,Injury Crash,02/18/2018 04:09:00 PM,Maryland (State),NEW HAMPSHIRE AVE,Municipality,HOLTON LA,,TAKOMA PARK,PEDESTRIAN,OTHER,CLEAR,DRY,DAYLIGHT,TRAFFIC SIGNAL,N/A,N/A,E7FE4403-D598-482A-9A73-E02B0CB10745,PEDESTRIAN,Cross/Enter at Intersection,NO IMPROPER ACTIONS,ON ROADWAY AT CROSSWALK,OBEYED PED. SIGNAL,LIGHT CLOTHING,No,POSSIBLE INJURY,N/A,38.98576833,-76.98817833,"(38.98576833, -76.98817833)"
DM8434001F,180026589,Takoma Park Police Depart,Injury Crash,05/30/2018 04:11:00 PM,,,,,1329 UNIVERSITY BLVD PARKING LOT,,PEDESTRIAN,SINGLE VEHICLE,CLEAR,,DAYLIGHT,TRAFFIC SIGNAL,NONE DETECTED,N/A,1647B396-8991-4635-BE15-542B072E516A,PEDESTRIAN,Cross/Enter at Intersection,N/A,AT INTERSECTION BUT NO CROSSWALK,NO PED. SIGNAL,LIGHT CLOTHING,No,POSSIBLE INJURY,NONE,38.987715,-76.98637667,"(38.987715, -76.98637667)"
DM8457000R,170533675,Takoma Park Police Depart,Injury Crash,09/28/2017 04:56:00 PM,Municipality,GRANT AVE #2,Municipality,CHESTNUT AVE,,TAKOMA PARK,"BICYCLIST, PEDESTRIAN",SAME DIRECTION RIGHT TURN,CLEAR,DRY,DAYLIGHT,NO CONTROLS,NONE DETECTED,N/A,A378C339-DE15-4FC2-BB49-0B9A80B095DF,PEDESTRIAN,Walking/Riding w/Traffic,NO IMPROPER ACTIONS,SIDEWALK,NO PED. SIGNAL,MIXED CLOTHING,No,SUSPECTED MINOR INJURY,N/A,38.98447403,-77.01421246,"(38.98447403, -77.01421246)"
MCP2411003L,190037883,Montgomery County Police,Injury Crash,08/08/2019 06:00:00 PM,Municipality,TWINBROOK PKWY,Municipality,MCAULIFFE DR,,ROCKVILLE,OTHER CONVEYANCE,STRAIGHT MOVEMENT ANGLE,CLEAR,DRY,DAYLIGHT,STOP SIGN,NONE DETECTED,NONE DETECTED,69944254-E773-4E06-8D7D-8AB32C56FA5D,OTHER CONVEYANCE,Cross/Enter at Intersection,NO IMPROPER ACTIONS,AT INTERSECTION BUT NO CROSSWALK,NO PED. SIGNAL,UNKNOWN,No,SUSPECTED MINOR INJURY,MC/BIKE HELMET,39.07446185,-77.11134739,"(39.07446185, -77.11134739)"