Report Number,Local Case Number,Agency Name,ACRS Report Type,Crash Date/Time,Route Type,Road Name,Cross-Street Type,Cross-Street Name,Off-Road Description,Municipality,Related Non-Motorist,Collision Type,Weather,Surface Condition,Light,Traffic Control,Driver Substance Abuse,Non-Motorist Substance Abuse,Person ID,Pedestrian Type,Pedestrian Movement,Pedestrian Actions,Pedestrian Location,Pedestrian Obeyed Traffic Signal,Pedestrian Visibility,At Fault,Injury Severity,Safety Equipment,Latitude,Longitude,Location
MCP271700R8,190058101,Montgomery County Police,Injury Crash,12/02/2019 05:50:00 PM,County,PARKLAWN DR,County,BOILING BROOK PKWY,,N/A,PEDESTRIAN,SINGLE VEHICLE,RAINING,WET,DARK LIGHTS ON,NO CONTROLS,NONE DETECTED,NONE DETECTED,516C9671-0C18-4B39-92CC-31FA999C7B61,PEDESTRIAN,Cross/Enter not at Intersection,DART DASH,ON ROADWAY NOT AT CROSSWALK,NO PED. SIGNAL,DARK CLOTHING,Yes,SUSPECTED MINOR INJURY,NONE,39.051108,-77.10514633,"(39.051108, -77.10514633)"
MCP3138002N,200044466,Montgomery County Police,Property Damage Crash,11/11/2020 07:50:00 PM,County,CONTINENTAL DR,County,GEORGE WASHINGTON DR,,N/A,BICYCLIST,OTHER,CLEAR,DRY,DARK NO LIGHTS,N/A,N/A,N/A,E8E93BE5-BF3F-4D5B-B9DA-B013F121B9A3,BICYCLIST,Walking/Riding w/Traffic,OTHER,ON ROADWAY NOT AT CROSSWALK,N/A,REAR REFLECTOR,No,NO APPARENT INJURY,MC/BIKE HELMET,39.13061875,-77.08827079,"(39.13061875, -77.08827079)"
MCP12130056,200014841,Montgomery County Police,Injury Crash,04/02/2020 08:20:00 PM,Maryland (State),NEW HAMPSHIRE AVE,County,RANDOLPH RD,,N/A,PEDESTRIAN,STRAIGHT MOVEMENT ANGLE,CLEAR,DRY,DARK LIGHTS ON,TRAFFIC SIGNAL,NONE DETECTED,UNKNOWN,613DD17C-BCBD-41E8-9297-96D115FDE8E0,PEDESTRIAN,Cross/Enter at Intersection,FAILURE TO YIELD RIGHT OF WAY,ON ROADWAY AT CROSSWALK,DISOBEYED PED. SIGNAL,DARK CLOTHING,Yes,POSSIBLE INJURY,NONE,39.07605333,-77.00231833,"(39.07605333, -77.00231833)"
MCP29630023,200014925,Montgomery County Police,Injury Crash,04/03/2020 06:11:00 PM,County,ROTHBURY DR,County,ARROWHEAD RD,,N/A,PEDESTRIAN,SINGLE VEHICLE,CLEAR,DRY,DAYLIGHT,STOP SIGN,NONE DETECTED,NONE DETECTED,6ED92AC6-708D-4598-AC49-3D2EC6305F75,PEDESTRIAN,Cross/Enter at Intersection,NO IMPROPER ACTIONS,AT INTERSECTION MARKED CROSSWALK,NO PED. SIGNAL,MIXED CLOTHING,No,POSSIBLE INJURY,NONE,39.18522333,-77.19406,"(39.18522333, -77.19406)"
MCP2797002L,200041075,Montgomery County Police,Property Damage Crash,10/18/2020 08:00:00 AM,County,BLOOMFIELD RD,County,ROLLING ACRES WAY,,N/A,OTHER,SINGLE VEHICLE,CLEAR,DRY,DAYLIGHT,NO CONTROLS,UNKNOWN,N/A,BABC3557-D50E-4ECA-9B66-0F3FF03A6FF0,OTHER,N/A,N/A,INSIDE BUILDING,N/A,N/A,No,NO APPARENT INJURY,N/A,39.16272801,-77.07300587,"(39.16272801, -77.07300587)"
MCP28460063,200027826,Montgomery County Police,Injury Crash,07/17/2020 08:15:00 PM,County,ELNORA ST,County,BLUERIDGE AVE,,N/A,PEDESTRIAN,SINGLE VEHICLE,CLEAR,DRY,DAYLIGHT,STOP SIGN,NONE DETECTED,NONE DETECTED,818D2142-3F2F-44A7-A253-5E52ED6B8D28,PEDESTRIAN,Cross/Enter not at Intersection,IN ROADWAY IMPROPERLY,ON ROADWAY NOT AT CROSSWALK,NO PED. SIGNAL,MIXED CLOTHING,Yes,SUSPECTED MINOR INJURY,NONE,39.04508833,-77.057435,"(39.04508833, -77.057435)"
MCP3038004N,200015789,Montgomery County Police,Property Damage Crash,04/13/2020 04:38:00 PM,County,CRESTMOOR DR,County,EASTMOOR DR,,N/A,OTHER,OTHER,CLEAR,DRY,DAYLIGHT,NO CONTROLS,N/A,N/A,329D54E9-A33E-4C28-8679-47420C3D7E45,OTHER,Cross/Enter at Intersection,DART DASH,ON ROADWAY NOT AT CROSSWALK,NO PED. SIGNAL,LIGHT CLOTHING,Yes,NO APPARENT INJURY,MC/BIKE HELMET,39.02700987,-77.0083001,"(39.02700987, -77.0083001)"
MCP28770084,200004579,Montgomery County Police,Injury Crash,01/28/2020 08:54:00 AM,County,DARCY FOREST DR,Maryland (State),FOREST GLEN RD,,N/A,PEDESTRIAN,OTHER,CLEAR,DRY,DAYLIGHT,STOP SIGN,NONE DETECTED,NONE DETECTED,ED953D28-34E9-4CF0-8F4D-6D8764BA8BC2,PEDESTRIAN,Cross/Enter at Intersection,NO IMPROPER ACTIONS,ON ROADWAY AT CROSSWALK,NO PED. SIGNAL,DARK CLOTHING,No,POSSIBLE INJURY,N/A,39.01540327,-77.04728511,"(39.01540327, -77.04728511)"
MCP2182002C,200015489,Montgomery County Police,Injury Crash,04/09/2020 06:30:00 AM,County,BEL PRE RD,County,CONNECTICUT AVE,,N/A,PEDESTRIAN,N/A,RAINING,WET,DAWN,TRAFFIC SIGNAL,NONE DETECTED,NONE DETECTED,4A1116D7-5886-4B02-986B-2CF4E53F7D11,PEDESTRIAN,Cross/Enter at Intersection,NO IMPROPER ACTIONS,ON ROADWAY AT CROSSWALK,UNKNOWN,DARK CLOTHING,Unknown,POSSIBLE INJURY,NONE,39.09193329,-77.07034303,"(39.09193329, -77.07034303)"
MCP3226000J,200016137,Montgomery County Police,Injury Crash,04/15/2020 02:00:00 PM,,,,,"PARKING LOT AT ALDI. 2223 BEL PRE RD, SILVER SPRING, MD 20906",,PEDESTRIAN,SINGLE VEHICLE,CLEAR,,DAYLIGHT,NO CONTROLS,UNKNOWN,N/A,E6FDB5F3-2843-4C04-B966-B8A7084F0FC9,PEDESTRIAN,Standing,NO IMPROPER ACTIONS,OTHER,N/A,UNKNOWN,No,SUSPECTED MINOR INJURY,NONE,39.09163296,-77.0472753,"(39.09163296, -77.0472753)"
MCP30240020,200016011,Montgomery County Police,Injury Crash,04/14/2020 03:46:00 PM,County,SKYLARK RD,County,SYCAMORE FARM DR,,N/A,BICYCLIST,SINGLE VEHICLE,CLEAR,N/A,DAYLIGHT,NO CONTROLS,N/A,N/A,A6613128-F4BF-4667-B438-E1CD1B405E95,BICYCLIST,Cross/Enter at Intersection,FAILURE TO YIELD RIGHT OF WAY,ON ROADWAY AT CROSSWALK,DISOBEYED PED. SIGNAL,MIXED CLOTHING,Yes,SUSPECTED SERIOUS INJURY,MC/BIKE HELMET,39.23808062,-77.25151427,"(39.23808062, -77.25151427)"
MCP29070028,200028086,Montgomery County Police,Injury Crash,07/20/2020 02:46:00 AM,Maryland (State),WISCONSIN AVE,Maryland (State),EAST WEST HWY (W/B COUPLET),,N/A,PEDESTRIAN,OTHER,CLEAR,DRY,DARK LIGHTS ON,TRAFFIC SIGNAL,NONE DETECTED,NONE DETECTED,285A6363-0D73-4869-A9AB-AF88C63DB7F6,PEDESTRIAN,Standing,IN ROADWAY IMPROPERLY,MEDIAN,NO PED. SIGNAL,MIXED CLOTHING,Yes,SUSPECTED SERIOUS INJURY,N/A,38.98449,-77.095,"(38.98449, -77.095)"
DD5625004K,200045132,Rockville Police Departme,Injury Crash,11/15/2020 06:20:00 PM,Municipality,WOOTTON PKWY,Municipality,FALLSMEAD WAY,,ROCKVILLE,PEDESTRIAN,OTHER,CLEAR,DRY,DARK NO LIGHTS,NO CONTROLS,NONE DETECTED,NONE DETECTED,51926177-1832-4008-8476-6EE1D9CF8E08,PEDESTRIAN,Cross/Enter at Intersection,NO IMPROPER ACTIONS,AT INTERSECTION MARKED CROSSWALK,NO PED. SIGNAL,DARK CLOTHING,No,POSSIBLE INJURY,NONE,39.0718583,-77.17858714,"(39.0718583, -77.17858714)"
MCP20080071,190059574,Montgomery County Police,Injury Crash,12/10/2019 08:01:00 PM,Maryland (State),OLD GEORGETOWN RD,Government,CENTER DR,,N/A,BICYCLIST,OTHER,RAINING,WET,DARK LIGHTS ON,TRAFFIC SIGNAL,NONE DETECTED,NONE DETECTED,47C5DE33-B3BA-456A-BDF7-B98528B44211,BICYCLIST,Cross/Enter at Intersection,NO IMPROPER ACTIONS,ON ROADWAY AT CROSSWALK,OBEYED PED. SIGNAL,DARK CLOTHING,No,SUSPECTED SERIOUS INJURY,NONE,39.00282667,-77.11020167,"(39.00282667, -77.11020167)"
MCP30700016,190059496,Montgomery County Police,Injury Crash,12/10/2019 10:30:00 AM,County,COMMERCE LA,Maryland (State),WISCONSIN AVE,,N/A,PEDESTRIAN,SINGLE VEHICLE,RAINING,WET,DAYLIGHT,TRAFFIC SIGNAL,N/A,N/A,22D8E7A3-5124-4FE6-86F9-B0854EBB2693,PEDESTRIAN,Cross/Enter at Intersection,UNKNOWN,AT INTERSECTION MARKED CROSSWALK,NO PED. SIGNAL,MIXED CLOTHING,Unknown,POSSIBLE INJURY,NONE,38.98592806,-77.09472495,"(38.98592806, -77.09472495)"
DD5642000K,190059738,Rockville Police Departme,Injury Crash,12/11/2019 05:10:00 PM,Maryland (State),HUNGERFORD DR,Municipality,PARK RD,,ROCKVILLE,PEDESTRIAN,OTHER,CLEAR,DRY,DARK LIGHTS ON,TRAFFIC SIGNAL,NONE DETECTED,NONE DETECTED,26FE3ED2-A554-46E1-A8C5-B4F45DC8079C,PEDESTRIAN,Cross/Enter at Intersection,FAILURE TO OBEY TRAFFIC SIGNS SIGNALS OR OFFICER,ON ROADWAY NOT AT CROSSWALK,DISOBEYED PED. SIGNAL,DARK CLOTHING,Yes,SUSPECTED MINOR INJURY,NONE,39.08537445,-77.14823534,"(39.08537445, -77.14823534)"
MCP3132001W,190058472,Montgomery County Police,Injury Crash,12/04/2019 05:16:00 PM,County,WESTBARD AVE,County,CROWN ST,,N/A,PEDESTRIAN,OTHER,CLOUDY,DRY,DARK NO LIGHTS,N/A,N/A,N/A,9947A624-F8E3-4DF5-897E-B3B408AFA3A7,PEDESTRIAN,Standing,NO IMPROPER ACTIONS,SIDEWALK,N/A,DARK CLOTHING,No,NO APPARENT INJURY,N/A,38.959845,-77.10820667,"(38.959845, -77.10820667)"
MCP3023003J,190058985,Montgomery County Police,Injury Crash,12/07/2019 06:45:00 AM,Maryland (State),GEORGIA AVE,Unknown,SPUR FR BEL PRE RD,,N/A,PEDESTRIAN,SINGLE VEHICLE,CLEAR,DRY,DAWN,PERSON,NONE DETECTED,NONE DETECTED,78FE6F7E-7278-4D89-9FE5-6229B3379D43,PEDESTRIAN,Cross/Enter at Intersection,NO IMPROPER ACTIONS,AT INTERSECTION MARKED CROSSWALK,N/A,MIXED CLOTHING,Yes,POSSIBLE INJURY,NONE,39.092865,-77.080142,"(39.092865, -77.080142)"
MCP2290002G,19059497,Montgomery County Police,Injury Crash,12/10/2019 01:10:00 PM,County,SHADY GROVE RD,County,COMPRINT CT,,N/A,PEDESTRIAN,SINGLE VEHICLE,RAINING,WET,DAYLIGHT,TRAFFIC SIGNAL,NONE DETECTED,NONE DETECTED,C3641830-2FCB-49F0-85B1-36507FAE3505,PEDESTRIAN,Cross/Enter not at Intersection,FAILURE TO OBEY TRAFFIC SIGNS SIGNALS OR OFFICER,ON ROADWAY NOT AT CROSSWALK,DISOBEYED PED. SIGNAL,MIXED CLOTHING,Yes,SUSPECTED MINOR INJURY,NONE,39.11886667,-77.18166,"(39.11886667, -77.18166)"
MCP115100BG,190059445,Montgomery County Police,Injury Crash,12/10/2019 08:30:00 AM,County,MIDDLEBROOK RD,Unknown,ENT TO BUSINESS,,N/A,PEDESTRIAN,OTHER,CLOUDY,WET,DAYLIGHT,NO CONTROLS,UNKNOWN,NONE DETECTED,2DA10919-577C-47F6-82C3-B782B6675207,PEDESTRIAN,Cross/Enter at Intersection,UNKNOWN,AT INTERSECTION BUT NO CROSSWALK,NO PED. SIGNAL,DARK CLOTHING,No,SUSPECTED MINOR INJURY,N/A,39.1758385,-77.25480717,"(39.1758385, -77.25480717)"
MCP271700RC,19005871,Montgomery County Police,Injury Crash,12/05/2019 06:17:00 PM,County,TRAVILAH RD,County,MOLECULAR DR,,N/A,PEDESTRIAN,SINGLE VEHICLE,CLEAR,DRY,DARK LIGHTS ON,NO CONTROLS,NONE DETECTED,NONE DETECTED,05A1580D-F8A4-4C7C-B1AA-2BC3C72379E3,PEDESTRIAN,Cross/Enter not at Intersection,IN ROADWAY IMPROPERLY,ON ROADWAY NOT AT CROSSWALK,NO PED. SIGNAL,MIXED CLOTHING,Yes,SUSPECTED SERIOUS INJURY,NONE,39.09233867,-77.21042967,"(39.09233867, -77.21042967)"
MCP2871006H,190058878,Montgomery County Police,Injury Crash,12/06/2019 04:57:00 PM,,,,,PARKING LOT OF 10901 WESTLAKE DR,,PEDESTRIAN,SINGLE VEHICLE,CLEAR,,DARK NO LIGHTS,STOP SIGN,NONE DETECTED,NONE DETECTED,425DDD14-3245-4770-A714-CCD9B7B53D5C,PEDESTRIAN,Cross/Enter at Intersection,FAILURE TO YIELD RIGHT OF WAY,AT INTERSECTION BUT NO CROSSWALK,NO PED. SIGNAL,DARK CLOTHING,Yes,SUSPECTED MINOR INJURY,NONE,39.035335,-77.14590667,"(39.035335, -77.14590667)"
DD56310038,190059546,Rockville Police Departme,Injury Crash,12/10/2019 05:30:00 PM,Municipality,MARYLAND AVE,Municipality,E MIDDLE LA,,ROCKVILLE,PEDESTRIAN,OTHER,RAINING,WET,DARK -- UNKNOWN LIGHTING,TRAFFIC SIGNAL,NONE DETECTED,NONE DETECTED,FFDC30FE-55F1-4085-8D8E-007B7150AF91,PEDESTRIAN,Cross/Enter at Intersection,NO IMPROPER ACTIONS,SIDEWALK,OBEYED PED. SIGNAL,DARK CLOTHING,No,SUSPECTED MINOR INJURY,NONE,39.085,-77.15128167,"(39.085, -77.15128167)"
MCP3132001W,190058472,Montgomery County Police,Injury Crash,12/04/2019 05:16:00 PM,County,WESTBARD AVE,County,CROWN ST,,N/A,PEDESTRIAN,OTHER,CLOUDY,DRY,DARK NO LIGHTS,N/A,N/A,N/A,2EE10F02-5D61-46DC-A608-93A98B0B6BEA,PEDESTRIAN,Cross/Enter not at Intersection,NO IMPROPER ACTIONS,ON ROADWAY AT CROSSWALK,N/A,DARK CLOTHING,No,SUSPECTED SERIOUS INJURY,NONE,38.959845,-77.10820667,"(38.959845, -77.10820667)"
MCP1389002M,190058902,Montgomery County Police,Injury Crash,12/06/2019 07:05:00 PM,,,,,PARKING LOT / SIDEWALK IN FRONT OF 451 NORTH FREDERICK AVENUE,,PEDESTRIAN,STRAIGHT MOVEMENT ANGLE,CLEAR,,DARK LIGHTS ON,N/A,NONE DETECTED,NONE DETECTED,59B1BC18-409E-467B-962F-8B7F6122A4E2,PEDESTRIAN,Walking/Cycling on Sidewalk,NO IMPROPER ACTIONS,SIDEWALK,NO PED. SIGNAL,MIXED CLOTHING,No,SUSPECTED SERIOUS INJURY,N/A,39.14816833,-77.20596,"(39.14816833, -77.20596)"
MCP29690080,190059575,Montgomery County Police,Injury Crash,12/10/2019 08:17:00 PM,Maryland (State),GEORGIA AVE,County,REEDIE DR,,N/A,PEDESTRIAN,STRAIGHT MOVEMENT ANGLE,RAINING,WET,DARK LIGHTS ON,TRAFFIC SIGNAL,NONE DETECTED,NONE DETECTED,816748B8-051B-484E-83CE-66E70A8011FE,PEDESTRIAN,Cross/Enter at Intersection,NO IMPROPER ACTIONS,ON ROADWAY AT CROSSWALK,OBEYED PED. SIGNAL,MIXED CLOTHING,No,POSSIBLE INJURY,NONE,39.03867825,-77.05076723,"(39.03867825, -77.05076723)"
EJ78730028,190059620,Gaithersburg Police Depar,Injury Crash,12/11/2019 07:56:00 AM,County,GOSHEN RD,Municipality,GIRARD ST,,GAITHERSBURG,PEDESTRIAN,SINGLE VEHICLE,CLEAR,WET,DAYLIGHT,TRAFFIC SIGNAL,NONE DETECTED,NONE DETECTED,1DE20B5D-D43F-410D-B636-DE5C02EA5CC4,PEDESTRIAN,Cross/Enter at Intersection,NO IMPROPER ACTIONS,AT INTERSECTION MARKED CROSSWALK,OBEYED PED. SIGNAL,MIXED CLOTHING,No,SUSPECTED MINOR INJURY,NONE,39.15093046,-77.19259594,"(39.15093046, -77.19259594)"
MCP2682001Z,190057928,Montgomery County Police,Injury Crash,12/02/2019 07:31:00 AM,County,CLUB HOUSE RD,County,MONTGOMERY VILLAGE AVE,,N/A,PEDESTRIAN,OTHER,CLEAR,DRY,DAYLIGHT,OTHER,UNKNOWN,NONE DETECTED,16362AD6-427C-45DB-AEC7-A92C06D730F2,PEDESTRIAN,Cross/Enter at Intersection,NO IMPROPER ACTIONS,AT INTERSECTION MARKED CROSSWALK,OBEYED PED. SIGNAL,MIXED CLOTHING,No,POSSIBLE INJURY,NONE,39.17452285,-77.20372112,"(39.17452285, -77.20372112)"
MCP229800QM,200003434,Montgomery County Police,Injury Crash,01/21/2020 03:22:00 PM,County,SHADY GROVE RD,Municipality,FALLSGROVE BLVD,,ROCKVILLE,PEDESTRIAN,OTHER,CLEAR,DRY,DAYLIGHT,TRAFFIC SIGNAL,NONE DETECTED,NONE DETECTED,A5592435-3078-44AB-BFF2-C126B29340BE,PEDESTRIAN,Cross/Enter not at Intersection,IN ROADWAY IMPROPERLY,ON ROADWAY NOT AT CROSSWALK,DISOBEYED PED. SIGNAL,MIXED CLOTHING,Yes,SUSPECTED SERIOUS INJURY,NONE,39.09712587,-77.19440379,"(39.09712587, -77.19440379)"
MCP31300026,200004280,Montgomery County Police,Property Damage Crash,01/26/2020 11:15:00 AM,,,,,"14030 CONNECTICUT AVE SILVER SPRING MD 20906
US POST OFFICE",,OTHER,SINGLE VEHICLE,CLOUDY,,DAYLIGHT,NO CONTROLS,NONE DETECTED,N/A,3FD0BA78-3CEF-4E01-9714-C77929064AF1,OTHER,N/A,N/A,OTHER,N/A,N/A,No,NO APPARENT INJURY,N/A,39.08646667,-77.07441167,"(39.08646667, -77.07441167)"
MCP2054000N,200001580,Montgomery County Police,Injury Crash,01/09/2020 10:00:00 PM,Maryland (State),COLESVILLE RD,US (State),COLESVILLE RD,,N/A,PEDESTRIAN,STRAIGHT MOVEMENT ANGLE,CLEAR,DRY,DARK LIGHTS ON,TRAFFIC SIGNAL,NONE DETECTED,NONE DETECTED,311DF0CD-EC65-4206-BDEB-91416908F871,PEDESTRIAN,Cross/Enter at Intersection,NO IMPROPER ACTIONS,ON ROADWAY AT CROSSWALK,OBEYED PED. SIGNAL,MIXED CLOTHING,No,SUSPECTED MINOR INJURY,NONE,38.99588296,-77.02821372,"(38.99588296, -77.02821372)"
MCP32120012,200003809,Montgomery County Police,Injury Crash,01/23/2020 03:47:00 PM,,,,,PRIVATE DRIVE OFF 10000 BRUNSWICK AVE,,PEDESTRIAN,OTHER,CLEAR,,DAYLIGHT,NO CONTROLS,NONE DETECTED,NONE DETECTED,52DCA9D6-297D-4611-B12D-9E8465DCAA58,PEDESTRIAN,Walking/Riding against Traffic,N/A,ON ROADWAY NOT AT CROSSWALK,NO PED. SIGNAL,MIXED CLOTHING,No,POSSIBLE INJURY,NONE,39.01943483,-77.05721367,"(39.01943483, -77.05721367)"
DD55270031,200004842,Rockville Police Departme,Injury Crash,01/29/2020 06:20:00 PM,Municipality,E GUDE DR,Municipality,TAFT CT,,ROCKVILLE,PEDESTRIAN,OTHER,CLEAR,DRY,DARK LIGHTS ON,TRAFFIC SIGNAL,NONE DETECTED,NONE DETECTED,B2FF3259-9888-406E-8CA1-DBB42F758D2B,PEDESTRIAN,Cross/Enter not at Intersection,FAILURE TO YIELD RIGHT OF WAY,ON ROADWAY NOT AT CROSSWALK,DISOBEYED PED. SIGNAL,DARK CLOTHING,Yes,SUSPECTED MINOR INJURY,NONE,39.09489167,-77.12065,"(39.09489167, -77.12065)"
MCP003600CW,200004646,Montgomery County Police,Injury Crash,01/28/2020 03:10:00 PM,,,,,PARKING LOT/BUS PICKUP KINGSVIEW MIDDLE SCHOOL 18909 KINGSVIEW RD,,PEDESTRIAN,SINGLE VEHICLE,CLOUDY,,DAYLIGHT,N/A,NONE DETECTED,NONE DETECTED,D37BE65D-0BAA-457C-A556-27FD256CA0BE,PEDESTRIAN,Standing,INATTENTIVE,CURB,N/A,DARK CLOTHING,No,POSSIBLE INJURY,NONE,39.16660067,-77.28542633,"(39.16660067, -77.28542633)"
MCP3039004M,200004175,Montgomery County Police,Injury Crash,01/25/2020 03:30:00 PM,Maryland (State),PINEY BRANCH RD,County,RITCHIE AVE,,N/A,PEDESTRIAN,OTHER,CLEAR,DRY,DAYLIGHT,NO CONTROLS,NONE DETECTED,NONE DETECTED,2A3BDBED-3A59-49CD-9B8C-EC62BB3EA770,PEDESTRIAN,Cross/Enter at Intersection,NO IMPROPER ACTIONS,ON ROADWAY AT CROSSWALK,NO PED. SIGNAL,MIXED CLOTHING,No,SUSPECTED MINOR INJURY,NONE,38.98837167,-77.01235,"(38.98837167, -77.01235)"
MCP2671002D,20004484,Montgomery County Police,Property Damage Crash,01/27/2020 04:50:00 PM,Maryland (State),EAST WEST HWY,Maryland (State),COLESVILLE RD,,N/A,PEDESTRIAN,SAME DIR REAR END,N/A,DRY,DAYLIGHT,NO CONTROLS,NONE DETECTED,NONE DETECTED,8DDD9188-4EE5-487D-98ED-F85B5B73B74E,PEDESTRIAN,Playing,DART DASH,SIDEWALK,N/A,LIGHT CLOTHING,Yes,NO APPARENT INJURY,NONE,39.11418,-77.19300667,"(39.11418, -77.19300667)"
MCP3053003R,200004077,Montgomery County Police,Property Damage Crash,01/24/2020 10:25:00 AM,Maryland (State),UNIVERSITY BLVD W,County,AMHERST AVE,,N/A,PEDESTRIAN,OTHER,CLEAR,DRY,DARK LIGHTS ON,TRAFFIC SIGNAL,N/A,N/A,3B10088B-46CF-4D32-BE12-1D86E53E8C6A,PEDESTRIAN,Cross/Enter at Intersection,UNKNOWN,AT INTERSECTION MARKED CROSSWALK,UNKNOWN,LIGHT CLOTHING,Unknown,NO APPARENT INJURY,NONE,39.04115833,-77.04794333,"(39.04115833, -77.04794333)"
MCP31130029,200004260,Montgomery County Police,Injury Crash,01/26/2020 06:50:00 AM,,,,,"PARKING LOT OF 11812 NEW HAMPSHIRE AVE, OUR LADY OF VIETNAM CHURCH",,PEDESTRIAN,OTHER,N/A,,DAWN,N/A,N/A,N/A,F95F3372-352F-4C05-8579-0A01B70B61F3,PEDESTRIAN,Cross/Enter not at Intersection,NO IMPROPER ACTIONS,ON ROADWAY NOT AT CROSSWALK,N/A,MIXED CLOTHING,No,SUSPECTED MINOR INJURY,NONE,39.05465031,-76.99516725,"(39.05465031, -76.99516725)"
MCP3070001C,200002541,Montgomery County Police,Injury Crash,01/15/2020 05:38:00 PM,,,,,PL OF 4301 WILLOW LN,,PEDESTRIAN,SINGLE VEHICLE,CLEAR,,DARK LIGHTS ON,NO CONTROLS,N/A,N/A,536D277C-E62F-46EA-864E-D0D2DA80F26E,PEDESTRIAN,Playing,INATTENTIVE,OTHER,N/A,LIGHT CLOTHING,No,SUSPECTED MINOR INJURY,NONE,38.98265833,-77.087775,"(38.98265833, -77.087775)"
MCP2198007G,200004032,Montgomery County Police,Injury Crash,01/24/2020 05:49:00 PM,Maryland (State),S FREDERICK RD,Municipality,FULKS CORNER AVE,,GAITHERSBURG,BICYCLIST,OPPOSITE DIRECTION SIDESWIPE,CLEAR,DRY,DARK LIGHTS ON,STOP SIGN,N/A,N/A,37CFDCBA-44D2-4906-BB9C-5C6C736BE4B1,BICYCLIST,Cross/Enter at Intersection,DART DASH,AT INTERSECTION BUT NO CROSSWALK,NO PED. SIGNAL,LIGHT CLOTHING,Yes,POSSIBLE INJURY,NONE,39.149585,-77.23332,"(39.149585, -77.23332)"
MCP2436009S,200015770,Montgomery County Police,Injury Crash,04/12/2020 12:50:00 PM,US (State),COLESVILLE RD,Maryland (State),UNIVERSITY BLVD E,,N/A,BICYCLIST,STRAIGHT MOVEMENT ANGLE,CLEAR,DRY,DAYLIGHT,TRAFFIC SIGNAL,NONE DETECTED,NONE DETECTED,3E75178E-4B0B-4D5D-B133-1806960462BC,BICYCLIST,Cross/Enter at Intersection,FAILURE TO OBEY TRAFFIC SIGNS SIGNALS OR OFFICER,ON ROADWAY AT CROSSWALK,DISOBEYED PED. SIGNAL,MIXED CLOTHING,Yes,SUSPECTED MINOR INJURY,NONE,39.02032231,-77.01283235,"(39.02032231, -77.01283235)"
MCP29510016,16007989,MONTGOMERY,Injury Crash,02/18/2016 08:29:00 AM,,,,,CVS PARKING LOT. 108 AND SPARTAN,,PEDESTRIAN,N/A,CLEAR,,DAYLIGHT,NO CONTROLS,N/A,NONE DETECTED,2C03A6EB-9486-400D-A008-5E101131EAB1,PEDESTRIAN,Standing,NO IMPROPER ACTIONS,OTHER,N/A,MIXED CLOTHING,No,POSSIBLE INJURY,NONE,39.1514126,-77.06323385,"(39.1514126, -77.06323385)"
MCP003600CJ,190060627,Montgomery County Police,Injury Crash,12/16/2019 05:23:00 PM,County,CENTURY BLVD,County,PINNACLE DR,,N/A,PEDESTRIAN,SINGLE VEHICLE,RAINING,WET,DARK LIGHTS ON,STOP SIGN,NONE DETECTED,NONE DETECTED,D291BCC2-2F2D-4EC0-9C06-68B67932A7DF,PEDESTRIAN,Cross/Enter at Intersection,NO IMPROPER ACTIONS,ON ROADWAY AT CROSSWALK,NO PED. SIGNAL,DARK CLOTHING,No,POSSIBLE INJURY,NONE,39.18250383,-77.26570667,"(39.18250383, -77.26570667)"
MCP3076002T,190060736,Montgomery County Police,Property Damage Crash,12/17/2019 12:41:00 PM,County,WAYNE AVE,County,FENTON ST,,N/A,PEDESTRIAN,SINGLE VEHICLE,CLOUDY,WET,DAYLIGHT,NO CONTROLS,NONE DETECTED,NONE DETECTED,7E04B6BB-DE30-43C8-8DA0-F27AFA9EF9CC,PEDESTRIAN,Cross/Enter not at Intersection,IN ROADWAY IMPROPERLY,OUTSIDE RIGHT OF WAY,NO PED. SIGNAL,DARK CLOTHING,Yes,NO APPARENT INJURY,NONE,38.99581021,-77.02368768,"(38.99581021, -77.02368768)"
MCP3109003G,190053471,Montgomery County Police,Property Damage Crash,11/06/2019 01:30:00 PM,,,,,DRIVEWAY AT 8120 GEORGIA AVE,,MACHINE OPERATOR/RIDER,STRAIGHT MOVEMENT ANGLE,CLEAR,,DAYLIGHT,NO CONTROLS,NONE DETECTED,NONE DETECTED,A9E7C80C-C0F0-4EC5-9600-47E117B9A6B4,MACHINE OPERATOR/RIDER,Walking/Cycling on Sidewalk,NO IMPROPER ACTIONS,SIDEWALK,NO PED. SIGNAL,DARK CLOTHING,No,NO APPARENT INJURY,NONE,38.99114467,-77.02677867,"(38.99114467, -77.02677867)"
MCP30220036,190060471,Montgomery County Police,Injury Crash,12/15/2019 05:47:00 PM,Maryland (State),RIDGE RD,County,BRINK RD,,N/A,BICYCLIST,OTHER,CLEAR,DRY,DARK LIGHTS ON,TRAFFIC SIGNAL,N/A,N/A,848DB32A-396F-4C75-8B68-8D966935E262,BICYCLIST,Cross/Enter at Intersection,NO IMPROPER ACTIONS,ON ROADWAY AT CROSSWALK,OBEYED PED. SIGNAL,DARK CLOTHING,No,SUSPECTED MINOR INJURY,MC/BIKE HELMET,39.21038167,-77.23994833,"(39.21038167, -77.23994833)"