Report Number,Local Case Number,Agency Name,ACRS Report Type,Crash Date/Time,Route Type,Road Name,Cross-Street Type,Cross-Street Name,Off-Road Description,Municipality,Related Non-Motorist,Collision Type,Weather,Surface Condition,Light,Traffic Control,Driver Substance Abuse,Non-Motorist Substance Abuse,Person ID,Pedestrian Type,Pedestrian Movement,Pedestrian Actions,Pedestrian Location,Pedestrian Obeyed Traffic Signal,Pedestrian Visibility,At Fault,Injury Severity,Safety Equipment,Latitude,Longitude,Location
MCP28210022,200028843,Montgomery County Police,Injury Crash,07/25/2020 05:38:00 AM,Maryland (State),WOODFIELD RD,County,BRENISH DR,,N/A,PEDESTRIAN,OTHER,CLEAR,DRY,DAWN,STOP SIGN,NONE DETECTED,NONE DETECTED,383E82DD-56C8-49D4-A53B-A8999E96C3FE,PEDESTRIAN,Cross/Enter at Intersection,UNKNOWN,UNKNOWN,N/A,DARK CLOTHING,Unknown,POSSIBLE INJURY,N/A,39.17833833,-77.150825,"(39.17833833, -77.150825)"
MCP0685005D,200006712,Montgomery County Police,Injury Crash,02/10/2020 06:41:00 AM,County,SHADY GROVE RD,County,CRABBS BRANCH WAY,,N/A,PEDESTRIAN,SINGLE VEHICLE,RAINING,WET,DARK LIGHTS ON,TRAFFIC SIGNAL,NONE DETECTED,NONE DETECTED,DE093DAD-8B8E-4114-B632-0EDB16D8162A,PEDESTRIAN,Cross/Enter at Intersection,N/A,ON ROADWAY AT CROSSWALK,OBEYED PED. SIGNAL,DARK CLOTHING,No,POSSIBLE INJURY,N/A,39.12878014,-77.16754976,"(39.12878014, -77.16754976)"
MCP3126001W,200006220,Montgomery County Police,Injury Crash,02/06/2020 06:30:00 PM,Maryland (State),RIDGE RD,County,OAK DR,,N/A,PEDESTRIAN,OTHER,RAINING,WET,DARK LIGHTS ON,TRAFFIC SIGNAL,NONE DETECTED,NONE DETECTED,0F87E570-9F0D-48B8-BF32-E436ED4FA1D2,PEDESTRIAN,Cross/Enter at Intersection,NO IMPROPER ACTIONS,ON ROADWAY AT CROSSWALK,DISOBEYED PED. SIGNAL,UNKNOWN,Yes,SUSPECTED SERIOUS INJURY,NONE,39.27527333,-77.21474,"(39.27527333, -77.21474)"
EJ78760021,200006389,Gaithersburg Police Depar,Injury Crash,02/07/2020 06:45:00 PM,,,,,323 COPLEY PL. PARKING LOT,,PEDESTRIAN,OTHER,CLEAR,,DARK LIGHTS ON,NO CONTROLS,NONE DETECTED,NONE DETECTED,7A1FA551-C781-460D-BC91-B193CD18ADB4,PEDESTRIAN,Cross/Enter not at Intersection,NOT VISIBLE,ON ROADWAY NOT AT CROSSWALK,N/A,DARK CLOTHING,Unknown,POSSIBLE INJURY,NONE,39.11559167,-77.20670833,"(39.11559167, -77.20670833)"
MCP9379002X,200006303,Montgomery County Police,Injury Crash,02/07/2020 11:30:00 AM,,,,,PARKING LOT OF 903 W EDMONSTON DR,,PEDESTRIAN,STRAIGHT MOVEMENT ANGLE,CLEAR,,DAYLIGHT,NO CONTROLS,NONE DETECTED,NONE DETECTED,58808274-094F-434D-A0D2-679192DBA9AE,PEDESTRIAN,Walking/Riding against Traffic,NO IMPROPER ACTIONS,SIDEWALK,NO PED. SIGNAL,LIGHT CLOTHING,No,SUSPECTED MINOR INJURY,N/A,39.07406667,-77.13548167,"(39.07406667, -77.13548167)"
MCP3114001T,200005694,Montgomery County Police,Injury Crash,02/03/2020 06:45:00 PM,,,,,1220 TECH ROAD/DRIVEWAY ENTRANCE OF WESTECH VILLAGE CENTER,,PEDESTRIAN,OTHER,CLEAR,,DARK LIGHTS ON,NO CONTROLS,NONE DETECTED,NONE DETECTED,1BC4042D-40F6-4F24-A953-C2E2DC8C747C,PEDESTRIAN,Cross/Enter at Intersection,NO IMPROPER ACTIONS,DRIVEWAY ACCESS MARKED CROSSWALK,NO PED. SIGNAL,DARK CLOTHING,No,SUSPECTED SERIOUS INJURY,NONE,39.05643922,-76.96700331,"(39.05643922, -76.96700331)"
MCP2372002V,200006789,Montgomery County Police,Injury Crash,02/10/2020 02:37:00 PM,County,LOCUST AVE,County,CEDAR LA,,N/A,BICYCLIST,STRAIGHT MOVEMENT ANGLE,RAINING,WET,DAYLIGHT,TRAFFIC SIGNAL,NONE DETECTED,NONE DETECTED,092524CD-80E8-4F06-A4B9-6AC97CFFB69F,BICYCLIST,Cross/Enter at Intersection,FAILURE TO OBEY TRAFFIC SIGNS SIGNALS OR OFFICER,OTHER,OTHER,DARK CLOTHING,Yes,SUSPECTED MINOR INJURY,MC/BIKE HELMET,39.00535717,-77.10445467,"(39.00535717, -77.10445467)"
MCP3197001B,200006682,Montgomery County Police,Injury Crash,02/09/2020 09:07:00 PM,Maryland (State),VEIRS MILL RD,County,CLARIDGE RD,,N/A,PEDESTRIAN,OTHER,CLEAR,DRY,DARK LIGHTS ON,TRAFFIC SIGNAL,NONE DETECTED,NONE DETECTED,99940A9A-8E21-49B1-8ACA-6A306B186D27,PEDESTRIAN,Cross/Enter at Intersection,NO IMPROPER ACTIONS,ON ROADWAY AT CROSSWALK,OBEYED PED. SIGNAL,DARK CLOTHING,No,SUSPECTED MINOR INJURY,NONE,39.04881333,-77.06892383,"(39.04881333, -77.06892383)"
MCP1305003Z,200006511,Montgomery County Police,Property Damage Crash,02/08/2020 02:52:00 PM,,,,,PARKING LOT AT 22 TINDALL SRPINGS CT,,OTHER,OTHER,CLEAR,,DAYLIGHT,NO CONTROLS,NONE DETECTED,N/A,C29B8ED9-C74D-4F71-8804-6A0CE6219D80,OTHER,N/A,NO IMPROPER ACTIONS,INSIDE BUILDING,N/A,N/A,No,NO APPARENT INJURY,N/A,39.18515167,-77.17692833,"(39.18515167, -77.17692833)"
MCP2513001W,200002066,Montgomery County Police,Injury Crash,01/14/2020 07:15:00 AM,,,,,"PARKING LOT OF PAINT BRANCH HIGH SCHOOL, LOCATED AT 14121 OLD COLUMBIA PIKE, BURTONSVILLE, MD 20877",,PEDESTRIAN,OTHER,CLEAR,,DAWN,N/A,NONE DETECTED,NONE DETECTED,DFA8FA9A-BE62-4907-B8D4-B0203A25CF0A,PEDESTRIAN,Walking to/from school,NO IMPROPER ACTIONS,OTHER,N/A,DARK CLOTHING,No,SUSPECTED SERIOUS INJURY,N/A,39.08461833,-76.946185,"(39.08461833, -76.946185)"
MCP3198001H,200006211,Montgomery County Police,Injury Crash,02/06/2020 06:10:00 PM,County,LUND CT,County,LUND PL,,N/A,PEDESTRIAN,OTHER,RAINING,WET,DARK NO LIGHTS,N/A,NONE DETECTED,NONE DETECTED,BEDA0A2D-E11C-455D-9198-7759324F052D,PEDESTRIAN,Cross/Enter at Intersection,NO IMPROPER ACTIONS,ON ROADWAY AT CROSSWALK,NO PED. SIGNAL,DARK CLOTHING,No,SUSPECTED MINOR INJURY,NONE,39.04133866,-77.07194293,"(39.04133866, -77.07194293)"
MCP3200001F,200006881,Montgomery County Police,Property Damage Crash,02/11/2020 07:36:00 AM,Maryland (State),ROCKVILLE PIKE,County,MARINELLI RD,,N/A,PEDESTRIAN,OTHER,RAINING,WET,DAWN,NO CONTROLS,NONE DETECTED,NONE DETECTED,41185652-81EC-4A3F-939A-6C7E4865D542,PEDESTRIAN,Walking/Cycling on Sidewalk,NO IMPROPER ACTIONS,SIDEWALK,NO PED. SIGNAL,MIXED CLOTHING,No,NO APPARENT INJURY,NONE,39.04611433,-77.11285967,"(39.04611433, -77.11285967)"
MCP2052001X,200001419,Montgomery County Police,Injury Crash,01/09/2020 12:16:00 AM,Maryland (State),FREDERICK RD,Unknown,WATKINS MILL RD,,N/A,PEDESTRIAN,SINGLE VEHICLE,CLEAR,DRY,DARK LIGHTS ON,N/A,NONE DETECTED,ALCOHOL CONTRIBUTED,26F66E35-C77F-4D14-BC27-E87BC4355DEA,PEDESTRIAN,Other,IN ROADWAY IMPROPERLY,ON ROADWAY NOT AT CROSSWALK,N/A,MIXED CLOTHING,Yes,SUSPECTED MINOR INJURY,NONE,39.1578164,-77.218591,"(39.1578164, -77.218591)"
MCP27390034,200006250,Montgomery County Police,Injury Crash,02/06/2020 10:02:00 PM,Maryland (State),UNIVERSITY BLVD W,County,SUTHERLAND RD,,N/A,PEDESTRIAN,SINGLE VEHICLE,RAINING,WET,DARK LIGHTS ON,N/A,NONE DETECTED,ALCOHOL CONTRIBUTED,161D89ED-46F9-4EFB-BC29-17B9C933FEDE,PEDESTRIAN,Cross/Enter not at Intersection,IN ROADWAY IMPROPERLY,ON ROADWAY NOT AT CROSSWALK,NO PED. SIGNAL,MIXED CLOTHING,Yes,POSSIBLE INJURY,NONE,39.02032667,-77.014,"(39.02032667, -77.014)"
MCP1305003Z,200006511,Montgomery County Police,Property Damage Crash,02/08/2020 02:52:00 PM,,,,,PARKING LOT AT 22 TINDALL SRPINGS CT,,OTHER,OTHER,CLEAR,,DAYLIGHT,NO CONTROLS,NONE DETECTED,N/A,1047418A-2B9B-4FBB-854C-C411F1445B52,OTHER,N/A,NO IMPROPER ACTIONS,INSIDE BUILDING,N/A,N/A,No,NO APPARENT INJURY,N/A,39.18515167,-77.17692833,"(39.18515167, -77.17692833)"
MCP3121003L,200036654,Montgomery County Police,Injury Crash,09/18/2020 06:07:00 PM,,,,,PARKING LOT IFO 19218 MONTGOMERY VILLAGE AVE,,PEDESTRIAN,OTHER,CLEAR,,DAYLIGHT,NO CONTROLS,NONE DETECTED,NONE DETECTED,77E948A8-45CB-49E2-A7D1-F2BFF3C1C7A4,PEDESTRIAN,Standing,NO IMPROPER ACTIONS,OTHER,N/A,DARK CLOTHING,No,POSSIBLE INJURY,NONE,39.172195,-77.204985,"(39.172195, -77.204985)"
MCP2866006J,200035248,Montgomery County Police,Injury Crash,09/08/2020 06:40:00 PM,Maryland (State),WISCONSIN AVE,County,W VIRGINIA AVE,,N/A,BICYCLIST,SINGLE VEHICLE,CLEAR,DRY,DAYLIGHT,NO CONTROLS,NONE DETECTED,NONE DETECTED,92365F76-B19B-4602-9618-89439AF9D871,BICYCLIST,Walking/Cycling on Sidewalk,WRONG WAY RIDING OR WALKING,SIDEWALK,NO PED. SIGNAL,MIXED CLOTHING,Yes,SUSPECTED MINOR INJURY,UNKNOWN,38.99043315,-77.09525553,"(38.99043315, -77.09525553)"
MCP3209001N,200036775,Montgomery County Police,Injury Crash,09/19/2020 05:58:00 PM,US (State),GEORGIA AVE,County,BONIFANT ST,,N/A,MACHINE OPERATOR/RIDER,OTHER,CLEAR,DRY,DAYLIGHT,TRAFFIC SIGNAL,NONE DETECTED,NONE DETECTED,63D83084-BA21-42FD-8F83-4BC89EF9EB32,MACHINE OPERATOR/RIDER,Cross/Enter not at Intersection,IN ROADWAY IMPROPERLY,ON ROADWAY NOT AT CROSSWALK,OBEYED PED. SIGNAL,MIXED CLOTHING,Yes,POSSIBLE INJURY,NONE,38.995595,-77.02453,"(38.995595, -77.02453)"
MCP3070001H,200023621,Montgomery County Police,Injury Crash,06/16/2020 04:00:00 PM,,,,,"4405 EAST WEST HWY BETHESDA, MD 20814",,PEDESTRIAN,OTHER,CLEAR,,DAYLIGHT,N/A,,N/A,80B2EE0C-5907-4BA0-BB94-4170A11DDEC7,PEDESTRIAN,Getting off/on Vehicle,DART DASH,OTHER,N/A,N/A,Yes,SUSPECTED MINOR INJURY,N/A,38.98585667,-77.09029,"(38.98585667, -77.09029)"
MCP3119002K,200023226,Montgomery County Police,Injury Crash,06/13/2020 09:10:00 AM,County,RIDGELINE DR,County,CLUB HOUSE RD,,N/A,BICYCLIST,OTHER,CLEAR,DRY,DAYLIGHT,STOP SIGN,NONE DETECTED,NONE DETECTED,86E5B470-034B-4799-AB90-C46EFF8CB555,BICYCLIST,Cross/Enter at Intersection,NO IMPROPER ACTIONS,SIDEWALK,NO PED. SIGNAL,LIGHT CLOTHING,No,POSSIBLE INJURY,MC/BIKE HELMET,39.17459633,-77.20492883,"(39.17459633, -77.20492883)"
MCP25940069,200022518,Montgomery County Police,Injury Crash,06/08/2020 11:30:00 AM,Maryland (State),GEORGIA AVE,County,EMORY LA,,N/A,BICYCLIST,SAME DIR REAR END,CLEAR,DRY,DAYLIGHT,TRAFFIC SIGNAL,NONE DETECTED,NONE DETECTED,A100255C-009E-48F9-968E-514DBADD6BA4,BICYCLIST,Standing,NO IMPROPER ACTIONS,ON ROADWAY NOT AT CROSSWALK,OBEYED PED. SIGNAL,REFLECTIVE MATERIAL,No,SUSPECTED MINOR INJURY,MC/BIKE HELMET,39.12596833,-77.0721995,"(39.12596833, -77.0721995)"
MCP2939004W,200023632,Montgomery County Police,Injury Crash,06/16/2020 05:10:00 PM,,,,,GLACIER LILY DR@ DOGWOOD HILLS DR,,BICYCLIST,STRAIGHT MOVEMENT ANGLE,CLEAR,,DAYLIGHT,STOP SIGN,NONE DETECTED,N/A,91FDF3B8-B481-4EFF-94F6-9166590E2111,BICYCLIST,Cross/Enter at Intersection,INATTENTIVE,AT INTERSECTION MARKED CROSSWALK,OTHER,MIXED CLOTHING,Yes,SUSPECTED MINOR INJURY,NONE,39.22867167,-77.24095833,"(39.22867167, -77.24095833)"
MCP20010019,200021694,Montgomery County Police,Fatal Crash,06/01/2020 06:29:00 PM,Maryland (State),OLD GEORGETOWN RD,County,EXECUTIVE BLVD,,N/A,OTHER,STRAIGHT MOVEMENT ANGLE,CLEAR,DRY,DAYLIGHT,TRAFFIC SIGNAL,NONE DETECTED,N/A,F56EE281-BC4C-48A9-B35D-B96F48164209,OTHER,Other Working,UNKNOWN,OTHER,N/A,UNKNOWN,No,FATAL INJURY,N/A,39.04816332,-77.11924964,"(39.04816332, -77.11924964)"
DD56240044,200022999,Rockville Police Departme,Injury Crash,06/11/2020 05:01:00 PM,Municipality,TALBOTT ST,Maryland (State),ROCKVILLE PIKE,,N/A,BICYCLIST,OTHER,CLEAR,DRY,DAYLIGHT,STOP SIGN,NONE DETECTED,NONE DETECTED,B81B52FE-4B61-438A-97B3-F70278747CFC,BICYCLIST,Walking/Cycling on Sidewalk,NO IMPROPER ACTIONS,ON ROADWAY AT CROSSWALK,NO PED. SIGNAL,MIXED CLOTHING,No,SUSPECTED MINOR INJURY,NONE,39.07097081,-77.1322223,"(39.07097081, -77.1322223)"
MCP1453008J,200022504,Montgomery County Police,Injury Crash,06/08/2020 08:54:00 AM,County,WYNNFIELD DR,County,FATHER HURLEY BLVD,,N/A,PEDESTRIAN,SINGLE VEHICLE,CLEAR,DRY,DAYLIGHT,TRAFFIC SIGNAL,NONE DETECTED,NONE DETECTED,D5940F54-DAB2-41DB-A385-9801DD910F7A,PEDESTRIAN,Cross/Enter at Intersection,NO IMPROPER ACTIONS,ON ROADWAY AT CROSSWALK,OBEYED PED. SIGNAL,MIXED CLOTHING,No,SUSPECTED SERIOUS INJURY,NONE,39.18655833,-77.27381,"(39.18655833, -77.27381)"
MCP1453008J,200022504,Montgomery County Police,Injury Crash,06/08/2020 08:54:00 AM,County,WYNNFIELD DR,County,FATHER HURLEY BLVD,,N/A,PEDESTRIAN,SINGLE VEHICLE,CLEAR,DRY,DAYLIGHT,TRAFFIC SIGNAL,NONE DETECTED,NONE DETECTED,8BA7FB64-2C70-47BC-A043-436DF8F39A4E,PEDESTRIAN,Cross/Enter at Intersection,NO IMPROPER ACTIONS,ON ROADWAY AT CROSSWALK,OBEYED PED. SIGNAL,MIXED CLOTHING,No,SUSPECTED MINOR INJURY,NONE,39.18655833,-77.27381,"(39.18655833, -77.27381)"
MCP3039004Y,200023798,Montgomery County Police,Property Damage Crash,06/17/2020 06:00:00 PM,US (State),GEORGIA AVE,Unknown,NW EASTERN AVE (DC MAINT),,N/A,PEDESTRIAN,OTHER,RAINING,WET,DAYLIGHT,TRAFFIC SIGNAL,UNKNOWN,NONE DETECTED,B7BD4AA3-489E-4D20-90B6-226F4C70048A,PEDESTRIAN,Cross/Enter at Intersection,NO IMPROPER ACTIONS,AT INTERSECTION BUT NO CROSSWALK,OBEYED PED. SIGNAL,MIXED CLOTHING,No,NO APPARENT INJURY,N/A,38.99099,-77.028035,"(38.99099, -77.028035)"
MCP32270012,200023436,Montgomery County Police,Property Damage Crash,06/15/2020 11:30:00 AM,Maryland (State),PINEY BRANCH RD,Other Public Roadway,NO NAME,,N/A,OTHER,SINGLE VEHICLE,CLEAR,DRY,DAYLIGHT,NO CONTROLS,NONE DETECTED,NONE DETECTED,597089A1-4692-48E9-B56D-227D221CBF8D,OTHER,N/A,NO IMPROPER ACTIONS,INSIDE BUILDING,N/A,N/A,No,NO APPARENT INJURY,N/A,39.00129294,-76.9853046,"(39.00129294, -76.9853046)"
MCP26860042,200022565,Montgomery County Police,Injury Crash,06/08/2020 03:58:00 PM,County,BARGENE WAY,County,WATERS LANDING DR,,N/A,BICYCLIST,STRAIGHT MOVEMENT ANGLE,CLEAR,DRY,DAYLIGHT,STOP SIGN,NONE DETECTED,NONE DETECTED,16547AA0-B086-48F1-B4A2-50456C0FB30B,BICYCLIST,Walking/Cycling on Sidewalk,DART DASH,SIDEWALK,NO PED. SIGNAL,MIXED CLOTHING,Yes,SUSPECTED MINOR INJURY,NONE,39.19088504,-77.27088048,"(39.19088504, -77.27088048)"
DD5595008Z,200037063,Rockville Police Departme,Injury Crash,09/20/2020 07:15:00 PM,Municipality,FLEET ST,Municipality,MONROE ST,,ROCKVILLE,PEDESTRIAN,SINGLE VEHICLE,CLEAR,DRY,DARK LIGHTS ON,TRAFFIC SIGNAL,UNKNOWN,N/A,BC45B69F-9A7A-4C3F-BE61-B0B86CAEEFBC,PEDESTRIAN,Cross/Enter not at Intersection,NO IMPROPER ACTIONS,ON ROADWAY AT CROSSWALK,OBEYED PED. SIGNAL,DARK CLOTHING,No,SUSPECTED MINOR INJURY,N/A,39.07908603,-77.15081067,"(39.07908603, -77.15081067)"
MCP3125002H,200036759,Montgomery County Police,Injury Crash,09/19/2020 03:15:00 PM,Maryland (State),DARNESTOWN RD,County,BLACKBERRY DR,,N/A,BICYCLIST,STRAIGHT MOVEMENT ANGLE,CLEAR,DRY,DAYLIGHT,NO CONTROLS,NONE DETECTED,NONE DETECTED,5D7F39E3-3309-4BC3-B19C-B2B6281EB9D7,BICYCLIST,Walking/Cycling on Sidewalk,INATTENTIVE,SIDEWALK,NO PED. SIGNAL,LIGHT CLOTHING,Yes,POSSIBLE INJURY,MC/BIKE HELMET,39.11688,-77.25004833,"(39.11688, -77.25004833)"
MCP3121003L,200036654,Montgomery County Police,Injury Crash,09/18/2020 06:07:00 PM,,,,,PARKING LOT IFO 19218 MONTGOMERY VILLAGE AVE,,PEDESTRIAN,OTHER,CLEAR,,DAYLIGHT,NO CONTROLS,NONE DETECTED,NONE DETECTED,1431735F-024A-4272-B7EF-DAB0B9AFC531,PEDESTRIAN,Standing,NO IMPROPER ACTIONS,OTHER,N/A,DARK CLOTHING,No,POSSIBLE INJURY,NONE,39.172195,-77.204985,"(39.172195, -77.204985)"
MCP271700SK,200036675,Montgomery County Police,Injury Crash,09/18/2020 08:10:00 PM,Ramp,RAMP 2 FR DEMOCRACY BLVD TO IS 270Y NB,County,DEMOCRACY BLVD,,N/A,PEDESTRIAN,OTHER,CLEAR,DRY,DARK LIGHTS ON,NO CONTROLS,UNKNOWN,NONE DETECTED,39170AD6-A938-4829-9396-8DE6B8C99774,PEDESTRIAN,Cross/Enter at Intersection,NO IMPROPER ACTIONS,ON ROADWAY AT CROSSWALK,NO PED. SIGNAL,MIXED CLOTHING,No,SUSPECTED MINOR INJURY,NONE,39.02155533,-77.13798733,"(39.02155533, -77.13798733)"
DD56360023,200023011,Rockville Police Departme,Injury Crash,06/11/2020 06:05:00 PM,Municipality,HALPINE RD,Maryland (State),ROCKVILLE PIKE,,N/A,OTHER,OTHER,CLEAR,DRY,DAYLIGHT,TRAFFIC SIGNAL,NONE DETECTED,NONE DETECTED,B0C9793E-8260-46D7-B1B4-20E43ED7A9A2,OTHER,Other,NO IMPROPER ACTIONS,ON ROADWAY AT CROSSWALK,OBEYED PED. SIGNAL,DARK CLOTHING,No,SUSPECTED MINOR INJURY,NONE,39.0618745,-77.1239235,"(39.0618745, -77.1239235)"
MCP3174001S,20007404,Montgomery County Police,Injury Crash,02/13/2020 06:27:00 PM,County,SNOUFFERS SCHOOL RD,County,FLOWER HILL WAY,,N/A,PEDESTRIAN,SINGLE VEHICLE,CLEAR,DRY,DARK LIGHTS ON,NO CONTROLS,NONE DETECTED,NONE DETECTED,9C59DA74-4BAE-4938-9372-93C7FBAC7DE2,PEDESTRIAN,Cross/Enter not at Intersection,FAILURE TO YIELD RIGHT OF WAY,ON ROADWAY NOT AT CROSSWALK,N/A,DARK CLOTHING,Yes,SUSPECTED SERIOUS INJURY,NONE,39.16728541,-77.17316182,"(39.16728541, -77.17316182)"
MCP28920083,200008379,Montgomery County Police,Property Damage Crash,02/19/2020 08:31:00 PM,Maryland (State),16TH ST,Maryland (State),EAST WEST HWY,,N/A,PEDESTRIAN,HEAD ON LEFT TURN,CLEAR,DRY,DARK LIGHTS ON,TRAFFIC SIGNAL,NONE DETECTED,NONE DETECTED,E5165965-7461-44F9-91FB-6E2762D01162,PEDESTRIAN,Cross/Enter at Intersection,NO IMPROPER ACTIONS,ON ROADWAY AT CROSSWALK,OBEYED PED. SIGNAL,MIXED CLOTHING,No,NO APPARENT INJURY,NONE,38.99472167,-77.036325,"(38.99472167, -77.036325)"
MCP24960013,200007811,Montgomery County Police,Injury Crash,02/10/2020 11:00:00 AM,,,,,"PARKING LOT OF 1400 FORESST GLEN RD, SILVER SPRING, MD, 20910",,PEDESTRIAN,SINGLE VEHICLE,N/A,,DAYLIGHT,NO CONTROLS,UNKNOWN,NONE DETECTED,2630AE04-1E20-4DCD-AD88-5808991854FA,PEDESTRIAN,Other,UNKNOWN,OTHER,N/A,MIXED CLOTHING,Unknown,POSSIBLE INJURY,NONE,39.01525056,-77.03437571,"(39.01525056, -77.03437571)"
MCP1227000V,190004078,Montgomery County Police,Fatal Crash,01/26/2019 12:03:00 AM,Maryland (State),LAYHILL RD,Other Public Roadway,GREENERY LA,,N/A,PEDESTRIAN,SINGLE VEHICLE,CLEAR,DRY,DARK LIGHTS ON,NO CONTROLS,NONE DETECTED,NONE DETECTED,63148ABF-E7B5-4782-A800-D8301F878238,PEDESTRIAN,Cross/Enter not at Intersection,UNKNOWN,OUTSIDE RIGHT OF WAY,NO PED. SIGNAL,DARK CLOTHING,No,FATAL INJURY,NONE,39.0609988,-77.05084079,"(39.0609988, -77.05084079)"
MCP24960011,200006722,Montgomery County Police,Injury Crash,02/10/2020 08:30:00 AM,County,ARCOLA AVE,County,OREBAUGH AVE,,N/A,PEDESTRIAN,SINGLE VEHICLE,RAINING,WET,DAYLIGHT,NO CONTROLS,NONE DETECTED,NONE DETECTED,3ED6AE77-1549-4EFE-B331-34959FC3733A,PEDESTRIAN,Cross/Enter at Intersection,NO IMPROPER ACTIONS,ON ROADWAY AT CROSSWALK,NO PED. SIGNAL,MIXED CLOTHING,No,SUSPECTED MINOR INJURY,NONE,39.04700702,-77.03655548,"(39.04700702, -77.03655548)"
MCP30570027,20007797,Montgomery County Police,Property Damage Crash,02/16/2020 09:21:00 AM,County,CENTURY BLVD,Other Public Roadway,CENTURY BLVD (BACK),,N/A,PEDESTRIAN,OTHER,CLOUDY,DRY,DAYLIGHT,N/A,NONE DETECTED,NONE DETECTED,8F0031B0-CF78-4D91-8C1A-A7AFC56330ED,PEDESTRIAN,Cross/Enter at Intersection,INATTENTIVE,AT INTERSECTION BUT NO CROSSWALK,N/A,LIGHT CLOTHING,No,NO APPARENT INJURY,N/A,39.18456052,-77.25964105,"(39.18456052, -77.25964105)"
MCP28920081,200008163,Montgomery County Police,Injury Crash,02/18/2020 06:32:00 PM,Maryland (State),COLESVILLE RD,County,SECOND AVE,,N/A,PEDESTRIAN,SINGLE VEHICLE,N/A,DRY,DARK LIGHTS ON,TRAFFIC SIGNAL,NONE DETECTED,NONE DETECTED,3A80F036-C235-44C4-8EE7-F81D02BF3AFF,PEDESTRIAN,Cross/Enter at Intersection,IN ROADWAY IMPROPERLY,ON ROADWAY AT CROSSWALK,DISOBEYED PED. SIGNAL,DARK CLOTHING,Yes,POSSIBLE INJURY,NONE,38.99484564,-77.03025644,"(38.99484564, -77.03025644)"
MCP31640035,200023225,Montgomery County Police,Injury Crash,06/13/2020 08:55:00 AM,Maryland (State),GEORGIA AVE,Maryland (State),UNIVERSITY BLVD W,,N/A,PEDESTRIAN,SINGLE VEHICLE,CLEAR,DRY,DAYLIGHT,TRAFFIC SIGNAL,UNKNOWN,NONE DETECTED,179C5F70-CE75-4AC3-8420-0B890038F34E,PEDESTRIAN,Cross/Enter at Intersection,NO IMPROPER ACTIONS,ON ROADWAY AT CROSSWALK,OBEYED PED. SIGNAL,DARK CLOTHING,No,SUSPECTED MINOR INJURY,NONE,39.04108876,-77.05137344,"(39.04108876, -77.05137344)"
MCP913000B3,200037029,Montgomery County Police,Injury Crash,09/21/2020 01:54:00 PM,US (State),COLUMBIA PIKE,County,HILLWOOD DR,,N/A,PEDESTRIAN,STRAIGHT MOVEMENT ANGLE,CLEAR,DRY,DAYLIGHT,NO CONTROLS,NONE DETECTED,NONE DETECTED,F76BBA9D-3B7F-450E-84CF-EE481ECD5DAD,PEDESTRIAN,Cross/Enter not at Intersection,FAILURE TO YIELD RIGHT OF WAY,ON ROADWAY NOT AT CROSSWALK,N/A,LIGHT CLOTHING,Yes,POSSIBLE INJURY,NONE,39.03246833,-77.003675,"(39.03246833, -77.003675)"
MCP30050055,200036016,Montgomery County Police,Injury Crash,09/14/2020 02:30:00 PM,County,ARCOLA AVE,County,KENBROOK DR,,N/A,MACHINE OPERATOR/RIDER,SINGLE VEHICLE,N/A,DRY,DAYLIGHT,STOP SIGN,NONE DETECTED,NONE DETECTED,8F35EC6B-3415-4650-9613-8CE54C76AE56,MACHINE OPERATOR/RIDER,Cross/Enter at Intersection,NO IMPROPER ACTIONS,AT INTERSECTION MARKED CROSSWALK,NO PED. SIGNAL,MIXED CLOTHING,No,POSSIBLE INJURY,NONE,39.03915333,-77.027725,"(39.03915333, -77.027725)"
DD5637001T,200036919,Rockville Police Departme,Injury Crash,09/20/2020 06:10:00 PM,Municipality,REDLAND BLVD,Municipality,THOMPSON DAIRY WAY,,ROCKVILLE,OTHER,OTHER,CLEAR,DRY,DAYLIGHT,TRAFFIC SIGNAL,,NONE DETECTED,793705A1-ABC4-4E23-8564-D7ACC3E3A122,OTHER,Cross/Enter at Intersection,UNKNOWN,ON ROADWAY AT CROSSWALK,DISOBEYED PED. SIGNAL,MIXED CLOTHING,Yes,SUSPECTED MINOR INJURY,MC/BIKE HELMET,39.1129475,-77.17159717,"(39.1129475, -77.17159717)"
MCP30050055,200036016,Montgomery County Police,Injury Crash,09/14/2020 02:30:00 PM,County,ARCOLA AVE,County,KENBROOK DR,,N/A,MACHINE OPERATOR/RIDER,SINGLE VEHICLE,N/A,DRY,DAYLIGHT,STOP SIGN,NONE DETECTED,NONE DETECTED,3E7F388C-5CE8-4632-90B2-9B75BA84E568,MACHINE OPERATOR/RIDER,Cross/Enter at Intersection,N/A,AT INTERSECTION MARKED CROSSWALK,NO PED. SIGNAL,MIXED CLOTHING,No,SUSPECTED MINOR INJURY,NONE,39.03915333,-77.027725,"(39.03915333, -77.027725)"