Report Number,Local Case Number,Agency Name,ACRS Report Type,Crash Date/Time,Route Type,Road Name,Cross-Street Type,Cross-Street Name,Off-Road Description,Municipality,Related Non-Motorist,Collision Type,Weather,Surface Condition,Light,Traffic Control,Driver Substance Abuse,Non-Motorist Substance Abuse,Person ID,Pedestrian Type,Pedestrian Movement,Pedestrian Actions,Pedestrian Location,Pedestrian Obeyed Traffic Signal,Pedestrian Visibility,At Fault,Injury Severity,Safety Equipment,Latitude,Longitude,Location
EJ7884000Q,200039679,Gaithersburg Police Depar,Injury Crash,10/08/2020 05:40:00 PM,County,MUDDY BRANCH RD,County,DIAMONDBACK DR,,N/A,PEDESTRIAN,N/A,CLEAR,DRY,DAYLIGHT,TRAFFIC SIGNAL,NONE DETECTED,NONE DETECTED,75A2642B-2EA3-4E11-BB1E-AA9A3E51EF76,PEDESTRIAN,Cross/Enter at Intersection,UNKNOWN,ON ROADWAY AT CROSSWALK,OBEYED PED. SIGNAL,N/A,No,SUSPECTED MINOR INJURY,N/A,39.11511135,-77.21595598,"(39.11511135, -77.21595598)"
MCP30050058,200039793,Montgomery County Police,Injury Crash,10/09/2020 02:40:00 PM,,,,,REAR PARKING LOT OF 3000 MCCOMAS AVE,,OTHER CONVEYANCE,SINGLE VEHICLE,CLEAR,,DAYLIGHT,NO CONTROLS,NONE DETECTED,NONE DETECTED,14A27C0D-694A-4E9D-A892-F60CE293844C,OTHER CONVEYANCE,Other,NO IMPROPER ACTIONS,OTHER,N/A,DARK CLOTHING,No,POSSIBLE INJURY,N/A,39.03172167,-77.06211167,"(39.03172167, -77.06211167)"
MCP3136003W,200039508,Montgomery County Police,Injury Crash,10/07/2020 02:46:00 PM,US (State),GEORGIA AVE,County,WAYNE AVE,,N/A,OTHER CONVEYANCE,N/A,CLEAR,DRY,DAYLIGHT,TRAFFIC SIGNAL,NONE DETECTED,NONE DETECTED,CEC8ED66-B42F-41AC-BB6D-3B01832B0864,OTHER CONVEYANCE,Walking/Riding w/Traffic,NO IMPROPER ACTIONS,IN BIKEWAY,N/A,N/A,No,SUSPECTED MINOR INJURY,N/A,38.99453757,-77.02685276,"(38.99453757, -77.02685276)"
MCP2348005S,200002572,Montgomery County Police,Fatal Crash,01/15/2020 08:41:00 PM,Maryland (State),ROCKVILLE PIKE,Municipality,ROLLINS AVE,,ROCKVILLE,PEDESTRIAN,SINGLE VEHICLE,CLEAR,DRY,DARK LIGHTS ON,TRAFFIC SIGNAL,NONE DETECTED,UNKNOWN,8B5E5D5B-C526-476F-829D-28228166602C,PEDESTRIAN,Unknown,UNKNOWN,UNKNOWN,UNKNOWN,DARK CLOTHING,Yes,FATAL INJURY,NONE,39.05748,-77.12031,"(39.05748, -77.12031)"
MCP3270000J,200039204,Montgomery County Police,Injury Crash,10/05/2020 04:22:00 PM,,,,,PARKING LOT 3661 TURBRIDGE DRIVE,,PEDESTRIAN,SINGLE VEHICLE,CLEAR,,DAYLIGHT,N/A,,N/A,78E38193-A853-43AB-A026-AB5AB25A4620,PEDESTRIAN,Getting off/on Vehicle,ENTERING EXITING PARKED STANDING VEHICLE,OTHER,N/A,LIGHT CLOTHING,Yes,SUSPECTED MINOR INJURY,NONE,39.0912075,-76.931871,"(39.0912075, -76.931871)"
MCP20080083,200035799,Montgomery County Police,Injury Crash,09/12/2020 05:15:00 PM,County,DEMOCRACY BLVD,County,SEVEN LOCKS RD,,N/A,BICYCLIST,HEAD ON LEFT TURN,CLOUDY,DRY,DAYLIGHT,TRAFFIC SIGNAL,NONE DETECTED,NONE DETECTED,39D2454B-638B-45D9-BE3D-3D2F11F90C5B,BICYCLIST,Cross/Enter at Intersection,FAILURE TO OBEY TRAFFIC SIGNS SIGNALS OR OFFICER,ON ROADWAY NOT AT CROSSWALK,DISOBEYED PED. SIGNAL,LIGHT CLOTHING,Yes,SUSPECTED MINOR INJURY,MC/BIKE HELMET,39.02323,-77.16216,"(39.02323, -77.16216)"
MCP9386007P,200039447,Montgomery County Police,Injury Crash,10/07/2020 08:30:00 AM,County,MICHAELS DR,County,FERNWOOD RD,,N/A,PEDESTRIAN,OTHER,CLEAR,DRY,DAYLIGHT,NO CONTROLS,NONE DETECTED,NONE DETECTED,B27BE46E-E672-4334-B359-930700679E80,PEDESTRIAN,Getting off/on Vehicle,DART DASH,ON ROADWAY NOT AT CROSSWALK,NO PED. SIGNAL,MIXED CLOTHING,Yes,SUSPECTED MINOR INJURY,N/A,39.01041167,-77.13343833,"(39.01041167, -77.13343833)"
MCP3009002V,200039493,Montgomery County Police,Injury Crash,10/07/2020 01:00:00 PM,County,APPLEDOWRE WAY,Maryland (State),FREDERICK RD,,N/A,BICYCLIST,N/A,CLEAR,DRY,DAYLIGHT,STOP SIGN,N/A,N/A,11A694C3-77C1-4E10-92CE-77D4BA599650,BICYCLIST,Cross/Enter at Intersection,NO IMPROPER ACTIONS,ON ROADWAY AT CROSSWALK,NO PED. SIGNAL,LIGHT CLOTHING,No,SUSPECTED MINOR INJURY,UNKNOWN,39.185635,-77.23936167,"(39.185635, -77.23936167)"
MCP2231005P,200040024,Montgomery County Police,Injury Crash,10/11/2020 12:39:00 PM,Municipality,MAIN ST,Maryland (State),DARNESTOWN RD,,N/A,BICYCLIST,SINGLE VEHICLE,CLOUDY,DRY,DAYLIGHT,TRAFFIC SIGNAL,NONE DETECTED,NONE DETECTED,59DAD8CF-D49A-40A2-B39C-6CD438F3FDC8,BICYCLIST,Cross/Enter at Intersection,NO IMPROPER ACTIONS,ON ROADWAY AT CROSSWALK,OBEYED PED. SIGNAL,MIXED CLOTHING,No,SUSPECTED MINOR INJURY,MC/BIKE HELMET,39.11239333,-77.24042667,"(39.11239333, -77.24042667)"
MCP3112004V,200039555,Montgomery County Police,Injury Crash,10/07/2020 07:00:00 PM,,,,,"PARKING LOT IN FRONT OF 5077 BRADLEY BLVD, CHEVY CHASE, MD",,PEDESTRIAN,OTHER,CLEAR,,DARK NO LIGHTS,N/A,NONE DETECTED,NONE DETECTED,19E023A9-F7A7-4ED3-BCD4-E67A63233AAD,PEDESTRIAN,Cross/Enter not at Intersection,NO IMPROPER ACTIONS,OTHER,N/A,DARK CLOTHING,No,SUSPECTED MINOR INJURY,N/A,38.9785653,-77.09983529,"(38.9785653, -77.09983529)"
MCP3165002G,200039752,Montgomery County Police,Injury Crash,10/09/2020 09:30:00 AM,County,MCKNEW RD,Maryland (State),SANDY SPRING RD,,N/A,PEDESTRIAN,SAME DIR REAR END,CLEAR,DRY,DAYLIGHT,N/A,NONE DETECTED,NONE DETECTED,BE3131D8-88B4-4473-95CD-023996A26891,PEDESTRIAN,Walking/Riding w/Traffic,NO IMPROPER ACTIONS,SHOULDER,NO PED. SIGNAL,DARK CLOTHING,No,POSSIBLE INJURY,NONE,39.10522,-76.91962833,"(39.10522, -76.91962833)"
MCP1301001F,200036830,Montgomery County Police,Fatal Crash,09/20/2020 12:49:00 AM,County,CARROLL AVE,Maryland (State),PINEY BRANCH RD,,N/A,PEDESTRIAN,SINGLE VEHICLE,CLEAR,DRY,DARK LIGHTS ON,NO CONTROLS,UNKNOWN,UNKNOWN,EAA7F008-5731-434E-82DE-5E6CBC4C825E,PEDESTRIAN,Unknown,UNKNOWN,ON ROADWAY NOT AT CROSSWALK,NO PED. SIGNAL,MIXED CLOTHING,Unknown,FATAL INJURY,NONE,38.998765,-76.99098833,"(38.998765, -76.99098833)"
DD5637001X,200039940,Rockville Police Departme,Property Damage Crash,10/10/2020 04:00:00 PM,,,,,PARKING LOT OF 1701 ROCKVILLE PIKE,,PEDESTRIAN,OTHER,CLOUDY,,DAYLIGHT,N/A,NONE DETECTED,NONE DETECTED,8A2B547F-1FE4-4144-9E86-14F5826E39A9,PEDESTRIAN,Standing,NO IMPROPER ACTIONS,OTHER,N/A,LIGHT CLOTHING,No,NO APPARENT INJURY,NONE,39.061456,-77.12415,"(39.061456, -77.12415)"
MCP2770002L,200040296,Montgomery County Police,Injury Crash,10/13/2020 12:45:00 PM,Maryland (State),FREDERICK RD,Municipality,PROFESSIONAL DR,,GAITHERSBURG,PEDESTRIAN,OTHER,CLEAR,N/A,DAYLIGHT,TRAFFIC SIGNAL,NONE DETECTED,NONE DETECTED,00A25C6E-B1D4-4408-9997-963F8555C168,PEDESTRIAN,Cross/Enter at Intersection,NO IMPROPER ACTIONS,ON ROADWAY AT CROSSWALK,OBEYED PED. SIGNAL,MIXED CLOTHING,No,SUSPECTED MINOR INJURY,N/A,39.16347213,-77.22623722,"(39.16347213, -77.22623722)"
MCP30930030,200039653,Montgomery County Police,Injury Crash,10/08/2020 03:02:00 PM,Maryland (State),EAST WEST HWY,County,MEADOWBROOK LA,,N/A,BICYCLIST,N/A,N/A,DRY,DAYLIGHT,TRAFFIC SIGNAL,N/A,N/A,CFBEDCF8-BB9C-4086-A037-159328614F11,BICYCLIST,Cross/Enter at Intersection,INATTENTIVE,ON ROADWAY AT CROSSWALK,DISOBEYED PED. SIGNAL,UNKNOWN,Yes,SUSPECTED MINOR INJURY,MC/BIKE HELMET,38.99254051,-77.06065823,"(38.99254051, -77.06065823)"
MCP2198008G,200048411,Montgomery County Police,Injury Crash,12/08/2020 06:28:00 PM,Municipality,KENTLANDS BLVD,Maryland (State),GREAT SENECA HWY,,N/A,PEDESTRIAN,SINGLE VEHICLE,CLEAR,DRY,DARK LIGHTS ON,NO CONTROLS,N/A,N/A,831D8427-A0F8-4989-B06F-6C4608B3367F,PEDESTRIAN,Cross/Enter at Intersection,DART DASH,SIDEWALK,N/A,UNKNOWN,Yes,POSSIBLE INJURY,N/A,39.12277333,-77.23328,"(39.12277333, -77.23328)"
MCP29360049,200047862,Montgomery County Police,Injury Crash,12/04/2020 07:50:00 PM,County,NICHOLSON LA,County,WOODGLEN DR,,N/A,PEDESTRIAN,OTHER,RAINING,WET,DARK LIGHTS ON,TRAFFIC SIGNAL,NONE DETECTED,NONE DETECTED,4029F7BB-D91C-445D-AF83-064D1E44A4B1,PEDESTRIAN,Cross/Enter at Intersection,NO IMPROPER ACTIONS,AT INTERSECTION MARKED CROSSWALK,OBEYED PED. SIGNAL,DARK CLOTHING,No,SUSPECTED MINOR INJURY,NONE,39.04512833,-77.11329333,"(39.04512833, -77.11329333)"
MCP3121003R,200044081,Montgomery County Police,Injury Crash,11/08/2020 04:15:00 PM,,,,,PARKING LOT IFO 18325 LOST KNIFE CIR.,,PEDESTRIAN,STRAIGHT MOVEMENT ANGLE,CLEAR,,DAYLIGHT,NO CONTROLS,NONE DETECTED,NONE DETECTED,5132DC20-D17D-4189-8416-3B2AB853B49E,PEDESTRIAN,Other Working,NO IMPROPER ACTIONS,OTHER,N/A,MIXED CLOTHING,No,POSSIBLE INJURY,N/A,39.15826071,-77.20168765,"(39.15826071, -77.20168765)"
EJ7866009J,200048190,Gaithersburg Police Depar,Injury Crash,12/07/2020 12:08:00 PM,Municipality,RUSSELL AVE,Municipality,MARYLAND AVE,,GAITHERSBURG,PEDESTRIAN,OTHER,CLEAR,DRY,DAYLIGHT,STOP SIGN,NONE DETECTED,NONE DETECTED,29B0A4BF-B709-4E3B-A6EA-AB3CD92501ED,PEDESTRIAN,Cross/Enter at Intersection,NO IMPROPER ACTIONS,ON ROADWAY AT CROSSWALK,N/A,MIXED CLOTHING,No,POSSIBLE INJURY,NONE,39.14851765,-77.19946173,"(39.14851765, -77.19946173)"
EJ7866009J,200048190,Gaithersburg Police Depar,Injury Crash,12/07/2020 12:08:00 PM,Municipality,RUSSELL AVE,Municipality,MARYLAND AVE,,GAITHERSBURG,PEDESTRIAN,OTHER,CLEAR,DRY,DAYLIGHT,STOP SIGN,NONE DETECTED,NONE DETECTED,02037026-53B2-440B-899C-EC17C8546201,PEDESTRIAN,Cross/Enter at Intersection,NO IMPROPER ACTIONS,ON ROADWAY AT CROSSWALK,N/A,LIGHT CLOTHING,No,POSSIBLE INJURY,NONE,39.14851765,-77.19946173,"(39.14851765, -77.19946173)"
MCP28920092,200048871,Montgomery County Police,Injury Crash,12/11/2020 05:34:00 PM,County,FENTON ST,County,WAYNE AVE,,N/A,PEDESTRIAN,SINGLE VEHICLE,CLEAR,DRY,DARK LIGHTS ON,NO CONTROLS,NONE DETECTED,NONE DETECTED,42577D65-7EAC-445B-BC0E-C859BB1A7CAA,PEDESTRIAN,Cross/Enter not at Intersection,DART DASH,ON ROADWAY NOT AT CROSSWALK,NO PED. SIGNAL,MIXED CLOTHING,Unknown,POSSIBLE INJURY,NONE,38.9971,-77.02420833,"(38.9971, -77.02420833)"
MCP12270019,200046895,Montgomery County Police,Fatal Crash,11/27/2020 10:10:00 PM,County,MONTROSE RD,Municipality,EVELYN DR,,ROCKVILLE,OTHER CONVEYANCE,SINGLE VEHICLE,CLEAR,DRY,DARK LIGHTS ON,STOP SIGN,NONE DETECTED,NONE DETECTED,2C52E907-9A40-4234-B281-13D7402423D9,OTHER CONVEYANCE,Cross/Enter at Intersection,INATTENTIVE,AT INTERSECTION BUT NO CROSSWALK,NO PED. SIGNAL,MIXED CLOTHING,Unknown,FATAL INJURY,NONE,39.0534085,-77.13325147,"(39.0534085, -77.13325147)"
MCP27260058,200048813,Montgomery County Police,Injury Crash,12/11/2020 12:26:00 PM,,,,,1600 BLOCK OF ROCKVILLE PIKE (CONGRESSIONAL PLAZA),,BICYCLIST,OTHER,CLEAR,,DAYLIGHT,NO CONTROLS,NONE DETECTED,NONE DETECTED,CCCD6E15-7717-436D-93EF-6B4BF8538464,BICYCLIST,Walking/Cycling on Sidewalk,N/A,SIDEWALK,N/A,MIXED CLOTHING,No,SUSPECTED MINOR INJURY,NONE,39.06297528,-77.12499665,"(39.06297528, -77.12499665)"
MCP913000BD,200049594,Montgomery County Police,Injury Crash,12/17/2020 06:15:00 AM,Maryland (State),UNIVERSITY BLVD E,Maryland (State),PINEY BRANCH RD,,N/A,PEDESTRIAN,SINGLE VEHICLE,CLEAR,ICE,DARK LIGHTS ON,TRAFFIC SIGNAL,UNKNOWN,NONE DETECTED,8F2891B5-09DB-45D6-B952-23542391FE75,PEDESTRIAN,Cross/Enter at Intersection,NO IMPROPER ACTIONS,MIDBLOCK MARKED CROSSWALK,OBEYED PED. SIGNAL,MIXED CLOTHING,No,POSSIBLE INJURY,NONE,38.99972721,-76.99528514,"(38.99972721, -76.99528514)"
MCP26250012,200049001,Montgomery County Police,Injury Crash,12/12/2020 01:40:00 PM,County,OVERLEA RD,County,SANGAMORE RD,,N/A,PEDESTRIAN,HEAD ON LEFT TURN,CLEAR,DRY,DAYLIGHT,TRAFFIC SIGNAL,UNKNOWN,N/A,07D954E7-6C2D-4F6E-8A84-AA9E38A6BC70,PEDESTRIAN,Cross/Enter at Intersection,NO IMPROPER ACTIONS,AT INTERSECTION MARKED CROSSWALK,OBEYED PED. SIGNAL,MIXED CLOTHING,No,SUSPECTED MINOR INJURY,N/A,38.95211721,-77.12087021,"(38.95211721, -77.12087021)"
EJ7873003C,200049103,Gaithersburg Police Depar,Injury Crash,12/13/2020 10:26:00 AM,Municipality,RAWLINGS RD,Municipality,HARMONY HALL RD,,GAITHERSBURG,PEDESTRIAN,OTHER,CLEAR,DRY,DAYLIGHT,NO CONTROLS,NONE DETECTED,NONE DETECTED,5267A784-F4D8-439E-878D-C73B0C513EAD,PEDESTRIAN,Getting off/on Vehicle,INATTENTIVE,ON ROADWAY NOT AT CROSSWALK,NO PED. SIGNAL,MIXED CLOTHING,No,POSSIBLE INJURY,NONE,39.13614704,-77.20229452,"(39.13614704, -77.20229452)"
MCP2767008M,200040705,Montgomery County Police,Injury Crash,10/15/2020 05:30:00 PM,,,,,"ON SIDEWALK IN FRONT OF 2624 WEISMAN RD., SILVER SPRING MD",,BICYCLIST,STRAIGHT MOVEMENT ANGLE,CLEAR,,DAYLIGHT,NO CONTROLS,NONE DETECTED,NONE DETECTED,739CFF5E-8C0E-4242-BF2C-1F9941D85FE9,BICYCLIST,Walking/Cycling on Sidewalk,NO IMPROPER ACTIONS,SIDEWALK,NO PED. SIGNAL,DARK CLOTHING,No,POSSIBLE INJURY,NONE,39.05484033,-77.05692455,"(39.05484033, -77.05692455)"
MCP3121003M,200039969,Montgomery County Police,Property Damage Crash,10/10/2020 08:00:00 PM,,,,,IFO 19508 BURLINGAME WAY MONTGOMERY VILLAGE MD 20886,,PEDESTRIAN,HEAD ON,CLEAR,,DARK LIGHTS ON,NO CONTROLS,UNKNOWN,NONE DETECTED,EF6D5B66-CC0D-4EC2-B874-4F99FC547351,PEDESTRIAN,Standing,NO IMPROPER ACTIONS,OTHER,N/A,DARK CLOTHING,No,NO APPARENT INJURY,NONE,39.17551415,-77.21163542,"(39.17551415, -77.21163542)"
DM8479000J,200031997,Takoma Park Police Depart,Injury Crash,08/16/2020 06:01:00 PM,Maryland (State),UNIVERSITY BLVD E,Unknown,PRINCE GEORGES CO/L,,N/A,PEDESTRIAN,OTHER,CLOUDY,DRY,DAYLIGHT,TRAFFIC SIGNAL,NONE DETECTED,NONE DETECTED,9740B3A7-4477-408D-A0BD-EAD0AB63330E,PEDESTRIAN,Cross/Enter at Intersection,NO IMPROPER ACTIONS,ON ROADWAY AT CROSSWALK,OBEYED PED. SIGNAL,MIXED CLOTHING,No,SUSPECTED MINOR INJURY,N/A,38.98794582,-76.98641554,"(38.98794582, -76.98641554)"
MCP2504005Z,200040526,Montgomery County Police,Injury Crash,10/14/2020 04:32:00 PM,County,TRAVILAH RD,County,PINEY MEETINGHOUSE RD,,N/A,BICYCLIST,STRAIGHT MOVEMENT ANGLE,CLEAR,DRY,DAYLIGHT,STOP SIGN,NONE DETECTED,NONE DETECTED,D35CA7D4-9F0A-4FF7-B772-FDAA998D5BC1,BICYCLIST,Walking/Riding w/Traffic,NO IMPROPER ACTIONS,ON ROADWAY NOT AT CROSSWALK,N/A,MIXED CLOTHING,No,SUSPECTED SERIOUS INJURY,MC/BIKE HELMET,39.08632667,-77.21847833,"(39.08632667, -77.21847833)"
MCP2395001N,200040507,Montgomery County Police,Injury Crash,10/14/2020 02:25:00 PM,Maryland (State),FISHER AVE,Municipality,FYFFE RD,,POOLESVILLE,BICYCLIST,SINGLE VEHICLE,CLEAR,DRY,DAYLIGHT,OTHER,NONE DETECTED,NONE DETECTED,EEA39DE7-EDE1-45FA-B072-393F372E0D1E,BICYCLIST,Cross/Enter at Intersection,NO IMPROPER ACTIONS,ON ROADWAY AT CROSSWALK,UNKNOWN,LIGHT CLOTHING,No,SUSPECTED MINOR INJURY,MC/BIKE HELMET,39.14494176,-77.41264201,"(39.14494176, -77.41264201)"
MCP2756003L,200041458,Montgomery County Police,Injury Crash,10/20/2020 07:57:00 PM,Maryland (State),GEORGIA AVE,County,REEDIE DR,,N/A,PEDESTRIAN,SAME DIRECTION SIDESWIPE,CLEAR,DRY,DARK LIGHTS ON,NO CONTROLS,NONE DETECTED,ALCOHOL PRESENT,6BB25EAB-0BAB-4A18-A556-8DEA4EFD3826,PEDESTRIAN,Cross/Enter not at Intersection,FAILURE TO YIELD RIGHT OF WAY,ON ROADWAY NOT AT CROSSWALK,NO PED. SIGNAL,DARK CLOTHING,Yes,POSSIBLE INJURY,NONE,39.03897333,-77.0517,"(39.03897333, -77.0517)"
MCP3121003M,200039969,Montgomery County Police,Property Damage Crash,10/10/2020 08:00:00 PM,,,,,IFO 19508 BURLINGAME WAY MONTGOMERY VILLAGE MD 20886,,PEDESTRIAN,HEAD ON,CLEAR,,DARK LIGHTS ON,NO CONTROLS,UNKNOWN,NONE DETECTED,4756E6B8-026E-48CF-8150-587F905CE5D0,PEDESTRIAN,Standing,NO IMPROPER ACTIONS,OTHER,N/A,DARK CLOTHING,No,NO APPARENT INJURY,NONE,39.17551415,-77.21163542,"(39.17551415, -77.21163542)"
MCP913000B6,200040911,Montgomery County Police,Injury Crash,10/17/2020 10:27:00 AM,Maryland (State),NEW HAMPSHIRE AVE,County,DILSTON RD,,N/A,PEDESTRIAN,SINGLE VEHICLE,CLEAR,DRY,DAYLIGHT,TRAFFIC SIGNAL,NONE DETECTED,NONE DETECTED,F04A547C-9FCD-4D50-BDA6-5780FF215312,PEDESTRIAN,Cross/Enter at Intersection,NO IMPROPER ACTIONS,ON ROADWAY AT CROSSWALK,OBEYED PED. SIGNAL,MIXED CLOTHING,No,POSSIBLE INJURY,NONE,39.01138699,-76.97903723,"(39.01138699, -76.97903723)"
DD5575001W,200041478,Rockville Police Departme,Injury Crash,10/20/2020 11:23:00 PM,Municipality,VEIRS MILL SERV RD,Municipality,CLAGETT DR,,ROCKVILLE,OTHER,OTHER,CLEAR,DRY,DARK LIGHTS ON,NO CONTROLS,UNKNOWN,NONE DETECTED,79666A22-F054-40A5-99F2-07027AA79483,OTHER,Walking/Riding w/Traffic,IN ROADWAY IMPROPERLY,ON ROADWAY NOT AT CROSSWALK,NO PED. SIGNAL,DARK CLOTHING,Yes,SUSPECTED MINOR INJURY,NONE,39.08361,-77.15354167,"(39.08361, -77.15354167)"
MCP29730057,200040243,Montgomery County Police,Injury Crash,10/12/2020 11:20:00 PM,Maryland (State),GEORGIA AVE,Other Public Roadway,GEORGIAN WAY,,N/A,PEDESTRIAN,OTHER,RAINING,WET,DARK LIGHTS ON,NO CONTROLS,N/A,N/A,24A4B5BC-399D-4F28-B480-D6E1EB191959,PEDESTRIAN,Cross/Enter not at Intersection,FAILURE TO YIELD RIGHT OF WAY,ON ROADWAY NOT AT CROSSWALK,NO PED. SIGNAL,DARK CLOTHING,Yes,POSSIBLE INJURY,N/A,39.05417941,-77.05045591,"(39.05417941, -77.05045591)"
MCP137800V1,200040671,Montgomery County Police,Injury Crash,10/15/2020 03:32:00 PM,,,,,PARKING LOT OF 9941 RIDGELINE DR,,OTHER CONVEYANCE,SINGLE VEHICLE,CLEAR,,DAYLIGHT,NO CONTROLS,NONE DETECTED,NONE DETECTED,3E7168BE-C729-46E3-AA46-2C3FBD122A42,OTHER CONVEYANCE,Playing,DART DASH,OTHER,NO PED. SIGNAL,MIXED CLOTHING,Yes,SUSPECTED SERIOUS INJURY,NONE,39.17504,-77.20462833,"(39.17504, -77.20462833)"
MCP3264000T,200039478,Montgomery County Police,Injury Crash,10/13/2020 10:52:00 AM,County,RANDOLPH RD,County,SELFRIDGE RD,,N/A,PEDESTRIAN,OTHER,CLEAR,UNKNOWN,DAYLIGHT,TRAFFIC SIGNAL,UNKNOWN,NONE DETECTED,C8D94281-C790-45FE-9A62-5030A40CAB11,PEDESTRIAN,Cross/Enter at Intersection,NO IMPROPER ACTIONS,ON ROADWAY AT CROSSWALK,OBEYED PED. SIGNAL,MIXED CLOTHING,No,SUSPECTED SERIOUS INJURY,NONE,39.05544307,-77.08376165,"(39.05544307, -77.08376165)"
MCP2639009Y,200040433,Montgomery County Police,Injury Crash,10/14/2020 08:10:00 AM,,,,,PARKING LOT OF 14101 GEORGIA AVE,,PEDESTRIAN,STRAIGHT MOVEMENT ANGLE,CLEAR,,DAYLIGHT,NO CONTROLS,UNKNOWN,NONE DETECTED,67FED444-FD33-4C75-9A6D-D2B5E9C811D6,PEDESTRIAN,Walking/Cycling on Sidewalk,NO IMPROPER ACTIONS,SIDEWALK,NO PED. SIGNAL,DARK CLOTHING,Unknown,POSSIBLE INJURY,NONE,39.08526063,-77.07821539,"(39.08526063, -77.07821539)"
EJ7870002W,200040056,Gaithersburg Police Depar,Injury Crash,10/11/2020 05:29:00 PM,,,,,"PARKING LOT, 316 KENTLANDS BLVD",,PEDESTRIAN,SINGLE VEHICLE,RAINING,,DAYLIGHT,NO CONTROLS,UNKNOWN,NONE DETECTED,8B8F78D6-7AA4-4337-A841-70C17FAAE534,PEDESTRIAN,Other,NO IMPROPER ACTIONS,OTHER,NO PED. SIGNAL,MIXED CLOTHING,No,POSSIBLE INJURY,NONE,39.12272129,-77.2374274,"(39.12272129, -77.2374274)"
MCP3126002C,200040224,Montgomery County Police,Property Damage Crash,10/12/2020 07:15:00 PM,Interstate (State),EISENHOWER MEMORIAL HWY,Unknown,EXIT #16,,N/A,PEDESTRIAN,SAME DIR REAR END,RAINING,WET,DARK LIGHTS ON,NO CONTROLS,NONE DETECTED,NONE DETECTED,4285FC3D-C52F-47C9-839A-489C6290C417,PEDESTRIAN,Cross/Enter not at Intersection,FAILURE TO YIELD RIGHT OF WAY,OTHER,NO PED. SIGNAL,OTHER,Yes,NO APPARENT INJURY,NONE,39.18905667,-77.25816833,"(39.18905667, -77.25816833)"
MCP3080002V,200040688,Montgomery County Police,Injury Crash,10/15/2020 04:28:00 PM,Maryland (State),GREAT SENECA HWY,Unknown,CLIMBING IVY DR,,N/A,PEDESTRIAN,OTHER,CLEAR,DRY,DAYLIGHT,TRAFFIC SIGNAL,NONE DETECTED,NONE DETECTED,969EC6CE-EA0B-4264-8C08-3FE9E527CF01,PEDESTRIAN,Cross/Enter at Intersection,NO IMPROPER ACTIONS,AT INTERSECTION MARKED CROSSWALK,OBEYED PED. SIGNAL,OTHER,No,POSSIBLE INJURY,NONE,39.16653148,-77.27062088,"(39.16653148, -77.27062088)"
MCP271700SP,200040528,Montgomery County Police,Injury Crash,10/14/2020 05:00:00 PM,Government,BEACH DR,County,OLD SPRING RD,,N/A,BICYCLIST,OTHER,CLEAR,DRY,DAYLIGHT,NO CONTROLS,NONE DETECTED,NONE DETECTED,FBFB5E6B-D564-4550-9A52-7A6674B9DF1F,BICYCLIST,Walking/Riding w/Traffic,NO IMPROPER ACTIONS,ON ROADWAY NOT AT CROSSWALK,NO PED. SIGNAL,MIXED CLOTHING,No,SUSPECTED MINOR INJURY,MC/BIKE HELMET,39.01167833,-77.06801983,"(39.01167833, -77.06801983)"
MCP3021005F,200041083,Montgomery County Police,Injury Crash,10/18/2020 12:30:00 PM,,,,,12012 CHERRY HILL RD - ALDI PARKING LOT,,PEDESTRIAN,SINGLE VEHICLE,CLEAR,,DAYLIGHT,NO CONTROLS,NONE DETECTED,NONE DETECTED,9981D314-3241-41E7-9F0E-0E7E947151E7,PEDESTRIAN,Standing,NO IMPROPER ACTIONS,OTHER,NO PED. SIGNAL,MIXED CLOTHING,No,POSSIBLE INJURY,N/A,39.052725,-76.95676833,"(39.052725, -76.95676833)"
MCP3150001L,200042420,Montgomery County Police,Injury Crash,10/27/2020 05:27:00 PM,,,,,PARKING LOT OF 12304 FEATHERWOOD DR SILVER SPRING MD,,PEDESTRIAN,N/A,CLEAR,,DAYLIGHT,NO CONTROLS,NONE DETECTED,NONE DETECTED,EADA2DCA-2005-4BF5-AD30-E7557BA25DBD,PEDESTRIAN,Other,FAILURE TO YIELD RIGHT OF WAY,ON ROADWAY NOT AT CROSSWALK,NO PED. SIGNAL,LIGHT CLOTHING,Yes,SUSPECTED MINOR INJURY,NONE,39.05905521,-76.9718918,"(39.05905521, -76.9718918)"
MCP3069002G,200041896,Montgomery County Police,Injury Crash,10/23/2020 06:55:00 PM,Maryland (State),ROCKVILLE PIKE,Maryland (State),STRATHMORE AVE,,N/A,PEDESTRIAN,SINGLE VEHICLE,CLEAR,DRY,DARK LIGHTS ON,TRAFFIC SIGNAL,NONE DETECTED,NONE DETECTED,F153E36A-D4D4-4FF9-BEF5-1AD30F3B0E7E,PEDESTRIAN,Cross/Enter at Intersection,NOT VISIBLE,ON ROADWAY AT CROSSWALK,OBEYED PED. SIGNAL,DARK CLOTHING,No,POSSIBLE INJURY,NONE,39.03483232,-77.10674684,"(39.03483232, -77.10674684)"