Report Number,Local Case Number,Agency Name,ACRS Report Type,Crash Date/Time,Route Type,Road Name,Cross-Street Type,Cross-Street Name,Off-Road Description,Municipality,Related Non-Motorist,Collision Type,Weather,Surface Condition,Light,Traffic Control,Driver Substance Abuse,Non-Motorist Substance Abuse,Person ID,Pedestrian Type,Pedestrian Movement,Pedestrian Actions,Pedestrian Location,Pedestrian Obeyed Traffic Signal,Pedestrian Visibility,At Fault,Injury Severity,Safety Equipment,Latitude,Longitude,Location
MCP14170079,170505844,Montgomery County Police,Injury Crash,05/04/2017 10:54:00 AM,,,,,PARKING LOT OF 417 N. FREDERICK ROAD,,PEDESTRIAN,SINGLE VEHICLE,N/A,,DAYLIGHT,NO CONTROLS,NONE DETECTED,NONE DETECTED,F3528174-F13B-46F2-8497-784D338894D4,PEDESTRIAN,Walking/Cycling on Sidewalk,NO IMPROPER ACTIONS,SIDEWALK,NO PED. SIGNAL,MIXED CLOTHING,No,SUSPECTED MINOR INJURY,NONE,39.1466118,-77.20472306,"(39.1466118, -77.20472306)"
MCP2967001L,16044742,Montgomery County Police,Injury Crash,09/01/2016 08:35:00 PM,Maryland (State),CONNECTICUT AVE,Municipality,RAYMOND ST,,CHEVY CHASE #3,PEDESTRIAN,SINGLE VEHICLE,RAINING,WET,DARK LIGHTS ON,TRAFFIC SIGNAL,N/A,N/A,7975393E-8274-4EF2-A5CA-A854F0F4CE16,PEDESTRIAN,Cross/Enter at Intersection,NO IMPROPER ACTIONS,ON ROADWAY AT CROSSWALK,OBEYED PED. SIGNAL,MIXED CLOTHING,No,SUSPECTED MINOR INJURY,NONE,38.97806833,-77.07701833,"(38.97806833, -77.07701833)"
MCP137800H6,170513692,Montgomery County Police,Injury Crash,06/14/2017 06:02:00 PM,Maryland (State),GREAT SENECA HWY,County,SAM EIG HWY,,N/A,BICYCLIST,STRAIGHT MOVEMENT ANGLE,CLEAR,DRY,DAYLIGHT,TRAFFIC SIGNAL,NONE DETECTED,NONE DETECTED,68C640B1-4C11-494F-B762-0D0073A94B4E,BICYCLIST,Cross/Enter at Intersection,NO IMPROPER ACTIONS,ON ROADWAY AT CROSSWALK,OBEYED PED. SIGNAL,DARK CLOTHING,No,SUSPECTED MINOR INJURY,MC/BIKE HELMET,39.10989667,-77.211555,"(39.10989667, -77.211555)"
MCP271700N1,190015706,Montgomery County Police,Property Damage Crash,04/04/2019 06:00:00 PM,Maryland (State),BRADLEY BLVD,County,KENTSDALE DR,,N/A,BICYCLIST,OTHER,CLEAR,DRY,DAYLIGHT,NO CONTROLS,NONE DETECTED,NONE DETECTED,E5A06DE1-5EA5-4756-85DE-C632CE7F21C0,BICYCLIST,Walking/Riding w/Traffic,NO IMPROPER ACTIONS,ON ROADWAY NOT AT CROSSWALK,NO PED. SIGNAL,MIXED CLOTHING,No,NO APPARENT INJURY,MC/BIKE HELMET,39.005084,-77.17620017,"(39.005084, -77.17620017)"
MCP0036002R,15043045,MONTGOMERY,Injury Crash,08/27/2015 04:04:00 PM,Maryland (State),RIDGE RD,Maryland (State),MAIN ST,,N/A,BICYCLIST,SINGLE VEHICLE,CLEAR,DRY,DAYLIGHT,NO CONTROLS,NONE DETECTED,NONE DETECTED,54AF657D-FCA7-440E-807D-4A8B5A421680,BICYCLIST,Walking/Riding w/Traffic,NO IMPROPER ACTIONS,ON ROADWAY NOT AT CROSSWALK,N/A,MIXED CLOTHING,No,SUSPECTED SERIOUS INJURY,NONE,39.28840503,-77.20512003,"(39.28840503, -77.20512003)"
DD5630000K,180047416,Rockville Police Departme,Injury Crash,09/22/2018 12:46:00 PM,Maryland (State),ROCKVILLE PIKE,Maryland (State),FIRST ST,,N/A,PEDESTRIAN,SINGLE VEHICLE,CLEAR,DRY,DAYLIGHT,NO CONTROLS,NONE DETECTED,NONE DETECTED,FDED0BBF-A126-4E7C-9646-D8E725EAAB97,PEDESTRIAN,Cross/Enter not at Intersection,IN ROADWAY IMPROPERLY,ON ROADWAY NOT AT CROSSWALK,NO PED. SIGNAL,DARK CLOTHING,Yes,SUSPECTED MINOR INJURY,NONE,39.07697,-77.13886167,"(39.07697, -77.13886167)"
MCP3007000F,16001665,Montgomery County Police,Injury Crash,01/09/2016 06:36:00 PM,County,RANDOLPH RD,County,BUSHEY DR,,N/A,PEDESTRIAN,OTHER,N/A,DRY,DARK LIGHTS ON,NO CONTROLS,NONE DETECTED,NONE DETECTED,1EF94930-69BC-4038-8466-684A27FFC987,PEDESTRIAN,Cross/Enter at Intersection,NO IMPROPER ACTIONS,ON ROADWAY AT CROSSWALK,NO PED. SIGNAL,DARK CLOTHING,No,SUSPECTED MINOR INJURY,NONE,39.05737235,-77.07796454,"(39.05737235, -77.07796454)"
MCP2818001W,16028823,Montgomery County Police,Injury Crash,06/08/2016 05:00:00 PM,Maryland (State),GEORGIA AVE,County,CAMERON ST,,N/A,PEDESTRIAN,OTHER,CLEAR,DRY,DAYLIGHT,TRAFFIC SIGNAL,NONE DETECTED,NONE DETECTED,4FE83547-1427-491C-8EE2-43C3D39EDAEE,PEDESTRIAN,Cross/Enter at Intersection,NO IMPROPER ACTIONS,AT INTERSECTION MARKED CROSSWALK,OBEYED PED. SIGNAL,MIXED CLOTHING,No,POSSIBLE INJURY,N/A,38.99769833,-77.02968333,"(38.99769833, -77.02968333)"
MCP2722002W,180005330,Montgomery County Police,Injury Crash,01/31/2018 02:27:00 PM,,,,,PARKING LOT OF 13517 GEORGIA AVE,,PEDESTRIAN,SINGLE VEHICLE,CLEAR,,DAYLIGHT,NO CONTROLS,N/A,N/A,D9504A53-C6DE-4C49-B4EB-5F63BA41D15A,PEDESTRIAN,Cross/Enter not at Intersection,DART DASH,ON ROADWAY NOT AT CROSSWALK,NO PED. SIGNAL,MIXED CLOTHING,No,POSSIBLE INJURY,NONE,39.07917167,-77.07151333,"(39.07917167, -77.07151333)"
MCP2799004L,180061322,Montgomery County Police,Injury Crash,12/13/2018 12:00:00 AM,County,CHERRY HILL RD,County,BROADBIRCH DR,,N/A,PEDESTRIAN,SINGLE VEHICLE,CLEAR,DRY,DARK LIGHTS ON,NO CONTROLS,ILLEGAL DRUG CONTRIBUTED,NONE DETECTED,A7BDDB32-BD6D-4D15-A8C4-EDF60BBCBD15,PEDESTRIAN,Other,OTHER,SHOULDER,N/A,DARK CLOTHING,No,SUSPECTED MINOR INJURY,NONE,39.09495667,-76.92988833,"(39.09495667, -76.92988833)"
MCP27220033,190005955,Montgomery County Police,Injury Crash,02/06/2019 06:45:00 PM,County,CONNECTICUT AVE,Maryland (State),GEORGIA AVE,,N/A,PEDESTRIAN,SINGLE VEHICLE,RAINING,WET,DARK LIGHTS ON,TRAFFIC SIGNAL,N/A,N/A,1F8328BB-54E0-40CB-9797-F385FEC22954,PEDESTRIAN,Cross/Enter at Intersection,NO IMPROPER ACTIONS,AT INTERSECTION MARKED CROSSWALK,OBEYED PED. SIGNAL,DARK CLOTHING,No,SUSPECTED MINOR INJURY,NONE,39.08376417,-77.07760769,"(39.08376417, -77.07760769)"
MCP26800027,180001167,Montgomery County Police,Injury Crash,01/08/2018 06:13:00 PM,Maryland (State),GEORGIA AVE,County,FENWICK LA,,N/A,PEDESTRIAN,STRAIGHT MOVEMENT ANGLE,SLEET,WET,DARK LIGHTS ON,OTHER,NONE DETECTED,NONE DETECTED,2DC8E4D5-B083-4D0C-B0B0-8E6CDB993541,PEDESTRIAN,Cross/Enter at Intersection,NO IMPROPER ACTIONS,AT INTERSECTION MARKED CROSSWALK,NO PED. SIGNAL,LIGHT CLOTHING,No,SUSPECTED MINOR INJURY,NONE,38.99821548,-77.03073889,"(38.99821548, -77.03073889)"
MCP29400007,16000092,Montgomery County Police,Property Damage Crash,01/05/2016 10:48:00 AM,County,MACARTHUR BLVD,County,STABLE LA,,N/A,BICYCLIST,SINGLE VEHICLE,CLOUDY,DRY,DAYLIGHT,NO CONTROLS,NONE DETECTED,NONE DETECTED,11FF6EBE-7C08-4146-83B6-921D40CE16DA,BICYCLIST,Walking/Riding w/Traffic,NO IMPROPER ACTIONS,ON ROADWAY NOT AT CROSSWALK,NO PED. SIGNAL,LIGHT CLOTHING,No,NO APPARENT INJURY,MC/BIKE HELMET,38.98223061,-77.22650528,"(38.98223061, -77.22650528)"
MCP2396000Q,15025472,Montgomery County Police,Injury Crash,05/27/2015 09:55:00 AM,Maryland (State),CONNECTICUT AVE,County,WELLER RD,,N/A,PEDESTRIAN,STRAIGHT MOVEMENT ANGLE,CLEAR,DRY,DAYLIGHT,OTHER,NONE DETECTED,NONE DETECTED,F3396858-22EE-4ECC-91FB-FD0323AD2307,PEDESTRIAN,Cross/Enter at Intersection,OTHER,AT INTERSECTION MARKED CROSSWALK,DISOBEYED PED. SIGNAL,MIXED CLOTHING,,SUSPECTED MINOR INJURY,N/A,39.06329864,-77.07331896,"(39.06329864, -77.07331896)"
MCP23110011,15052461,MONTGOMERY,Injury Crash,10/15/2015 11:47:00 PM,County,SHADY GROVE RD,County,CRABBS BRANCH WAY,,N/A,PEDESTRIAN,SINGLE VEHICLE,CLEAR,DRY,DARK NO LIGHTS,TRAFFIC SIGNAL,N/A,NONE DETECTED,690794B1-B2B3-4A96-BAD9-F6B302AA8DB7,PEDESTRIAN,Cross/Enter at Intersection,FAILURE TO OBEY TRAFFIC SIGNS SIGNALS OR OFFICER,AT INTERSECTION MARKED CROSSWALK,DISOBEYED PED. SIGNAL,DARK CLOTHING,No,SUSPECTED MINOR INJURY,NONE,39.12878333,-77.16697833,"(39.12878333, -77.16697833)"
MCP1580002L,15006082,Montgomery County Police,Injury Crash,02/06/2015 02:50:00 PM,County,WATKINS MILL RD,County,CLUB HOUSE RD,,N/A,PEDESTRIAN,SINGLE VEHICLE,CLEAR,DRY,DAYLIGHT,NO CONTROLS,NONE DETECTED,NONE DETECTED,6C3EE99A-6885-4507-9B59-04E78E2C0620,PEDESTRIAN,Cross/Enter not at Intersection,DART DASH,ON ROADWAY NOT AT CROSSWALK,N/A,MIXED CLOTHING,,SUSPECTED MINOR INJURY,N/A,39.17241,-77.20805167,"(39.17241, -77.20805167)"
MCP2358004N,180018877,Montgomery County Police,Property Damage Crash,04/18/2018 08:36:00 AM,County,WINSTON DR,Maryland (State),RIVER RD,,N/A,BICYCLIST,OTHER,CLEAR,DRY,DAYLIGHT,TRAFFIC SIGNAL,NONE DETECTED,NONE DETECTED,8162FCCF-CAE7-41AF-B95E-FB5B240A9746,BICYCLIST,Walking/Riding w/Traffic,NO IMPROPER ACTIONS,OTHER,N/A,LIGHT CLOTHING,Unknown,NO APPARENT INJURY,MC/BIKE HELMET,38.975546,-77.126119,"(38.975546, -77.126119)"
MCP13780040,15003250,Montgomery County Police,Injury Crash,01/20/2015 06:53:00 PM,,,,,PARKING LOT OF 9235 HUMMINGBIRD TERR,,PEDESTRIAN,SINGLE VEHICLE,CLOUDY,,DARK LIGHTS ON,N/A,NONE DETECTED,NONE DETECTED,9D01B1C8-C8CC-4243-AD66-28049C4CC06E,PEDESTRIAN,Other,NO IMPROPER ACTIONS,OTHER,N/A,MIXED CLOTHING,,SUSPECTED MINOR INJURY,N/A,39.16101167,-77.190915,"(39.16101167, -77.190915)"
DD55080046,180001084,Rockville Police Departme,Injury Crash,01/08/2018 08:56:00 AM,,,,,PARKING LOT OF 1514 DUNSTER RD,,PEDESTRIAN,OTHER,CLOUDY,,DAYLIGHT,N/A,NONE DETECTED,NONE DETECTED,7FEEB997-092F-413E-8FDD-6DD20501B724,PEDESTRIAN,Standing,NO IMPROPER ACTIONS,OTHER,N/A,MIXED CLOTHING,No,SUSPECTED MINOR INJURY,NONE,39.06250667,-77.17491,"(39.06250667, -77.17491)"
MCP2617006Q,180064692,Montgomery County Police,Injury Crash,12/27/2018 10:40:00 AM,County,BRIGHTVIEW ST,County,CONNECTICUT AVE SERVICE RD,,N/A,PEDESTRIAN,OTHER,N/A,DRY,DAYLIGHT,NO CONTROLS,NONE DETECTED,NONE DETECTED,BCF8E6C3-7BA5-49F9-9641-B06AAE450499,PEDESTRIAN,Cross/Enter not at Intersection,UNKNOWN,ON ROADWAY NOT AT CROSSWALK,NO PED. SIGNAL,DARK CLOTHING,No,SUSPECTED MINOR INJURY,NONE,39.12640667,-77.072385,"(39.12640667, -77.072385)"
HA23050005,18001634,Maryland-National Capital,Injury Crash,11/26/2018 05:13:00 PM,Government,BEACH DR,Government,NO NAME,,N/A,PEDESTRIAN,HEAD ON LEFT TURN,CLEAR,DRY,DARK NO LIGHTS,STOP SIGN,UNKNOWN,NONE DETECTED,1D76FD69-5316-4A8A-9E07-D39E45AF31B5,PEDESTRIAN,Cross/Enter at Intersection,NO IMPROPER ACTIONS,ON ROADWAY AT CROSSWALK,NO PED. SIGNAL,MIXED CLOTHING,No,POSSIBLE INJURY,N/A,39.05922167,-77.06507833,"(39.05922167, -77.06507833)"
MCP2962001C,170514059,Montgomery County Police,Injury Crash,06/16/2017 02:21:00 PM,County,OBSERVATION DR,County,RIDGE RD,,N/A,OTHER,OTHER,CLEAR,DRY,DAYLIGHT,PERSON,UNKNOWN,N/A,85E92FA0-FFE6-4902-A9F4-DE2A6AD1B875,OTHER,Other Working,N/A,OTHER,N/A,REFLECTIVE MATERIAL,No,NO APPARENT INJURY,N/A,39.20205068,-77.25325495,"(39.20205068, -77.25325495)"
MCP25940053,190008179,Montgomery County Police,Injury Crash,02/20/2019 08:57:00 AM,,,,,ALLEY BEHIND NEW HAMPSHIRE AVE,,PEDESTRIAN,OTHER,SNOW,,DAYLIGHT,NO CONTROLS,NONE DETECTED,NONE DETECTED,1EBE7F3A-A5C2-432C-B140-7586A4E1D8A5,PEDESTRIAN,Other,OTHER,OTHER,NO PED. SIGNAL,MIXED CLOTHING,No,SUSPECTED MINOR INJURY,NONE,39.12263533,-77.0006365,"(39.12263533, -77.0006365)"
MCP2951002H,180007798,Montgomery County Police,Injury Crash,02/14/2018 05:16:00 PM,,,,,PARKING LOT OF 13671 GEORGIA AVE SILVER SPRING MD 20906,,PEDESTRIAN,OTHER,CLEAR,,DAYLIGHT,NO CONTROLS,NONE DETECTED,NONE DETECTED,1C488BE5-7957-495A-915E-A51B07CB4D35,PEDESTRIAN,Other,NO IMPROPER ACTIONS,OTHER,NO PED. SIGNAL,MIXED CLOTHING,No,POSSIBLE INJURY,N/A,39.079834,-77.07288167,"(39.079834, -77.07288167)"
MCP29840011,180056926,Montgomery County Police,Injury Crash,11/12/2018 07:30:00 AM,Maryland (State),GREAT SENECA HWY,Maryland (State),CLOPPER RD,,N/A,PEDESTRIAN,OTHER,N/A,DRY,DAYLIGHT,TRAFFIC SIGNAL,UNKNOWN,N/A,3BE65B21-A7EB-4769-B664-1F4A1CEDC094,PEDESTRIAN,Cross/Enter at Intersection,INATTENTIVE,AT INTERSECTION MARKED CROSSWALK,OBEYED PED. SIGNAL,UNKNOWN,No,SUSPECTED MINOR INJURY,N/A,39.15906485,-77.27519333,"(39.15906485, -77.27519333)"
MCP27100029,180055748,Montgomery County Police,Injury Crash,11/06/2018 08:30:00 PM,Municipality,S SUMMIT AVE,Maryland (State),S FREDERICK RD,,N/A,PEDESTRIAN,OTHER,RAINING,WET,DARK LIGHTS ON,N/A,NONE DETECTED,N/A,3F3A054B-B5C6-479C-8569-892CD9CE838D,PEDESTRIAN,Cross/Enter not at Intersection,DART DASH,ON ROADWAY NOT AT CROSSWALK,NO PED. SIGNAL,MIXED CLOTHING,Yes,SUSPECTED MINOR INJURY,N/A,39.139655,-77.19382,"(39.139655, -77.19382)"
MCP2992001H,170538604,Montgomery County Police,Injury Crash,10/24/2017 07:15:00 PM,County,HOMECREST RD,County,LONGMEAD CROSSING DR,,N/A,PEDESTRIAN,OTHER,CLEAR,DRY,DARK NO LIGHTS,STOP SIGN,NONE DETECTED,N/A,DAF8B730-5DFC-4A2E-B92E-9FDECF481761,PEDESTRIAN,Cross/Enter at Intersection,UNKNOWN,AT INTERSECTION MARKED CROSSWALK,NO PED. SIGNAL,MIXED CLOTHING,No,SUSPECTED MINOR INJURY,NONE,39.10351633,-77.05449033,"(39.10351633, -77.05449033)"
MCP21160026,15029921,Montgomery County Police,Injury Crash,06/19/2015 10:51:00 AM,,,,,Parking Lot of 7945 Tuckerman Lane,,PEDESTRIAN,STRAIGHT MOVEMENT ANGLE,CLEAR,,DAYLIGHT,N/A,NONE DETECTED,NONE DETECTED,8242B525-F4EC-4079-8D59-198794010B22,PEDESTRIAN,Standing,NO IMPROPER ACTIONS,ON ROADWAY NOT AT CROSSWALK,N/A,MIXED CLOTHING,,SUSPECTED MINOR INJURY,NONE,39.04094667,-77.15733833,"(39.04094667, -77.15733833)"
MCP26270012,17001038,Montgomery County Police,Injury Crash,01/06/2017 06:15:00 PM,Maryland (State),OLD GEORGETOWN RD,County,GREENTREE RD,,N/A,PEDESTRIAN,SINGLE VEHICLE,CLEAR,OTHER,DARK LIGHTS ON,TRAFFIC SIGNAL,NONE DETECTED,NONE DETECTED,E74C52AD-7C61-44AB-BBFC-100AAAEDB222,PEDESTRIAN,Cross/Enter at Intersection,NO IMPROPER ACTIONS,ON ROADWAY AT CROSSWALK,UNKNOWN,MIXED CLOTHING,Unknown,SUSPECTED MINOR INJURY,NONE,39.00039483,-77.10948717,"(39.00039483, -77.10948717)"
MCP11210028,170508938,Montgomery County Police,Injury Crash,05/20/2017 09:09:00 PM,County,SNOUFFERS SCHOOL RD,County,CHERRY LAUREL LA,,N/A,PEDESTRIAN,SINGLE VEHICLE,CLOUDY,DRY,DARK NO LIGHTS,NO CONTROLS,NONE DETECTED,ALCOHOL PRESENT,F98A0CD8-05B5-43E8-A88D-9C3CC0E5953D,PEDESTRIAN,Cross/Enter not at Intersection,DART DASH,DRIVEWAY ACCESS MARKED CROSSWALK,N/A,DARK CLOTHING,Yes,SUSPECTED MINOR INJURY,NONE,39.16332,-77.16625,"(39.16332, -77.16625)"
MCP22600020,180009993,Montgomery County Police,Injury Crash,02/26/2018 07:34:00 AM,Municipality,W EDMONSTON DR,Municipality,WOOTTON PKWY,,ROCKVILLE,PEDESTRIAN,OTHER,N/A,DRY,DARK LIGHTS ON,OTHER,N/A,N/A,E433CC09-8F0B-48CF-BDFB-11410FC193B5,PEDESTRIAN,Cross/Enter at Intersection,NO IMPROPER ACTIONS,ON ROADWAY AT CROSSWALK,OBEYED PED. SIGNAL,MIXED CLOTHING,No,SUSPECTED MINOR INJURY,NONE,39.0736,-77.13734167,"(39.0736, -77.13734167)"
MCP0036003X,16018262,Montgomery County Police,Injury Crash,04/14/2016 01:44:00 PM,,,,,ON OBSERVATION DR AT 20200 OBSERVATION DR ON THE CAMPUS OF MONTGOMERY COLLEGE,,BICYCLIST,STRAIGHT MOVEMENT ANGLE,CLEAR,,DAYLIGHT,YIELD SIGN,NONE DETECTED,NONE DETECTED,33CDB54A-1A1B-4B4C-9B91-C157573536C2,BICYCLIST,Cross/Enter at Intersection,NO IMPROPER ACTIONS,ON ROADWAY AT CROSSWALK,NO PED. SIGNAL,MIXED CLOTHING,No,SUSPECTED SERIOUS INJURY,NONE,39.18691667,-77.24864667,"(39.18691667, -77.24864667)"
MCP25150008,15059340,MONTGOMERY,Injury Crash,11/20/2015 04:30:00 PM,County,BARTON MANOR LA,Maryland (State),OLNEY LAYTONSVILLE RD,,N/A,PEDESTRIAN,N/A,CLEAR,DRY,DAYLIGHT,STOP SIGN,NONE DETECTED,NONE DETECTED,7FAB2C91-94CB-4D0C-8A8D-59432FD2E655,PEDESTRIAN,Standing,INATTENTIVE,ON ROADWAY NOT AT CROSSWALK,N/A,MIXED CLOTHING,No,SUSPECTED MINOR INJURY,NONE,39.20126667,-77.136455,"(39.20126667, -77.136455)"
MCP29540053,180014875,Montgomery County Police,Property Damage Crash,03/26/2018 06:05:00 PM,County,WABASH AVE,County,GARLAND AVE,,N/A,BICYCLIST,SAME DIRECTION SIDESWIPE,CLEAR,DRY,DAYLIGHT,NO CONTROLS,NONE DETECTED,UNKNOWN,24CC242C-D3FE-40EA-90B7-CD6D185EF9EC,BICYCLIST,Other,WRONG WAY RIDING OR WALKING,ON ROADWAY NOT AT CROSSWALK,N/A,UNKNOWN,Yes,NO APPARENT INJURY,UNKNOWN,38.99400833,-77.00075667,"(38.99400833, -77.00075667)"
MCP2717004R,16005393,Montgomery County Police,Injury Crash,02/02/2016 08:10:00 AM,County,MACARTHUR BLVD,County,SANGAMORE RD,,N/A,BICYCLIST,HEAD ON LEFT TURN,CLEAR,ICE,DAYLIGHT,TRAFFIC SIGNAL,NONE DETECTED,NONE DETECTED,11359E5A-E70B-405C-BD3D-0BA7A7F87F16,BICYCLIST,Cross/Enter at Intersection,NO IMPROPER ACTIONS,ON ROADWAY AT CROSSWALK,OBEYED PED. SIGNAL,MIXED CLOTHING,No,SUSPECTED MINOR INJURY,MC/BIKE HELMET,38.94427833,-77.11713,"(38.94427833, -77.11713)"
MCP2928000N,15033174,MONTGOMERY,Injury Crash,07/07/2015 11:40:00 AM,,,,,IN THE PARKING LOT OF THE 7 ELEVEN,,PEDESTRIAN,SINGLE VEHICLE,CLEAR,,DAYLIGHT,NO CONTROLS,NONE DETECTED,NONE DETECTED,05AC91E6-2255-4FC1-B3A4-A47F4A9784C2,PEDESTRIAN,Walking/Cycling on Sidewalk,UNKNOWN,AT INTERSECTION MARKED CROSSWALK,NO PED. SIGNAL,DARK CLOTHING,Unknown,POSSIBLE INJURY,N/A,39.02021333,-77.013595,"(39.02021333, -77.013595)"
MCP2612001K,16061094,Montgomery County Police,Injury Crash,11/28/2016 05:21:00 PM,Maryland (State),CONNECTICUT AVE,County,ASPEN HILL RD,,N/A,PEDESTRIAN,OTHER,CLEAR,DRY,DARK LIGHTS ON,OTHER,NONE DETECTED,NONE DETECTED,76F2ED77-1EAD-4A21-A185-A66102DB85E6,PEDESTRIAN,Cross/Enter at Intersection,NO IMPROPER ACTIONS,ON ROADWAY AT CROSSWALK,OBEYED PED. SIGNAL,MIXED CLOTHING,No,SUSPECTED MINOR INJURY,N/A,39.08044333,-77.08018333,"(39.08044333, -77.08018333)"
MCP2906001X,180046170,Montgomery County Police,Injury Crash,09/15/2018 07:00:00 PM,Municipality,WASHINGTONIAN BLVD,Unknown,BOARDWALK PL,,N/A,PEDESTRIAN,STRAIGHT MOVEMENT ANGLE,CLEAR,DRY,DAYLIGHT,N/A,N/A,N/A,D86D412F-1271-4D08-BC05-F9607B1A28FD,PEDESTRIAN,Cross/Enter at Intersection,INATTENTIVE,ON ROADWAY AT CROSSWALK,OTHER,MIXED CLOTHING,Yes,SUSPECTED MINOR INJURY,NONE,39.11727593,-77.19916649,"(39.11727593, -77.19916649)"
MCP2961001S,17005654,Montgomery County Police,Injury Crash,02/01/2017 06:20:00 PM,,,,,PARKING LOT ENTRANCE LOCATED AT 2424 UNIVERSITY BLVD W,,PEDESTRIAN,OTHER,N/A,,DARK LIGHTS ON,NO CONTROLS,UNKNOWN,NONE DETECTED,0039A590-D2C1-41B5-808A-69F7B3C1DDB0,PEDESTRIAN,Walking/Cycling on Sidewalk,NO IMPROPER ACTIONS,SIDEWALK,NO PED. SIGNAL,MIXED CLOTHING,No,POSSIBLE INJURY,NONE,39.04144668,-77.05142811,"(39.04144668, -77.05142811)"
MCP2353002C,16002499,Montgomery County Police,Injury Crash,01/14/2016 07:51:00 AM,County,FAIRFAX RD,County,EDGEMOOR LA,,N/A,PEDESTRIAN,SINGLE VEHICLE,CLOUDY,DRY,DAYLIGHT,NO CONTROLS,NONE DETECTED,NONE DETECTED,5680BEB2-B24B-4D5F-97C6-CE05277490D0,PEDESTRIAN,Cross/Enter not at Intersection,DART DASH,OTHER,NO PED. SIGNAL,MIXED CLOTHING,Yes,POSSIBLE INJURY,NONE,38.98270808,-77.10523188,"(38.98270808, -77.10523188)"
MCP2986000K,16015043,Montgomery County Police,Injury Crash,03/27/2016 06:00:00 PM,County,E WAYNE AVE,County,FLOWER AVE,,N/A,OTHER,SINGLE VEHICLE,N/A,DRY,DUSK,NO CONTROLS,NONE DETECTED,NONE DETECTED,AD76393A-831F-4E8B-B70E-F7FBE63144CE,OTHER,N/A,NO IMPROPER ACTIONS,INSIDE BUILDING,N/A,N/A,No,NO APPARENT INJURY,NONE,39.00237833,-77.00699167,"(39.00237833, -77.00699167)"
DD5611001F,16032163,Rockville Police Departme,Injury Crash,06/25/2016 11:35:00 AM,Municipality,CHAPMAN AVE,Municipality,HALPINE RD,,ROCKVILLE,PEDESTRIAN,HEAD ON LEFT TURN,CLEAR,DRY,DAYLIGHT,NO CONTROLS,NONE DETECTED,NONE DETECTED,52D95BB0-1FEA-4384-BAEE-5F5938176AEE,PEDESTRIAN,Cross/Enter at Intersection,NO IMPROPER ACTIONS,ON ROADWAY AT CROSSWALK,NO PED. SIGNAL,LIGHT CLOTHING,No,POSSIBLE INJURY,NONE,39.062616,-77.12277367,"(39.062616, -77.12277367)"
MCP2991002C,180002185,Montgomery County Police,Injury Crash,01/14/2018 12:15:00 PM,,,,,DRIVEWAY OF 2311 NORBECK ROAD,,PEDESTRIAN,SINGLE VEHICLE,CLEAR,,DAYLIGHT,NO CONTROLS,NONE DETECTED,NONE DETECTED,1E21EBB8-1E87-4616-9B91-D7B2410E6B4B,PEDESTRIAN,Other,NO IMPROPER ACTIONS,N/A,N/A,MIXED CLOTHING,No,SUSPECTED SERIOUS INJURY,N/A,39.11856833,-77.04991167,"(39.11856833, -77.04991167)"
MCP2710001C,16059651,Montgomery County Police,Injury Crash,11/19/2016 05:40:00 PM,County,GOSHEN RD,Maryland (State),MIDCOUNTY HWY,,N/A,PEDESTRIAN,OTHER,RAINING,WET,DARK NO LIGHTS,N/A,NONE DETECTED,NONE DETECTED,758B50BC-C9F1-40E7-877D-0A8B506732E8,PEDESTRIAN,Cross/Enter not at Intersection,DART DASH,ON ROADWAY NOT AT CROSSWALK,N/A,DARK CLOTHING,Yes,POSSIBLE INJURY,NONE,39.15700667,-77.19197167,"(39.15700667, -77.19197167)"
MCP2712000M,15046182,MONTGOMERY,Injury Crash,09/12/2015 02:22:00 PM,US (State),COLUMBIA PIKE,Unknown,EXIT #16 (MD 200),,N/A,PEDESTRIAN,SAME DIR REAR END,RAINING,WET,DAYLIGHT,N/A,NONE DETECTED,NONE DETECTED,E1D726D1-B558-4DC6-BF57-454F9A8EDE17,PEDESTRIAN,Standing,DISABLED VEHICLE RELATED,OTHER,NO PED. SIGNAL,MIXED CLOTHING,No,POSSIBLE INJURY,N/A,39.07899167,-76.95193667,"(39.07899167, -76.95193667)"
MCP1550001T,15065798,MONTGOMERY,Injury Crash,12/23/2015 05:25:00 PM,Municipality,FREDERICK AVE,Municipality,KENSINGTON PKWY,,KENSINGTON,PEDESTRIAN,OTHER,RAINING,WET,DARK LIGHTS ON,NO CONTROLS,NONE DETECTED,NONE DETECTED,16686E31-762F-4331-A2BB-39141E265109,PEDESTRIAN,Other,NO IMPROPER ACTIONS,OTHER,N/A,MIXED CLOTHING,No,SUSPECTED MINOR INJURY,N/A,39.02557667,-77.07174833,"(39.02557667, -77.07174833)"
DD5595004D,170151767,Rockville Police Departme,Injury Crash,07/06/2017 05:25:00 PM,Other Public Roadway,IVY LEAGUE LA,Maryland (State),HUNGERFORD DR,,N/A,BICYCLIST,OTHER,CLOUDY,DRY,DAYLIGHT,STOP SIGN,NONE DETECTED,NONE DETECTED,43C50EF8-D9D7-41DD-B213-A62527CC8150,BICYCLIST,Cross/Enter at Intersection,NO IMPROPER ACTIONS,ON ROADWAY AT CROSSWALK,OTHER,N/A,No,SUSPECTED MINOR INJURY,NONE,39.09494133,-77.15344183,"(39.09494133, -77.15344183)"