Report Number,Local Case Number,Agency Name,ACRS Report Type,Crash Date/Time,Route Type,Road Name,Cross-Street Type,Cross-Street Name,Off-Road Description,Municipality,Related Non-Motorist,Collision Type,Weather,Surface Condition,Light,Traffic Control,Driver Substance Abuse,Non-Motorist Substance Abuse,Person ID,Pedestrian Type,Pedestrian Movement,Pedestrian Actions,Pedestrian Location,Pedestrian Obeyed Traffic Signal,Pedestrian Visibility,At Fault,Injury Severity,Safety Equipment,Latitude,Longitude,Location
DD5593001W,16004967,Rockville Police Departme,Injury Crash,01/30/2016 07:15:00 PM,,,,,"PARKING LOT OF 15136 FREDERICK RD (ADVANCE AUTO), ROCKVILLE, MD",,PEDESTRIAN,HEAD ON LEFT TURN,CLEAR,,DARK LIGHTS ON,N/A,UNKNOWN,NONE DETECTED,85943060-F96A-446D-BD1C-E4C02AE4D87B,PEDESTRIAN,Other,NO IMPROPER ACTIONS,OTHER,NO PED. SIGNAL,MIXED CLOTHING,No,POSSIBLE INJURY,NONE,39.10419167,-77.15767333,"(39.10419167, -77.15767333)"
MCP1595000Q,170504644,Montgomery County Police,Injury Crash,04/28/2017 02:16:00 AM,County,ELKIN ST,County,PRICE AVE,,N/A,PEDESTRIAN,SAME DIRECTION SIDESWIPE,CLEAR,DRY,DARK LIGHTS ON,NO CONTROLS,UNKNOWN,ALCOHOL PRESENT,100C0D18-7757-4824-8790-D4EDB434833D,PEDESTRIAN,Standing,NO IMPROPER ACTIONS,CURB,NO PED. SIGNAL,LIGHT CLOTHING,No,SUSPECTED MINOR INJURY,NONE,39.04091233,-77.05039009,"(39.04091233, -77.05039009)"
DD56140008,16004277,Rockville Police Departme,Injury Crash,01/26/2016 08:05:00 PM,Maryland (State),ROCKVILLE PIKE,Unknown,CROSSOVER,,N/A,PEDESTRIAN,OTHER,CLEAR,WET,DARK LIGHTS ON,NO CONTROLS,NONE DETECTED,NONE DETECTED,BDB1EEAD-34A5-4861-82B5-6CA08C98E8A2,PEDESTRIAN,Other,IN ROADWAY IMPROPERLY,ON ROADWAY NOT AT CROSSWALK,NO PED. SIGNAL,MIXED CLOTHING,Yes,SUSPECTED MINOR INJURY,NONE,39.07353667,-77.13403167,"(39.07353667, -77.13403167)"
MCP2948001W,170529421,Montgomery County Police,Injury Crash,09/08/2017 03:43:00 PM,Maryland (State),GEORGIA AVE,County,RANDOLPH RD,,N/A,PEDESTRIAN,OTHER,CLEAR,DRY,DAYLIGHT,NO CONTROLS,N/A,NONE DETECTED,5238E767-9998-4C83-A196-2F90960BA832,PEDESTRIAN,Other,IN ROADWAY IMPROPERLY,ON ROADWAY NOT AT CROSSWALK,NO PED. SIGNAL,LIGHT CLOTHING,Yes,SUSPECTED SERIOUS INJURY,N/A,39.05910103,-77.05020905,"(39.05910103, -77.05020905)"
MCP2612000T,15016657,Montgomery County Police,Injury Crash,04/10/2015 06:01:00 PM,,,,,Parking lot of 13701 Georgia Ave,,PEDESTRIAN,OTHER,CLOUDY,,DAYLIGHT,NO CONTROLS,NONE DETECTED,NONE DETECTED,C520F936-CFCB-4F8A-B850-E5DB83476432,PEDESTRIAN,Push/Work on Vehicle,NO IMPROPER ACTIONS,OTHER,NO PED. SIGNAL,OTHER,,SUSPECTED MINOR INJURY,N/A,39.080295,-77.07336,"(39.080295, -77.07336)"
MCP2909000V,15057599,MONTGOMERY,Property Damage Crash,11/11/2015 06:09:00 PM,Maryland (State),OLD GEORGETOWN RD,County,DEL RAY AVE,,N/A,BICYCLIST,OTHER,CLEAR,N/A,DARK LIGHTS ON,N/A,NONE DETECTED,NONE DETECTED,5A5B0280-A135-45FD-984B-5298C02580D7,BICYCLIST,Other,NO IMPROPER ACTIONS,ON ROADWAY NOT AT CROSSWALK,N/A,DARK CLOTHING,No,NO APPARENT INJURY,NONE,38.990655,-77.09964167,"(38.990655, -77.09964167)"
MCP2914004H,170508525,Montgomery County Police,Injury Crash,05/18/2017 04:40:00 PM,,,,,APARTMENT COMPLEX PARKING LOT- INTERSECTION OF HAMPSHIRE GREEN LANE AND MT. PISGAH LANE,,PEDESTRIAN,OTHER,CLEAR,,DAYLIGHT,NO CONTROLS,N/A,N/A,CF4889F1-2623-4BA9-9642-FCB122646663,PEDESTRIAN,Cross/Enter not at Intersection,DART DASH,ON ROADWAY NOT AT CROSSWALK,NO PED. SIGNAL,MIXED CLOTHING,Yes,SUSPECTED MINOR INJURY,NONE,39.015295,-76.976085,"(39.015295, -76.976085)"
MCP3137000H,180047741,Montgomery County Police,Property Damage Crash,09/24/2018 04:30:00 PM,Maryland (State),BURLINGTON AVE,Unknown,SPUR FR FENTON ST,,N/A,BICYCLIST,STRAIGHT MOVEMENT ANGLE,RAINING,WET,DAYLIGHT,TRAFFIC SIGNAL,NONE DETECTED,NONE DETECTED,BB442834-C962-487A-98DE-22D5B908A71D,BICYCLIST,Walking/Riding w/Traffic,INATTENTIVE,AT INTERSECTION MARKED CROSSWALK,UNKNOWN,MIXED CLOTHING,Yes,NO APPARENT INJURY,MC/BIKE HELMET,38.9879514,-77.0235577,"(38.9879514, -77.0235577)"
MCP26900011,15038336,MONTGOMERY,Property Damage Crash,08/02/2015 06:17:00 PM,,,,,"Parking lot of 12015 Georgia Ave. Silver Spring, MD 20902 (H Mart)",,PEDESTRIAN,SINGLE VEHICLE,CLEAR,,DAYLIGHT,NO CONTROLS,NONE DETECTED,NONE DETECTED,BCA93E48-00E8-4CE8-ACB4-6BCCC537B183,PEDESTRIAN,Other,NO IMPROPER ACTIONS,OTHER,NO PED. SIGNAL,DARK CLOTHING,No,NO APPARENT INJURY,NONE,39.052185,-77.05019832,"(39.052185, -77.05019832)"
MCP21340016,170537943,Montgomery County Police,Fatal Crash,10/21/2017 02:33:00 AM,County,SHADY GROVE RD,County,CRABBS BRANCH WAY,,N/A,PEDESTRIAN,OTHER,CLEAR,DRY,DARK LIGHTS ON,N/A,N/A,UNKNOWN,EFE3A092-9D59-455F-9CCC-A38E2C7E8207,PEDESTRIAN,Other,UNKNOWN,ON ROADWAY NOT AT CROSSWALK,N/A,DARK CLOTHING,No,FATAL INJURY,NONE,39.129115,-77.16602167,"(39.129115, -77.16602167)"
MCP0487002L,180035710,Montgomery County Police,Injury Crash,07/19/2018 09:37:00 AM,,,,,PARKING LOT OF 18905 BONONZA WAY,,PEDESTRIAN,SINGLE VEHICLE,CLEAR,,DAYLIGHT,NO CONTROLS,NONE DETECTED,NONE DETECTED,51E6DE73-1F2B-4937-BD52-E8F12557251C,PEDESTRIAN,Standing,NO IMPROPER ACTIONS,OTHER,NO PED. SIGNAL,DARK CLOTHING,No,SUSPECTED SERIOUS INJURY,NONE,39.16664,-77.17042,"(39.16664, -77.17042)"
DD5606004N,170549667,Rockville Police Departme,Property Damage Crash,12/19/2017 06:56:00 PM,,,,,38 MARYLAND AVE PARKING GARAGE B ROCKVILLE MD 20850,,OTHER,SINGLE VEHICLE,N/A,,DARK LIGHTS ON,NO CONTROLS,UNKNOWN,N/A,8DF01AAC-727B-4C19-8901-2FE90A7F10DA,OTHER,N/A,N/A,MEDIAN,N/A,N/A,No,NO APPARENT INJURY,N/A,39.08609833,-77.15098333,"(39.08609833, -77.15098333)"
MCP2800001W,15013639,Montgomery County Police,Injury Crash,03/24/2015 05:15:00 PM,Maryland (State),OLD GEORGETOWN RD,County,LONE OAK DR,,N/A,PEDESTRIAN,OTHER,CLEAR,DRY,DAYLIGHT,TRAFFIC SIGNAL,UNKNOWN,NONE DETECTED,E08F5CF5-3018-47C0-A751-4089663C4FDE,PEDESTRIAN,Cross/Enter at Intersection,NO IMPROPER ACTIONS,ON ROADWAY AT CROSSWALK,OBEYED PED. SIGNAL,MIXED CLOTHING,,POSSIBLE INJURY,N/A,39.02067667,-77.122255,"(39.02067667, -77.122255)"
MCP1121003J,170551486,Montgomery County Police,Injury Crash,12/31/2017 04:59:00 PM,Municipality,ODENDHAL AVE,Maryland (State),FREDERICK RD,,N/A,PEDESTRIAN,OTHER,CLEAR,DRY,DARK LIGHTS ON,TRAFFIC SIGNAL,UNKNOWN,NONE DETECTED,616491BA-C21E-4B11-8D37-27802B30029C,PEDESTRIAN,Cross/Enter at Intersection,NO IMPROPER ACTIONS,AT INTERSECTION MARKED CROSSWALK,OBEYED PED. SIGNAL,MIXED CLOTHING,No,SUSPECTED MINOR INJURY,NONE,39.14855,-77.20680833,"(39.14855, -77.20680833)"
MCP2831002D,170546018,Montgomery County Police,Injury Crash,12/01/2017 02:31:00 PM,County,CRYSTAL ROCK DR,County,FATHER HURLEY BLVD,,N/A,BICYCLIST,SINGLE VEHICLE,CLEAR,DRY,DAYLIGHT,TRAFFIC SIGNAL,N/A,N/A,449C0A49-AC16-4A8C-B2B3-3418C446FA0C,BICYCLIST,Cross/Enter at Intersection,FAILURE TO OBEY TRAFFIC SIGNS SIGNALS OR OFFICER,ON ROADWAY AT CROSSWALK,DISOBEYED PED. SIGNAL,DARK CLOTHING,Yes,SUSPECTED MINOR INJURY,MC/BIKE HELMET,39.19357,-77.26988333,"(39.19357, -77.26988333)"
MCP28680011,15010611,Montgomery County Police,Injury Crash,03/07/2015 05:07:00 PM,,,,,Parking Garage near Macy's side of Montgomery Mall,,PEDESTRIAN,SINGLE VEHICLE,CLEAR,,DAYLIGHT,NO CONTROLS,NONE DETECTED,NONE DETECTED,81CBD828-528B-45E8-9FFA-7920257EB3F2,PEDESTRIAN,Other,NO IMPROPER ACTIONS,OTHER,NO PED. SIGNAL,LIGHT CLOTHING,,SUSPECTED MINOR INJURY,N/A,39.02440159,-77.14738011,"(39.02440159, -77.14738011)"
EJ7829001N,15057386,GAITHERSBURG,Injury Crash,11/10/2015 05:40:00 PM,Municipality,PALM SPRING DR,Municipality,PALMTREE DR,,GAITHERSBURG,PEDESTRIAN,SINGLE VEHICLE,RAINING,WET,DARK LIGHTS ON,NO CONTROLS,NONE DETECTED,NONE DETECTED,78111F0E-1331-4D51-ABF1-3A6D0256A7BB,PEDESTRIAN,Cross/Enter at Intersection,FAILURE TO YIELD RIGHT OF WAY,ON ROADWAY AT CROSSWALK,NO PED. SIGNAL,DARK CLOTHING,No,SUSPECTED MINOR INJURY,N/A,39.12377667,-77.21204167,"(39.12377667, -77.21204167)"
MCP28450021,16041930,Montgomery County Police,Injury Crash,08/18/2016 01:10:00 PM,,,,,SIDEWALK PARALLEL TO 10008 COLESVILLE ROAD,,BICYCLIST,SINGLE VEHICLE,CLEAR,,DAYLIGHT,NO CONTROLS,NONE DETECTED,NONE DETECTED,12E9569A-45E2-424C-8F6D-F3ECC535EDD2,BICYCLIST,Walking/Cycling on Sidewalk,WRONG WAY RIDING OR WALKING,SIDEWALK,NO PED. SIGNAL,LIGHT CLOTHING,No,POSSIBLE INJURY,MC/BIKE HELMET,39.01908783,-77.01417089,"(39.01908783, -77.01417089)"
MCP10480036,170544153,Montgomery County Police,Injury Crash,11/21/2017 04:26:00 PM,Maryland (State),DARNESTOWN RD,County,MUDDY BRANCH RD,,N/A,BICYCLIST,SAME DIR REAR END,CLEAR,DRY,DUSK,N/A,NONE DETECTED,N/A,2ADA8F3A-FA8E-40FB-A8A8-083804235CD1,BICYCLIST,N/A,INATTENTIVE,IN BIKEWAY,OTHER,MIXED CLOTHING,Yes,SUSPECTED MINOR INJURY,MC/BIKE HELMET,39.10332167,-77.22643167,"(39.10332167, -77.22643167)"
MCP2676001F,15042691,MONTGOMERY,Injury Crash,08/25/2015 09:03:00 PM,County,STEDWICK RD,County,MONTGOMERY VILLAGE AVE,,N/A,BICYCLIST,OTHER,CLEAR,DRY,DARK LIGHTS ON,TRAFFIC SIGNAL,N/A,N/A,A3840532-34FE-4699-87A7-A68A291ED003,BICYCLIST,Cross/Enter at Intersection,NO IMPROPER ACTIONS,ON ROADWAY AT CROSSWALK,N/A,N/A,No,SUSPECTED MINOR INJURY,NONE,39.16959167,-77.20456,"(39.16959167, -77.20456)"
MCP25860024,16048616,Montgomery County Police,Injury Crash,09/21/2016 07:35:00 PM,County,ROBEY RD,County,BRIGGS CHANEY RD,,N/A,PEDESTRIAN,OTHER,CLEAR,DRY,DARK NO LIGHTS,N/A,UNKNOWN,NONE DETECTED,815FF899-3F06-4946-9BEB-679DC778F4B6,PEDESTRIAN,Getting off/on Vehicle,NO IMPROPER ACTIONS,OTHER,N/A,MIXED CLOTHING,No,SUSPECTED MINOR INJURY,N/A,39.0809673,-76.9424057,"(39.0809673, -76.9424057)"
MCP2722002Y,180008000,Montgomery County Police,Injury Crash,02/15/2018 04:32:00 PM,,,,,PARKING LOT OF 5566 NORBECK RD,,PEDESTRIAN,SINGLE VEHICLE,CLEAR,,DAYLIGHT,NO CONTROLS,N/A,N/A,3E5A492E-A47F-401F-BBEB-0FF852549FD3,PEDESTRIAN,Cross/Enter not at Intersection,NO IMPROPER ACTIONS,ON ROADWAY NOT AT CROSSWALK,NO PED. SIGNAL,MIXED CLOTHING,No,SUSPECTED MINOR INJURY,NONE,39.095125,-77.11114167,"(39.095125, -77.11114167)"
MCP2886001L,16026787,Montgomery County Police,Injury Crash,05/29/2016 03:03:00 PM,Maryland (State),CONNECTICUT AVE,County,WELLER RD,,N/A,PEDESTRIAN,SINGLE VEHICLE,CLEAR,DRY,DAYLIGHT,N/A,NONE DETECTED,NONE DETECTED,E47CB9B1-F806-471B-8FD6-FABD055329E7,PEDESTRIAN,Cross/Enter at Intersection,NO IMPROPER ACTIONS,ON ROADWAY AT CROSSWALK,OBEYED PED. SIGNAL,MIXED CLOTHING,No,POSSIBLE INJURY,NONE,39.063535,-77.07347167,"(39.063535, -77.07347167)"
MCP09420020,190005034,Montgomery County Police,Injury Crash,01/31/2019 07:35:00 PM,County,WOODMONT AVE,County,EDGEMOOR LA,,N/A,PEDESTRIAN,OTHER,CLEAR,DRY,DARK LIGHTS ON,TRAFFIC SIGNAL,UNKNOWN,UNKNOWN,2BF48C11-8A0F-4344-8E7B-840EC0CA8131,PEDESTRIAN,Cross/Enter at Intersection,NO IMPROPER ACTIONS,ON ROADWAY AT CROSSWALK,OBEYED PED. SIGNAL,DARK CLOTHING,No,SUSPECTED MINOR INJURY,NONE,38.9847565,-77.09674417,"(38.9847565, -77.09674417)"
MCP2928000S,15036245,MONTGOMERY,Injury Crash,07/23/2015 08:11:00 AM,County,BONIFANT ST,US (State),GEORGIA AVE,,N/A,PEDESTRIAN,SINGLE VEHICLE,CLEAR,DRY,DAYLIGHT,NO CONTROLS,NONE DETECTED,NONE DETECTED,A6B1D709-9B06-4685-BD08-849AE0236358,PEDESTRIAN,Cross/Enter not at Intersection,NOT VISIBLE,ON ROADWAY NOT AT CROSSWALK,DISOBEYED PED. SIGNAL,MIXED CLOTHING,Yes,POSSIBLE INJURY,NONE,38.99373333,-77.025875,"(38.99373333, -77.025875)"
MCP2008001G,15057569,MONTGOMERY,Injury Crash,11/11/2015 03:53:00 PM,,,,,Parking lot of 7103 Democracy Blvd (Sears-Montgomery Mall),,PEDESTRIAN,OTHER,CLEAR,,DAYLIGHT,N/A,NONE DETECTED,NONE DETECTED,C4272973-F77D-4E6E-8556-5590AEF77944,PEDESTRIAN,Cross/Enter not at Intersection,IN ROADWAY IMPROPERLY,ON ROADWAY NOT AT CROSSWALK,N/A,LIGHT CLOTHING,Yes,POSSIBLE INJURY,N/A,39.02492669,-77.14436531,"(39.02492669, -77.14436531)"
MCP1202001V,16055277,Montgomery County Police,Injury Crash,10/27/2016 11:00:00 AM,County,FRIENDSHIP BLVD,County,WILLARD AVE,,N/A,MACHINE OPERATOR/RIDER,STRAIGHT MOVEMENT ANGLE,CLEAR,DRY,DAYLIGHT,TRAFFIC SIGNAL,NONE DETECTED,NONE DETECTED,381BDC01-30E6-41DD-BB0C-181D7D0BC28C,MACHINE OPERATOR/RIDER,Cross/Enter at Intersection,NO IMPROPER ACTIONS,AT INTERSECTION MARKED CROSSWALK,OBEYED PED. SIGNAL,N/A,No,SUSPECTED MINOR INJURY,NONE,38.96195,-77.08886167,"(38.96195, -77.08886167)"
MCP2586003S,180013749,Montgomery County Police,Injury Crash,03/19/2018 07:55:00 PM,US (State),COLUMBIA PIKE,County,MUSGROVE RD,,N/A,PEDESTRIAN,OTHER,CLEAR,DRY,DARK LIGHTS ON,TRAFFIC SIGNAL,NONE DETECTED,NONE DETECTED,9B80A27C-2F8F-4610-A0E6-1DB1C1091348,PEDESTRIAN,Cross/Enter at Intersection,NO IMPROPER ACTIONS,ON ROADWAY AT CROSSWALK,OBEYED PED. SIGNAL,MIXED CLOTHING,No,SUSPECTED MINOR INJURY,N/A,39.06757,-76.95975,"(39.06757, -76.95975)"
MCP2617006G,180057456,Montgomery County Police,Property Damage Crash,11/16/2018 09:35:00 AM,Maryland (State),NORBECK RD,Maryland (State),GEORGIA AVE,,N/A,PEDESTRIAN,OTHER,CLEAR,WET,DAYLIGHT,TRAFFIC SIGNAL,NONE DETECTED,ALCOHOL CONTRIBUTED,B44B9881-D99F-4D22-B420-7A7A4ACB9ED9,PEDESTRIAN,Cross/Enter at Intersection,DART DASH,ON ROADWAY NOT AT CROSSWALK,DISOBEYED PED. SIGNAL,DARK CLOTHING,Yes,NO APPARENT INJURY,NONE,39.10963667,-77.07645833,"(39.10963667, -77.07645833)"
MCP27660043,180050320,Montgomery County Police,Injury Crash,10/08/2018 03:51:00 PM,Maryland (State),GEORGIA AVE,County,HATHAWAY DR,,N/A,PEDESTRIAN,OTHER,CLEAR,DRY,DAYLIGHT,TRAFFIC SIGNAL,NONE DETECTED,NONE DETECTED,012706DC-9C8E-438D-A50E-6FF2ACFCB8E7,PEDESTRIAN,Cross/Enter at Intersection,NO IMPROPER ACTIONS,ON ROADWAY AT CROSSWALK,OBEYED PED. SIGNAL,MIXED CLOTHING,No,POSSIBLE INJURY,NONE,39.06807833,-77.06098667,"(39.06807833, -77.06098667)"
MCP2047001W,170535308,Montgomery County Police,Injury Crash,10/07/2017 11:37:00 AM,County,CRABBS BRANCH WAY,County,REDLAND RD,,N/A,BICYCLIST,SINGLE VEHICLE,CLEAR,DRY,DAYLIGHT,TRAFFIC SIGNAL,NONE DETECTED,NONE DETECTED,39DF6ED0-AD52-459D-9080-90E96F94BAC4,BICYCLIST,Cross/Enter at Intersection,NO IMPROPER ACTIONS,ON ROADWAY AT CROSSWALK,N/A,LIGHT CLOTHING,No,SUSPECTED MINOR INJURY,NONE,39.12088,-77.158795,"(39.12088, -77.158795)"
MCP20550016,16035477,Montgomery County Police,Injury Crash,07/13/2016 01:25:00 PM,County,QUINCE ORCHARD RD,Maryland (State),DARNESTOWN RD,,N/A,BICYCLIST,OTHER,CLEAR,DRY,DAYLIGHT,NO CONTROLS,NONE DETECTED,NONE DETECTED,E943405D-12C9-4679-BA6F-2587F4AC1512,BICYCLIST,Cross/Enter at Intersection,WRONG WAY RIDING OR WALKING,IN BIKEWAY,N/A,N/A,Yes,POSSIBLE INJURY,NONE,39.11794161,-77.25238323,"(39.11794161, -77.25238323)"
DD5614001T,17000330,Rockville Police Departme,Injury Crash,01/03/2017 07:35:00 AM,Municipality,WOOTTON PKWY,Other Public Roadway,PAULSBORO DR,,N/A,PEDESTRIAN,STRAIGHT MOVEMENT ANGLE,RAINING,WET,DAWN,N/A,NONE DETECTED,NONE DETECTED,CC75B347-83DE-44F0-ACD4-EFB06DF72020,PEDESTRIAN,Walking to/from school,NO IMPROPER ACTIONS,AT INTERSECTION MARKED CROSSWALK,NO PED. SIGNAL,MIXED CLOTHING,No,POSSIBLE INJURY,NONE,39.07759833,-77.18217333,"(39.07759833, -77.18217333)"
MCP2695000W,16047338,Montgomery County Police,Injury Crash,09/15/2016 12:01:00 PM,County,LOCKWOOD DR,Maryland (State),NEW HAMPSHIRE AVE,,N/A,PEDESTRIAN,SINGLE VEHICLE,CLEAR,DRY,DAYLIGHT,NO CONTROLS,N/A,N/A,A68A07D2-1361-49A9-B844-BDD4E03A0C9B,PEDESTRIAN,Cross/Enter at Intersection,IN ROADWAY IMPROPERLY,ON ROADWAY NOT AT CROSSWALK,N/A,MIXED CLOTHING,No,POSSIBLE INJURY,N/A,39.0393207,-76.99142575,"(39.0393207, -76.99142575)"
MCP2874000W,15058210,MONTGOMERY,Injury Crash,11/14/2015 08:07:00 PM,Maryland (State),GEORGIA AVE,County,SHOREFIELD RD,,N/A,PEDESTRIAN,SINGLE VEHICLE,CLEAR,DRY,DARK LIGHTS ON,TRAFFIC SIGNAL,NONE DETECTED,UNKNOWN,0265D3BF-51A5-4DC2-9C1F-30170CF57E07,PEDESTRIAN,Cross/Enter at Intersection,NO IMPROPER ACTIONS,ON ROADWAY AT CROSSWALK,UNKNOWN,MIXED CLOTHING,No,SUSPECTED MINOR INJURY,N/A,39.053245,-77.05103333,"(39.053245, -77.05103333)"
MCP2917003Q,190008744,Montgomery County Police,Injury Crash,02/23/2019 08:10:00 PM,Maryland (State),GEORGIA AVE,County,HEATHFIELD RD,,N/A,PEDESTRIAN,SAME DIRECTION LEFT TURN,RAINING,WET,DARK NO LIGHTS,NO CONTROLS,NONE DETECTED,NONE DETECTED,60FB7AF8-EB40-4391-8E96-D7BA90690165,PEDESTRIAN,Cross/Enter at Intersection,NO IMPROPER ACTIONS,ON ROADWAY AT CROSSWALK,NO PED. SIGNAL,LIGHT CLOTHING,No,SUSPECTED MINOR INJURY,NONE,39.08792833,-77.07951167,"(39.08792833, -77.07951167)"
MCP30850013,190010007,Montgomery County Police,Injury Crash,03/03/2019 06:50:00 PM,County,CANDLELIGHT LA,County,TUCKERMAN LA,,N/A,PEDESTRIAN,SINGLE VEHICLE,RAINING,WET,DARK LIGHTS ON,N/A,UNKNOWN,NONE DETECTED,3C0F4C8D-5FE2-4CA0-BC2F-E87CE9812393,PEDESTRIAN,Cross/Enter at Intersection,NO IMPROPER ACTIONS,AT INTERSECTION BUT NO CROSSWALK,NO PED. SIGNAL,MIXED CLOTHING,No,POSSIBLE INJURY,N/A,39.04152562,-77.16875628,"(39.04152562, -77.16875628)"
MCP1575003J,15061927,MONTGOMERY,Injury Crash,12/04/2015 10:16:00 AM,County,SHADY GROVE RD,County,TRAVILLE  GATEWAY DR,,N/A,PEDESTRIAN,OTHER,N/A,DRY,DAYLIGHT,TRAFFIC SIGNAL,NONE DETECTED,NONE DETECTED,ED59A379-0930-455E-A395-66ACA65A31D3,PEDESTRIAN,Cross/Enter at Intersection,IN ROADWAY IMPROPERLY,ON ROADWAY AT CROSSWALK,DISOBEYED PED. SIGNAL,UNKNOWN,Yes,SUSPECTED SERIOUS INJURY,NONE,39.09114667,-77.20452833,"(39.09114667, -77.20452833)"
MCP27800022,16048970,Montgomery County Police,Injury Crash,09/23/2016 03:09:00 PM,Maryland (State),FREDERICK RD,County,OXBRIDGE DR,,N/A,BICYCLIST,STRAIGHT MOVEMENT ANGLE,CLEAR,DRY,DAYLIGHT,STOP SIGN,NONE DETECTED,NONE DETECTED,48AA231D-9931-42D2-A198-75D6768A11C8,BICYCLIST,Walking/Riding against Traffic,IN ROADWAY IMPROPERLY,AT INTERSECTION MARKED CROSSWALK,NO PED. SIGNAL,DARK CLOTHING,Yes,POSSIBLE INJURY,NONE,39.19000833,-77.24130667,"(39.19000833, -77.24130667)"
MCP13970015,180025254,Montgomery County Police,Injury Crash,05/23/2018 07:59:00 AM,County,WATKINS MILL RD,County,GREENRIVER TERR,,N/A,PEDESTRIAN,OTHER,CLEAR,DRY,DAYLIGHT,PERSON,N/A,NONE DETECTED,5978E481-B408-4BB5-B52C-FF4F132BB2B8,PEDESTRIAN,Standing,NO IMPROPER ACTIONS,OTHER,N/A,REFLECTIVE MATERIAL,No,SUSPECTED MINOR INJURY,N/A,39.19040595,-77.22419858,"(39.19040595, -77.22419858)"
DD5617000Q,17012078,Rockville Police Departme,Injury Crash,03/07/2017 07:56:00 PM,County,TWINBROOK PKWY,Maryland (State),VEIRS MILL RD,,N/A,PEDESTRIAN,OTHER,RAINING,WET,DARK LIGHTS ON,TRAFFIC SIGNAL,NONE DETECTED,NONE DETECTED,89CDE1DF-3947-4DE1-BD6A-222BC9301A60,PEDESTRIAN,Cross/Enter at Intersection,NO IMPROPER ACTIONS,AT INTERSECTION MARKED CROSSWALK,OBEYED PED. SIGNAL,DARK CLOTHING,No,POSSIBLE INJURY,NONE,39.07336938,-77.11198837,"(39.07336938, -77.11198837)"
MCP14750015,170517250,Montgomery County Police,Injury Crash,07/04/2017 12:12:00 PM,County,LOST KNIFE RD,County,CONTOUR RD,,N/A,BICYCLIST,OTHER,CLEAR,DRY,DAYLIGHT,STOP SIGN,NONE DETECTED,NONE DETECTED,FF64A3F5-CB6A-4362-AAE4-D894AE003BDD,BICYCLIST,Walking/Riding against Traffic,WRONG WAY RIDING OR WALKING,ON ROADWAY NOT AT CROSSWALK,OTHER,MIXED CLOTHING,Yes,SUSPECTED MINOR INJURY,NONE,39.15500675,-77.20109403,"(39.15500675, -77.20109403)"
MCP2847000N,15004014,Montgomery County Police,Injury Crash,01/25/2015 08:53:00 AM,County,ATHERTON DR,County,RANDOLPH RD,,N/A,PEDESTRIAN,OTHER,CLEAR,DRY,DAYLIGHT,STOP SIGN,NONE DETECTED,NONE DETECTED,6CDFBA21-8C89-44A5-AC91-3FF904DC38E2,PEDESTRIAN,Cross/Enter at Intersection,NO IMPROPER ACTIONS,ON ROADWAY AT CROSSWALK,NO PED. SIGNAL,LIGHT CLOTHING,,POSSIBLE INJURY,N/A,39.05713167,-77.07692833,"(39.05713167, -77.07692833)"
MCP2363000Y,16051042,Montgomery County Police,Injury Crash,10/04/2016 07:15:00 PM,Maryland (State),HUNGERFORD DR,Municipality,E MIDDLE LA,,ROCKVILLE,PEDESTRIAN,OTHER,CLEAR,DRY,DUSK,TRAFFIC SIGNAL,NONE DETECTED,UNKNOWN,747421AE-843C-485D-9E04-12CBD7B1CB21,PEDESTRIAN,Cross/Enter at Intersection,UNKNOWN,AT INTERSECTION MARKED CROSSWALK,UNKNOWN,MIXED CLOTHING,Unknown,SUSPECTED SERIOUS INJURY,NONE,39.08511469,-77.14820623,"(39.08511469, -77.14820623)"
MCP2274000R,16026160,Montgomery County Police,Injury Crash,05/26/2016 08:35:00 AM,Municipality,BANK ST,Maryland (State),QUINCE ORCHARD RD,,N/A,BICYCLIST,HEAD ON LEFT TURN,CLEAR,DRY,DAYLIGHT,NO CONTROLS,NONE DETECTED,NONE DETECTED,AC598001-1D24-4EAF-8F5A-D6216B0D8047,BICYCLIST,Cross/Enter at Intersection,FAILURE TO YIELD RIGHT OF WAY,UNKNOWN,N/A,REFLECTIVE MATERIAL,Yes,SUSPECTED SERIOUS INJURY,UNKNOWN,39.14035833,-77.22306833,"(39.14035833, -77.22306833)"
MCP3117000X,180030357,Montgomery County Police,Injury Crash,06/20/2018 09:18:00 PM,County,LLOYD RD,County,BETTEKER LA,,N/A,OTHER,OTHER,CLEAR,DRY,DARK NO LIGHTS,NO CONTROLS,ILLEGAL DRUG PRESENT,N/A,24E774C9-F812-4953-B50D-9A0CF3AA143B,OTHER,Standing,NO IMPROPER ACTIONS,ON ROADWAY NOT AT CROSSWALK,NO PED. SIGNAL,MIXED CLOTHING,No,SUSPECTED MINOR INJURY,NONE,39.05958735,-77.20637798,"(39.05958735, -77.20637798)"
MCP3031000C,17008136,Montgomery County Police,Injury Crash,02/14/2017 09:36:00 PM,County,HEWITT AVE,Maryland (State),GEORGIA AVE,,N/A,PEDESTRIAN,SINGLE VEHICLE,CLEAR,DRY,N/A,N/A,NONE DETECTED,NONE DETECTED,99EC0EDB-7520-4EAB-A853-AFC6C99AD818,PEDESTRIAN,Cross/Enter at Intersection,NO IMPROPER ACTIONS,ON ROADWAY AT CROSSWALK,NO PED. SIGNAL,DARK CLOTHING,No,POSSIBLE INJURY,NONE,39.07932869,-77.06799611,"(39.07932869, -77.06799611)"