Report Number,Local Case Number,Agency Name,ACRS Report Type,Crash Date/Time,Route Type,Road Name,Cross-Street Type,Cross-Street Name,Off-Road Description,Municipality,Related Non-Motorist,Collision Type,Weather,Surface Condition,Light,Traffic Control,Driver Substance Abuse,Non-Motorist Substance Abuse,Person ID,Pedestrian Type,Pedestrian Movement,Pedestrian Actions,Pedestrian Location,Pedestrian Obeyed Traffic Signal,Pedestrian Visibility,At Fault,Injury Severity,Safety Equipment,Latitude,Longitude,Location
MCP24110006,15058987,MONTGOMERY,Injury Crash,11/18/2015 08:30:00 PM,Municipality,E JEFFERSON ST,Municipality,ROLLINS AVE,,ROCKVILLE,PEDESTRIAN,OTHER,CLEAR,DRY,DARK -- UNKNOWN LIGHTING,TRAFFIC SIGNAL,N/A,N/A,F37F32F1-E8B8-42FE-9BF2-E923D41D927E,PEDESTRIAN,Cross/Enter not at Intersection,IN ROADWAY IMPROPERLY,ON ROADWAY NOT AT CROSSWALK,OBEYED PED. SIGNAL,MIXED CLOTHING,No,POSSIBLE INJURY,N/A,39.05850016,-77.12604046,"(39.05850016, -77.12604046)"
MCP2203000N,15022465,Montgomery County Police,Injury Crash,05/11/2015 03:10:00 PM,Maryland (State),CONNECTICUT AVE,County,DENFELD AVE,,N/A,PEDESTRIAN,SINGLE VEHICLE,CLEAR,DRY,DAYLIGHT,TRAFFIC SIGNAL,N/A,N/A,16CF5A0B-FC9A-42F8-958E-D21C1C8B3912,PEDESTRIAN,Walking to/from school,DART DASH,ON ROADWAY AT CROSSWALK,DISOBEYED PED. SIGNAL,LIGHT CLOTHING,,SUSPECTED MINOR INJURY,N/A,39.03896333,-77.07703833,"(39.03896333, -77.07703833)"
MCP29660038,170528869,Montgomery County Police,Injury Crash,09/05/2017 07:30:00 PM,Maryland (State),GEORGIA AVE,County,HEATHFIELD RD,,N/A,PEDESTRIAN,OTHER,RAINING,WET,DARK -- UNKNOWN LIGHTING,NO CONTROLS,NONE DETECTED,NONE DETECTED,9462ADC1-0426-405E-8356-50A5BA05B34F,PEDESTRIAN,Cross/Enter at Intersection,DART DASH,AT INTERSECTION BUT NO CROSSWALK,NO PED. SIGNAL,N/A,Yes,SUSPECTED SERIOUS INJURY,NONE,39.08765,-77.07965833,"(39.08765, -77.07965833)"
MCP9390000R,17003344,Montgomery County Police,Injury Crash,01/19/2017 06:00:00 PM,County,FIELDS RD,Municipality,RIO BLVD,,GAITHERSBURG,PEDESTRIAN,SINGLE VEHICLE,CLEAR,DRY,DARK LIGHTS ON,N/A,N/A,N/A,0BBDFACF-922C-47DA-98E8-2400A45A331D,PEDESTRIAN,Cross/Enter not at Intersection,IN ROADWAY IMPROPERLY,ON ROADWAY NOT AT CROSSWALK,NO PED. SIGNAL,DARK CLOTHING,Yes,SUSPECTED MINOR INJURY,N/A,39.11622061,-77.20594615,"(39.11622061, -77.20594615)"
MCP2891002Z,16060748,Montgomery County Police,Injury Crash,11/26/2016 02:58:00 PM,Maryland (State),GEORGIA AVE,County,AUGUST DR,,N/A,PEDESTRIAN,SINGLE VEHICLE,CLEAR,DRY,DAYLIGHT,TRAFFIC SIGNAL,NONE DETECTED,NONE DETECTED,95EAD03C-F76E-4DBE-A42F-68F165F45774,PEDESTRIAN,Cross/Enter at Intersection,NO IMPROPER ACTIONS,AT INTERSECTION MARKED CROSSWALK,OBEYED PED. SIGNAL,MIXED CLOTHING,No,SUSPECTED MINOR INJURY,N/A,39.02143,-77.04466,"(39.02143, -77.04466)"
MCP30440024,170546801,Montgomery County Police,Injury Crash,12/05/2017 06:24:00 PM,,,,,PARKING LOT OF GIANT,,PEDESTRIAN,OTHER,RAINING,,DARK LIGHTS ON,NO CONTROLS,NONE DETECTED,NONE DETECTED,6260B6DB-BBC4-492F-96A6-2A343726AE7B,PEDESTRIAN,Other,OTHER,OTHER,NO PED. SIGNAL,LIGHT CLOTHING,No,POSSIBLE INJURY,NONE,39.04098628,-76.98896885,"(39.04098628, -76.98896885)"
MCP2892001G,16001993,Montgomery County Police,Injury Crash,01/11/2016 05:15:00 PM,,,,,BANK OF AMERICA PARKING LOT,,PEDESTRIAN,OTHER,CLEAR,,N/A,NO CONTROLS,NONE DETECTED,NONE DETECTED,3EAC3D47-6C6A-4FA8-B1EA-EA37D1D368E6,PEDESTRIAN,Walking/Cycling on Sidewalk,NO IMPROPER ACTIONS,SIDEWALK,NO PED. SIGNAL,UNKNOWN,No,POSSIBLE INJURY,NONE,39.04118524,-77.05333516,"(39.04118524, -77.05333516)"
MCP3040003F,190019668,Montgomery County Police,Injury Crash,04/26/2019 10:00:00 PM,,,,,DRIVEWAY OF 23001 HOWARD CHAPEL RD,,PEDESTRIAN,N/A,CLEAR,,DARK NO LIGHTS,N/A,N/A,N/A,98711C8C-DD35-4B0E-A47A-75C4C5151DB6,PEDESTRIAN,Other,NO IMPROPER ACTIONS,OTHER,N/A,MIXED CLOTHING,No,POSSIBLE INJURY,N/A,39.23350333,-77.07254667,"(39.23350333, -77.07254667)"
MCP2869003G,190021532,Montgomery County Police,Injury Crash,05/07/2019 03:00:00 PM,County,HENDERSON AVE,County,GRANDVIEW AVE,,N/A,BICYCLIST,OTHER,N/A,N/A,DAYLIGHT,STOP SIGN,NONE DETECTED,NONE DETECTED,643E2E57-C0B8-403B-9F68-138CCE019363,BICYCLIST,Cross/Enter at Intersection,FAILURE TO OBEY TRAFFIC SIGNS SIGNALS OR OFFICER,AT INTERSECTION BUT NO CROSSWALK,OTHER,LIGHT CLOTHING,Yes,SUSPECTED SERIOUS INJURY,UNKNOWN,39.05102333,-77.05268667,"(39.05102333, -77.05268667)"
MCP3117001Z,190024624,Montgomery County Police,Injury Crash,05/23/2019 09:20:00 PM,Maryland (State),FREDERICK RD,County,SHADY GROVE RD,,N/A,PEDESTRIAN,OTHER,CLEAR,DRY,DARK LIGHTS ON,TRAFFIC SIGNAL,N/A,NONE DETECTED,BAB38DC3-F007-4D60-B1F4-63607B7440E1,PEDESTRIAN,Cross/Enter not at Intersection,FAILURE TO OBEY TRAFFIC SIGNS SIGNALS OR OFFICER,ON ROADWAY AT CROSSWALK,DISOBEYED PED. SIGNAL,DARK CLOTHING,Yes,SUSPECTED MINOR INJURY,NONE,39.12294833,-77.17762,"(39.12294833, -77.17762)"
MCP28590029,16032842,Montgomery County Police,Injury Crash,06/29/2016 06:48:00 AM,,,,,"PARKING SPACE OUTSIDE 1088 WEST SIDE DR, GAITHERSBURG, MD.",,PEDESTRIAN,OTHER,N/A,,DAYLIGHT,NO CONTROLS,N/A,NONE DETECTED,73E4C9E2-F31C-4EDD-9E17-81711C5649AA,PEDESTRIAN,Standing,OTHER,OTHER,N/A,MIXED CLOTHING,Yes,SUSPECTED MINOR INJURY,NONE,39.12388466,-77.20288038,"(39.12388466, -77.20288038)"
MCP28810023,17015769,Montgomery County Police,Injury Crash,03/28/2017 12:05:00 PM,Maryland (State),GERMANTOWN RD,County,AIRCRAFT DR,,N/A,OTHER CONVEYANCE,STRAIGHT MOVEMENT ANGLE,N/A,N/A,DAYLIGHT,TRAFFIC SIGNAL,N/A,N/A,88565610-D3CF-4B30-97D5-BE0B77B2B33C,OTHER CONVEYANCE,Cross/Enter at Intersection,FAILURE TO OBEY TRAFFIC SIGNS SIGNALS OR OFFICER,ON ROADWAY AT CROSSWALK,DISOBEYED PED. SIGNAL,LIGHT CLOTHING,Yes,POSSIBLE INJURY,N/A,39.00864833,-77.113435,"(39.00864833, -77.113435)"
EJ78330040,170536537,Gaithersburg Police Depar,Injury Crash,10/13/2017 08:58:00 PM,Municipality,HILLSTONE RD,Maryland (State),QUINCE ORCHARD RD,,N/A,PEDESTRIAN,OTHER,CLOUDY,DRY,DARK LIGHTS ON,TRAFFIC SIGNAL,NONE DETECTED,NONE DETECTED,68D77B82-F7F4-46C3-9F34-8128D0CFEF70,PEDESTRIAN,Cross/Enter not at Intersection,NOT VISIBLE,ON ROADWAY NOT AT CROSSWALK,UNKNOWN,DARK CLOTHING,Unknown,SUSPECTED MINOR INJURY,NONE,39.11969794,-77.25060225,"(39.11969794, -77.25060225)"
MCP1227000T,180057601,Montgomery County Police,Injury Crash,11/16/2018 11:10:00 PM,Maryland (State),CONNECTICUT AVE,County,JONES BRIDGE RD,,N/A,BICYCLIST,OTHER,CLEAR,DRY,DARK LIGHTS ON,TRAFFIC SIGNAL,NONE DETECTED,NONE DETECTED,C0A77A8E-CECE-46BB-B89E-81ABE51EB0FF,BICYCLIST,Cross/Enter at Intersection,FAILURE TO OBEY TRAFFIC SIGNS SIGNALS OR OFFICER,ON ROADWAY NOT AT CROSSWALK,N/A,UNKNOWN,Unknown,SUSPECTED SERIOUS INJURY,NONE,38.99987864,-77.0770297,"(38.99987864, -77.0770297)"
MCP23580033,170502313,Montgomery County Police,Property Damage Crash,04/15/2017 12:03:00 PM,County,MACARTHUR BLVD,County,SEVEN LOCKS RD,,N/A,BICYCLIST,STRAIGHT MOVEMENT ANGLE,CLEAR,DRY,DAYLIGHT,STOP SIGN,NONE DETECTED,NONE DETECTED,9A003A84-A4AA-4974-BBF4-5C4FEE78AA79,BICYCLIST,Cross/Enter at Intersection,UNKNOWN,ON ROADWAY NOT AT CROSSWALK,OTHER,MIXED CLOTHING,Unknown,NO APPARENT INJURY,MC/BIKE HELMET,38.974444,-77.1611859,"(38.974444, -77.1611859)"
MCP1512001C,170550918,Montgomery County Police,Injury Crash,12/27/2017 05:46:00 PM,Maryland (State),CLOPPER RD,Municipality,METROPOLITAN GROVE RD,,GAITHERSBURG,PEDESTRIAN,SINGLE VEHICLE,CLEAR,DRY,DARK LIGHTS ON,NO CONTROLS,NONE DETECTED,NONE DETECTED,5524EE95-046C-493B-9130-132A1E0E1E67,PEDESTRIAN,Cross/Enter not at Intersection,FAILURE TO YIELD RIGHT OF WAY,ON ROADWAY NOT AT CROSSWALK,NO PED. SIGNAL,LIGHT CLOTHING,Yes,SUSPECTED MINOR INJURY,NONE,39.14486,-77.22616167,"(39.14486, -77.22616167)"
MCP26830030,180027780,Montgomery County Police,Property Damage Crash,06/05/2018 11:19:00 PM,,,,,"9864 HELLINGLY PL
GAITHERSBURG, MD 20886",,OTHER,SINGLE VEHICLE,CLEAR,,DARK LIGHTS ON,N/A,NONE DETECTED,NONE DETECTED,D6BCA1D0-DEF4-4251-A8F0-632894774FA0,OTHER,N/A,UNKNOWN,INSIDE BUILDING,N/A,N/A,No,NO APPARENT INJURY,N/A,39.15987167,-77.203125,"(39.15987167, -77.203125)"
MCP2290001S,180064498,Montgomery County Police,Injury Crash,12/26/2018 08:32:00 AM,,,,,IFO 16567 S FREDERICK AVE (WEIS MARKET),,PEDESTRIAN,SINGLE VEHICLE,CLEAR,,DAYLIGHT,N/A,,UNKNOWN,D489AF8F-178B-404B-9524-58F54E821A47,PEDESTRIAN,Other,UNKNOWN,OTHER,N/A,DARK CLOTHING,Unknown,POSSIBLE INJURY,NONE,39.12602355,-77.1819099,"(39.12602355, -77.1819099)"
MCP229800L8,180053322,Montgomery County Police,Injury Crash,10/24/2018 05:33:00 PM,,,,,PARKING LOT OF 22222 DAVIS MILL RD,,"MACHINE OPERATOR/RIDER, OTHER",OTHER,CLEAR,,DAYLIGHT,NO CONTROLS,,NONE DETECTED,9B46E634-02FE-4FB2-A79F-5F5601A80AFA,MACHINE OPERATOR/RIDER,N/A,OTHER,OTHER,N/A,N/A,Unknown,POSSIBLE INJURY,N/A,39.221495,-77.2227965,"(39.221495, -77.2227965)"
MCP25970015,15003230,Montgomery County Police,Injury Crash,01/20/2015 05:46:00 PM,County,WAYNE AVE,County,RAMSEY AVE,,N/A,PEDESTRIAN,OTHER,CLEAR,DRY,DARK LIGHTS ON,TRAFFIC SIGNAL,NONE DETECTED,ALCOHOL PRESENT,D40E853D-4DD8-4833-9A6A-E4358E0384D7,PEDESTRIAN,Cross/Enter at Intersection,IN ROADWAY IMPROPERLY,ON ROADWAY NOT AT CROSSWALK,DISOBEYED PED. SIGNAL,DARK CLOTHING,,SUSPECTED MINOR INJURY,NONE,38.99450598,-77.02920198,"(38.99450598, -77.02920198)"
DD55020029,16020780,Rockville Police Departme,Injury Crash,04/27/2016 05:44:00 PM,Municipality,PICCARD DR,Municipality,CURIE CT,,ROCKVILLE,PEDESTRIAN,OTHER,CLOUDY,DRY,DAYLIGHT,NO CONTROLS,NONE DETECTED,NONE DETECTED,9D99EAA8-F5CC-4BB1-9ED6-AF7D7ED95A7D,PEDESTRIAN,Cross/Enter at Intersection,INATTENTIVE,ON ROADWAY NOT AT CROSSWALK,NO PED. SIGNAL,DARK CLOTHING,Yes,POSSIBLE INJURY,NONE,39.10587333,-77.17983,"(39.10587333, -77.17983)"
MCP11740020,17013679,Montgomery County Police,Injury Crash,03/17/2017 09:25:00 AM,Maryland (State),WISCONSIN AVE,County,BETHESDA AVE,,N/A,PEDESTRIAN,OTHER,CLEAR,DRY,DAYLIGHT,TRAFFIC SIGNAL,UNKNOWN,N/A,95F6080D-29A3-4E2F-BAEA-94C0415E9F73,PEDESTRIAN,Cross/Enter at Intersection,NO IMPROPER ACTIONS,AT INTERSECTION MARKED CROSSWALK,OBEYED PED. SIGNAL,DARK CLOTHING,No,SUSPECTED MINOR INJURY,NONE,38.98103486,-77.09271938,"(38.98103486, -77.09271938)"
MCP2456000T,16006689,Montgomery County Police,Injury Crash,01/08/2016 10:21:00 AM,Maryland (State),UNIVERSITY BLVD W,County,LORAIN AVE,,N/A,PEDESTRIAN,STRAIGHT MOVEMENT ANGLE,CLEAR,DRY,DAYLIGHT,N/A,NONE DETECTED,NONE DETECTED,A396EFD0-76D4-4158-B271-937D413F635F,PEDESTRIAN,Unknown,UNKNOWN,OTHER,NO PED. SIGNAL,DARK CLOTHING,Unknown,POSSIBLE INJURY,N/A,39.020875,-77.01510667,"(39.020875, -77.01510667)"
EJ7836000M,170510539,Gaithersburg Police Depar,Injury Crash,05/29/2017 04:40:00 PM,,,,,PARKING LOT IN FRONT OF 394 N SUMMIT AVENUE,,PEDESTRIAN,SINGLE VEHICLE,CLEAR,,DAYLIGHT,NO CONTROLS,N/A,N/A,DF54EEB3-ACEE-4FF0-A5CF-F7BC270065A5,PEDESTRIAN,Playing,DART DASH,N/A,N/A,MIXED CLOTHING,Yes,SUSPECTED MINOR INJURY,N/A,39.09755833,-77.206595,"(39.09755833, -77.206595)"
MCP2588001V,16049667,Montgomery County Police,Injury Crash,09/27/2016 10:21:00 AM,County,RANDOLPH RD,County,BLUHILL RD,,N/A,PEDESTRIAN,OTHER,CLEAR,DRY,DAYLIGHT,OTHER,NONE DETECTED,NONE DETECTED,5527FCE3-D938-4231-B31A-B270E27C5A52,PEDESTRIAN,Cross/Enter at Intersection,NO IMPROPER ACTIONS,N/A,NO PED. SIGNAL,LIGHT CLOTHING,No,SUSPECTED MINOR INJURY,N/A,39.05920833,-77.06485,"(39.05920833, -77.06485)"
MCP11480015,16009387,Montgomery County Police,Injury Crash,02/25/2016 10:11:00 AM,County,EDGEMOOR LA,Maryland (State),OLD GEORGETOWN RD,,N/A,PEDESTRIAN,SINGLE VEHICLE,CLOUDY,DRY,DAYLIGHT,STOP SIGN,NONE DETECTED,NONE DETECTED,1A36AB37-3CAA-4488-B449-C327CACB3CEC,PEDESTRIAN,Cross/Enter at Intersection,NO IMPROPER ACTIONS,ON ROADWAY AT CROSSWALK,NO PED. SIGNAL,LIGHT CLOTHING,No,SUSPECTED SERIOUS INJURY,NONE,38.98464333,-77.09586667,"(38.98464333, -77.09586667)"
MCP2889000R,15018140,Montgomery County Police,Injury Crash,04/18/2015 09:33:00 AM,Maryland (State),OLNEY LAYTONSVILLE RD,County,BOWIE MILL RD,,N/A,PEDESTRIAN,OTHER,N/A,DRY,DAYLIGHT,NO CONTROLS,NONE DETECTED,NONE DETECTED,2E8C683A-6E6E-4A2E-B785-60266845350E,PEDESTRIAN,Cross/Enter at Intersection,NO IMPROPER ACTIONS,ON ROADWAY AT CROSSWALK,OBEYED PED. SIGNAL,MIXED CLOTHING,,POSSIBLE INJURY,N/A,39.09912667,-77.04219833,"(39.09912667, -77.04219833)"
DD5603005P,180015684,Rockville Police Departme,Injury Crash,03/31/2018 06:00:00 PM,,,,,1643B ROCKVILLE PIKE (PARKING LOT/STORE),,PEDESTRIAN,SINGLE VEHICLE,CLEAR,,DAYLIGHT,NO CONTROLS,NONE DETECTED,NONE DETECTED,B2DB1C33-2312-47B7-A458-3D2A4B6B51B4,PEDESTRIAN,Standing,NO IMPROPER ACTIONS,INSIDE BUILDING,N/A,DARK CLOTHING,No,SUSPECTED MINOR INJURY,N/A,39.06219902,-77.12715626,"(39.06219902, -77.12715626)"
MCP31900008,190012811,Montgomery County Police,Injury Crash,03/21/2019 07:12:00 AM,,BANQUO DRIVE,,DUNSINANE DRIVE,,N/A,PEDESTRIAN,OTHER,N/A,DRY,DAYLIGHT,N/A,UNKNOWN,N/A,CDC6344C-DBAB-4523-B7E6-D6A18A31C086,PEDESTRIAN,Approach/Leaving Schoolbus,DART DASH,IN SCHOOL BUS ZONE,N/A,UNKNOWN,No,POSSIBLE INJURY,N/A,39.09452051,-77.07370871,"(39.09452051, -77.07370871)"
MCP2586004F,180056363,Montgomery County Police,Injury Crash,11/09/2018 06:31:00 PM,County,STEWART LA,County,OLD COLUMBIA PIKE,,N/A,PEDESTRIAN,OTHER,CLEAR,DRY,DARK LIGHTS ON,NO CONTROLS,UNKNOWN,NONE DETECTED,25D81DF1-1BA8-4263-A0C8-33EB50D0FC75,PEDESTRIAN,Cross/Enter at Intersection,NO IMPROPER ACTIONS,ON ROADWAY AT CROSSWALK,N/A,MIXED CLOTHING,No,POSSIBLE INJURY,N/A,39.04625267,-76.98656163,"(39.04625267, -76.98656163)"
MCP12510010,17000585,Montgomery County Police,Injury Crash,01/04/2017 01:45:00 PM,Maryland (State),RIVER RD,County,BRADLEY BLVD,,N/A,BICYCLIST,HEAD ON LEFT TURN,CLEAR,DRY,DAYLIGHT,TRAFFIC SIGNAL,NONE DETECTED,NONE DETECTED,2853495C-7C37-42AD-8831-E52924D95BC7,BICYCLIST,Cross/Enter at Intersection,NO IMPROPER ACTIONS,AT INTERSECTION BUT NO CROSSWALK,UNKNOWN,REFLECTIVE MATERIAL,No,SUSPECTED MINOR INJURY,MC/BIKE HELMET,39.00204464,-77.18083799,"(39.00204464, -77.18083799)"
MCP2982001X,170503149,Montgomery County Police,Injury Crash,04/20/2017 02:22:00 PM,Maryland (State),GEORGIA AVE,County,CAMERON ST,,N/A,PEDESTRIAN,OTHER,CLEAR,DRY,DAYLIGHT,TRAFFIC SIGNAL,UNKNOWN,NONE DETECTED,4FBEB9F2-7BE0-4412-B482-041D66EF8658,PEDESTRIAN,Cross/Enter at Intersection,NO IMPROPER ACTIONS,ON ROADWAY AT CROSSWALK,NO PED. SIGNAL,DARK CLOTHING,No,SUSPECTED MINOR INJURY,NONE,38.99761097,-77.02974513,"(38.99761097, -77.02974513)"
MCP27660016,15014009,Montgomery County Police,Injury Crash,03/26/2015 07:49:00 PM,Maryland (State),GEORGIA AVE,Maryland (State),CONNECTICUT AVE,,N/A,PEDESTRIAN,STRAIGHT MOVEMENT ANGLE,RAINING,WET,DARK NO LIGHTS,NO CONTROLS,NONE DETECTED,NONE DETECTED,2EFC3F8E-01FE-4223-A942-F2CB88CD40F2,PEDESTRIAN,Cross/Enter not at Intersection,NOT VISIBLE,ON ROADWAY AT CROSSWALK,NO PED. SIGNAL,DARK CLOTHING,,POSSIBLE INJURY,NONE,39.08396833,-77.07845,"(39.08396833, -77.07845)"
MCP2565003V,17010234,Montgomery County Police,Injury Crash,02/25/2017 06:07:00 PM,Maryland (State),ROCKVILLE PIKE,County,TUCKERMAN LA,,N/A,BICYCLIST,SAME DIR REAR END,CLEAR,DRY,DARK LIGHTS ON,NO CONTROLS,NONE DETECTED,NONE DETECTED,DEF8D76B-3DEB-4AAF-9A37-3F05701EBEB5,BICYCLIST,Walking/Riding w/Traffic,N/A,ON ROADWAY NOT AT CROSSWALK,N/A,REAR REFLECTOR,No,POSSIBLE INJURY,NONE,39.02486626,-77.10308746,"(39.02486626, -77.10308746)"
MCP2935001S,190007777,Montgomery County Police,Injury Crash,02/17/2019 08:00:00 PM,,,,,"INSIDE MONTGOMERY COUNTY PARKING GARAGE #4 ON 2ND LEVEL, LOCATED AT 8110 FENTON STREET",,PEDESTRIAN,OTHER,N/A,,DARK LIGHTS ON,N/A,,NONE DETECTED,DC6AA1C0-7818-482F-8723-F59A499D4850,PEDESTRIAN,Getting off/on Vehicle,NO IMPROPER ACTIONS,OTHER,N/A,N/A,No,SUSPECTED MINOR INJURY,NONE,38.99167,-77.02514667,"(38.99167, -77.02514667)"
MCP28180022,16041124,Montgomery County Police,Injury Crash,08/13/2016 05:37:00 PM,County,FENTON ST,US (State),COLESVILLE RD,,N/A,PEDESTRIAN,OTHER,CLEAR,DRY,N/A,TRAFFIC SIGNAL,NONE DETECTED,NONE DETECTED,726029E9-22E4-401B-BF8F-47182A4389B4,PEDESTRIAN,Cross/Enter at Intersection,NO IMPROPER ACTIONS,AT INTERSECTION MARKED CROSSWALK,OBEYED PED. SIGNAL,DARK CLOTHING,No,SUSPECTED MINOR INJURY,N/A,38.99752833,-77.02718167,"(38.99752833, -77.02718167)"
MCP2868001W,16013604,MONTGOMERY,Injury Crash,03/19/2016 09:00:00 PM,County,CORDELL AVE,County,NORFOLK AVE,,N/A,PEDESTRIAN,SINGLE VEHICLE,RAINING,WET,DARK LIGHTS ON,NO CONTROLS,NONE DETECTED,NONE DETECTED,E01B5887-E0BE-4012-BFDE-B0C8B21AFA8F,PEDESTRIAN,Cross/Enter not at Intersection,NO IMPROPER ACTIONS,CURB,NO PED. SIGNAL,MIXED CLOTHING,No,POSSIBLE INJURY,NONE,38.98868545,-77.09864974,"(38.98868545, -77.09864974)"
MCP3093000S,180039443,Montgomery County Police,Injury Crash,08/08/2018 09:15:00 PM,,,,,PARKING LOT IN FRONT OF 10911 BREWER HOUSE RD,,PEDESTRIAN,N/A,N/A,,DARK LIGHTS ON,NO CONTROLS,N/A,N/A,C82748B4-44EA-499A-B04F-B56CF0CF2E16,PEDESTRIAN,Cross/Enter not at Intersection,NOT VISIBLE,ON ROADWAY NOT AT CROSSWALK,N/A,DARK CLOTHING,Yes,POSSIBLE INJURY,N/A,39.03500833,-77.11345167,"(39.03500833, -77.11345167)"
MCP2780002M,17014453,Montgomery County Police,Property Damage Crash,03/21/2017 02:54:00 PM,Maryland (State),FREDERICK RD,County,SHAKESPEARE BLVD,,N/A,PEDESTRIAN,OTHER,CLOUDY,DRY,DAYLIGHT,TRAFFIC SIGNAL,NONE DETECTED,NONE DETECTED,CBD39D23-F8A4-4FD7-B72C-BF33ED5E1882,PEDESTRIAN,Cross/Enter at Intersection,NO IMPROPER ACTIONS,ON ROADWAY AT CROSSWALK,OBEYED PED. SIGNAL,MIXED CLOTHING,No,NO APPARENT INJURY,NONE,39.19849667,-77.24467333,"(39.19849667, -77.24467333)"
EJ78520010,15030791,Gaithersburg Police Depar,Injury Crash,06/24/2015 12:23:00 PM,Maryland (State),S FREDERICK RD,Municipality,CEDAR AVE,,GAITHERSBURG,PEDESTRIAN,SAME DIR REAR END,N/A,DRY,DAYLIGHT,OTHER,UNKNOWN,N/A,F0BBBE0E-D1D8-400F-B753-C3300E5EAA75,PEDESTRIAN,Other Working,NO IMPROPER ACTIONS,OTHER,N/A,REFLECTIVE MATERIAL,,SUSPECTED SERIOUS INJURY,REFLECTIVE CLOTHING,39.13965546,-77.196486,"(39.13965546, -77.196486)"
MCP1453002D,16000517,Montgomery County Police,Injury Crash,01/04/2016 08:19:00 AM,,,,,PARKING LOT OF 20910 FREDERICK RD (WALMART),,PEDESTRIAN,SINGLE VEHICLE,CLEAR,,DAYLIGHT,STOP SIGN,NONE DETECTED,NONE DETECTED,4B1C641C-875E-4C59-9B0B-3AD7C4CBB578,PEDESTRIAN,Cross/Enter at Intersection,NO IMPROPER ACTIONS,DRIVEWAY ACCESS MARKED CROSSWALK,NO PED. SIGNAL,MIXED CLOTHING,No,SUSPECTED MINOR INJURY,NONE,39.197795,-77.25234333,"(39.197795, -77.25234333)"
MCP1181000W,19001952,Montgomery County Police,Injury Crash,04/28/2019 07:52:00 PM,County,MEADOW MIST RD,Other Public Roadway,MEADOW MIST RD (BACK),,N/A,PEDESTRIAN,OTHER,CLEAR,DRY,DAYLIGHT,NO CONTROLS,NONE DETECTED,NONE DETECTED,48D32FF4-D1BC-43D1-ABD5-D48773652D1D,PEDESTRIAN,Playing,DART DASH,OTHER,NO PED. SIGNAL,MIXED CLOTHING,Yes,SUSPECTED MINOR INJURY,N/A,39.23093667,-77.243555,"(39.23093667, -77.243555)"
MCP27190024,180001211,Montgomery County Police,Injury Crash,01/08/2018 11:00:00 PM,Maryland (State),VEIRS MILL RD,County,ENNALLS AVE,,N/A,PEDESTRIAN,OTHER,WINTRY MIX,ICE,DARK LIGHTS ON,NO CONTROLS,N/A,ALCOHOL PRESENT,0166E0A8-0C15-498D-A5D5-8842AECE151F,PEDESTRIAN,Cross/Enter not at Intersection,FAILURE TO YIELD RIGHT OF WAY,ON ROADWAY NOT AT CROSSWALK,NO PED. SIGNAL,DARK CLOTHING,Yes,SUSPECTED SERIOUS INJURY,NONE,39.03912167,-77.05435167,"(39.03912167, -77.05435167)"
MCP1379004B,16044397,Montgomery County Police,Injury Crash,08/31/2016 11:55:00 AM,County,E RANDOLPH RD,Maryland (State),NEW HAMPSHIRE AVE,,N/A,PEDESTRIAN,STRAIGHT MOVEMENT ANGLE,CLEAR,DRY,DAYLIGHT,NO CONTROLS,NONE DETECTED,NONE DETECTED,39B1E023-73D3-445E-B3D1-17AA018E6822,PEDESTRIAN,Walking/Cycling on Sidewalk,IN ROADWAY IMPROPERLY,ON ROADWAY NOT AT CROSSWALK,NO PED. SIGNAL,MIXED CLOTHING,Yes,SUSPECTED MINOR INJURY,NONE,39.07602167,-77.00309667,"(39.07602167, -77.00309667)"
MCP2339002G,170512551,Montgomery County Police,Injury Crash,06/08/2017 07:32:00 AM,County,BRIGGS CHANEY RD,County,GOOD HOPE RD,,N/A,BICYCLIST,HEAD ON LEFT TURN,N/A,DRY,DAYLIGHT,NO CONTROLS,NONE DETECTED,NONE DETECTED,BBA9D4FB-1414-4CA9-9C38-58CEC03FB028,BICYCLIST,Cross/Enter at Intersection,N/A,AT INTERSECTION BUT NO CROSSWALK,N/A,MIXED CLOTHING,No,SUSPECTED MINOR INJURY,MC/BIKE HELMET,39.101519,-76.980297,"(39.101519, -76.980297)"
MCP27940015,15053515,MONTGOMERY,Injury Crash,10/21/2015 10:13:00 PM,County,WOODMONT AVE,County,BATTERY LA,,N/A,PEDESTRIAN,OTHER,N/A,DRY,DARK NO LIGHTS,TRAFFIC SIGNAL,N/A,NONE DETECTED,943C5411-C1B5-48C7-AB56-F6FAFE3EC709,PEDESTRIAN,Cross/Enter at Intersection,NO IMPROPER ACTIONS,AT INTERSECTION MARKED CROSSWALK,OBEYED PED. SIGNAL,MIXED CLOTHING,No,SUSPECTED MINOR INJURY,N/A,38.99270484,-77.09711552,"(38.99270484, -77.09711552)"
MCP2717007S,16048948,Montgomery County Police,Injury Crash,09/23/2016 01:20:00 PM,County,WOODMONT AVE,County,ST ELMO AVE,,N/A,PEDESTRIAN,OTHER,CLEAR,DRY,DAYLIGHT,TRAFFIC SIGNAL,NONE DETECTED,NONE DETECTED,05B55015-AEE9-4565-9BA4-710136E300FE,PEDESTRIAN,Cross/Enter at Intersection,FAILURE TO YIELD RIGHT OF WAY,ON ROADWAY AT CROSSWALK,DISOBEYED PED. SIGNAL,MIXED CLOTHING,Yes,SUSPECTED MINOR INJURY,NONE,38.98945167,-77.096755,"(38.98945167, -77.096755)"