Report Number,Local Case Number,Agency Name,ACRS Report Type,Crash Date/Time,Route Type,Road Name,Cross-Street Type,Cross-Street Name,Off-Road Description,Municipality,Related Non-Motorist,Collision Type,Weather,Surface Condition,Light,Traffic Control,Driver Substance Abuse,Non-Motorist Substance Abuse,Person ID,Pedestrian Type,Pedestrian Movement,Pedestrian Actions,Pedestrian Location,Pedestrian Obeyed Traffic Signal,Pedestrian Visibility,At Fault,Injury Severity,Safety Equipment,Latitude,Longitude,Location
MCP27450018,15058225,MONTGOMERY,Injury Crash,11/14/2015 09:50:00 PM,County,FLOWER HILL WAY,Maryland (State),WOODFIELD RD,,N/A,PEDESTRIAN,OTHER,N/A,DRY,DARK LIGHTS ON,NO CONTROLS,UNKNOWN,N/A,B928E4E0-F6F9-4E53-A6B2-31F6E55F2F28,PEDESTRIAN,Cross/Enter not at Intersection,UNKNOWN,SIDEWALK,N/A,DARK CLOTHING,No,SUSPECTED SERIOUS INJURY,NONE,39.15570833,-77.16471833,"(39.15570833, -77.16471833)"
MCP20610005,15061920,Montgomery County Police,Injury Crash,11/12/2015 07:30:00 AM,Municipality,NORRIS RD,Maryland (State),FISHER AVE,,N/A,PEDESTRIAN,STRAIGHT MOVEMENT ANGLE,CLEAR,DRY,DAWN,STOP SIGN,N/A,N/A,0B3B1321-2B1E-46E3-84B4-FA167BB1684F,PEDESTRIAN,Cross/Enter at Intersection,NO IMPROPER ACTIONS,ON ROADWAY AT CROSSWALK,NO PED. SIGNAL,DARK CLOTHING,Unknown,SUSPECTED MINOR INJURY,NONE,39.14544691,-77.41474271,"(39.14544691, -77.41474271)"
MCP3053001X,180020607,Montgomery County Police,Injury Crash,04/27/2018 12:44:00 PM,County,INDEPENDENCE ST,County,PARKLAND DR,,N/A,PEDESTRIAN,OTHER,CLOUDY,DRY,DAYLIGHT,NO CONTROLS,N/A,N/A,0BD058F5-F8CE-486C-A3D3-2CB77BA0DDAE,PEDESTRIAN,Walking/Riding against Traffic,DART DASH,ON ROADWAY NOT AT CROSSWALK,NO PED. SIGNAL,LIGHT CLOTHING,Yes,POSSIBLE INJURY,N/A,39.07285333,-77.08617667,"(39.07285333, -77.08617667)"
MCP25520028,180000091,Montgomery County Police,Injury Crash,01/01/2018 03:25:00 PM,,,,,"PARKING LOT OF 12051 ROCKVILLE PIKE, ROCKVILLE, MD 20851.",,PEDESTRIAN,OTHER,CLEAR,,DAYLIGHT,N/A,N/A,N/A,C4345F08-F201-4AAF-BA22-1B3482F5B76C,PEDESTRIAN,Cross/Enter not at Intersection,NO IMPROPER ACTIONS,ON ROADWAY AT CROSSWALK,N/A,N/A,No,SUSPECTED MINOR INJURY,N/A,39.05494275,-77.11521506,"(39.05494275, -77.11521506)"
MCP2046009H,190004682,Montgomery County Police,Injury Crash,01/30/2019 06:44:00 AM,US (State),COLUMBIA PIKE,County,STEWART LA,,N/A,PEDESTRIAN,STRAIGHT MOVEMENT ANGLE,CLEAR,N/A,DARK LIGHTS ON,TRAFFIC SIGNAL,NONE DETECTED,NONE DETECTED,E0354840-7F4F-4FE8-84D4-9615BD7DE4FD,PEDESTRIAN,Cross/Enter at Intersection,NO IMPROPER ACTIONS,AT INTERSECTION BUT NO CROSSWALK,NO PED. SIGNAL,MIXED CLOTHING,No,POSSIBLE INJURY,N/A,39.04634667,-76.98751833,"(39.04634667, -76.98751833)"
MCP2929001Q,16041572,Montgomery County Police,Injury Crash,08/16/2016 10:30:00 AM,County,PRINCE PHILIP DR,Maryland (State),OLNEY SANDY SPRING RD,,N/A,OTHER,OTHER,N/A,DRY,DAYLIGHT,NO CONTROLS,NONE DETECTED,NONE DETECTED,381161B4-3118-4BA5-A6F6-1C4D7613FD84,OTHER,Getting off/on Vehicle,N/A,SHOULDER,NO PED. SIGNAL,LIGHT CLOTHING,No,SUSPECTED MINOR INJURY,N/A,39.15071372,-77.05721498,"(39.15071372, -77.05721498)"
MCP12050050,190018148,Montgomery County Police,Injury Crash,04/18/2019 01:16:00 PM,County,BETHESDA AVE,County,ARLINGTON RD,,N/A,PEDESTRIAN,OTHER,CLOUDY,DRY,DAYLIGHT,NO CONTROLS,NONE DETECTED,NONE DETECTED,7AF1F7CC-3753-41FF-BAA8-947667C96D6F,PEDESTRIAN,Cross/Enter not at Intersection,IN ROADWAY IMPROPERLY,ON ROADWAY NOT AT CROSSWALK,N/A,MIXED CLOTHING,Yes,SUSPECTED MINOR INJURY,NONE,38.98081479,-77.09732498,"(38.98081479, -77.09732498)"
MCP2689002T,17009131,Montgomery County Police,Injury Crash,02/20/2017 07:47:00 AM,County,TWINBROOK PKWY,County,PARKLAWN DR,,N/A,PEDESTRIAN,SINGLE VEHICLE,CLEAR,DRY,DAYLIGHT,TRAFFIC SIGNAL,NONE DETECTED,NONE DETECTED,164A863C-A1FB-4CD9-A5B9-F4D54B17273A,PEDESTRIAN,Cross/Enter at Intersection,NO IMPROPER ACTIONS,AT INTERSECTION MARKED CROSSWALK,OBEYED PED. SIGNAL,REFLECTIVE MATERIAL,No,SUSPECTED MINOR INJURY,REFLECTIVE CLOTHING,39.06148051,-77.11623296,"(39.06148051, -77.11623296)"
DD5593001B,15031012,Rockville Police Departme,Injury Crash,06/25/2015 01:09:00 PM,Municipality,WOOTTON PKWY,Municipality,HURLEY AVE,,ROCKVILLE,BICYCLIST,ANGLE MEETS LEFT TURN,N/A,DRY,DAYLIGHT,TRAFFIC SIGNAL,N/A,N/A,2729A8B5-BA74-4753-BFCB-66DA13183975,BICYCLIST,Cross/Enter at Intersection,DART DASH,IN BIKEWAY,UNKNOWN,LIGHT CLOTHING,,SUSPECTED MINOR INJURY,N/A,39.080785,-77.18507,"(39.080785, -77.18507)"
MCP3037002H,190012244,Montgomery County Police,Injury Crash,03/16/2019 07:54:00 PM,,,,,"PARKING LOT OF 501 QUINCE ORCHARD RD, GAITHERSBURG, MD",,PEDESTRIAN,SINGLE VEHICLE,N/A,,DARK LIGHTS ON,N/A,UNKNOWN,NONE DETECTED,3932B4AA-1DE9-45C5-8313-77B5816147E6,PEDESTRIAN,Other,NO IMPROPER ACTIONS,OTHER,NO PED. SIGNAL,UNKNOWN,No,SUSPECTED MINOR INJURY,N/A,39.18419667,-77.26345167,"(39.18419667, -77.26345167)"
MCP1417005F,16027322,Montgomery County Police,Injury Crash,06/01/2016 10:30:00 AM,,,,,"PARKING LOT OF
18206 CONTOUR ROAD",,PEDESTRIAN,SINGLE VEHICLE,CLEAR,,DAYLIGHT,NO CONTROLS,NONE DETECTED,NONE DETECTED,EE60808D-FFAE-4A9A-9E32-417D1F15A7A6,PEDESTRIAN,Other,DART DASH,OTHER,NO PED. SIGNAL,MIXED CLOTHING,Yes,SUSPECTED MINOR INJURY,NONE,39.1551877,-77.19924331,"(39.1551877, -77.19924331)"
MCP1309000Z,170540675,Montgomery County Police,Injury Crash,11/03/2017 01:15:00 PM,County,SHAKESPEARE BLVD,Maryland (State),FREDERICK RD,,N/A,PEDESTRIAN,OTHER,CLEAR,DRY,DAYLIGHT,NO CONTROLS,NONE DETECTED,NONE DETECTED,E2B78726-07A4-455B-AA06-06DA61850847,PEDESTRIAN,Cross/Enter not at Intersection,IN ROADWAY IMPROPERLY,ON ROADWAY NOT AT CROSSWALK,NO PED. SIGNAL,LIGHT CLOTHING,Yes,SUSPECTED MINOR INJURY,N/A,39.19820167,-77.2457,"(39.19820167, -77.2457)"
MCP3022001N,180015324,Montgomery County Police,Injury Crash,03/22/2018 12:30:00 PM,,,,,"PARKING LOT OF 7ELEVEN LOCATED AT 13001 WISTERIA DRIVE, GERMANTOWN, MD 20874",,PEDESTRIAN,OPPOSITE DIR BOTH LEFT TURN,CLEAR,,DAYLIGHT,STOP SIGN,UNKNOWN,UNKNOWN,FA9A83C1-92ED-4AB6-A0EC-F198348119E8,PEDESTRIAN,Cross/Enter at Intersection,N/A,AT INTERSECTION BUT NO CROSSWALK,UNKNOWN,MIXED CLOTHING,No,SUSPECTED MINOR INJURY,N/A,39.17844221,-77.27031916,"(39.17844221, -77.27031916)"
MCP3143000R,180056364,Montgomery County Police,Injury Crash,11/09/2018 06:44:00 PM,County,EXECUTIVE BLVD,County,MARINELLI RD,,N/A,PEDESTRIAN,OTHER,RAINING,WET,DARK LIGHTS ON,TRAFFIC SIGNAL,NONE DETECTED,NONE DETECTED,C2314996-CF3F-47D5-8D37-B45F104BFCA9,PEDESTRIAN,Cross/Enter at Intersection,NO IMPROPER ACTIONS,N/A,UNKNOWN,DARK CLOTHING,No,SUSPECTED MINOR INJURY,NONE,39.046515,-77.11683167,"(39.046515, -77.11683167)"
MCP2116003Q,16006064,Montgomery County Police,Injury Crash,02/05/2016 05:11:00 PM,Municipality,W GUDE DR,Municipality,PICCARD DR,,ROCKVILLE,PEDESTRIAN,STRAIGHT MOVEMENT ANGLE,CLEAR,DRY,DUSK,TRAFFIC SIGNAL,N/A,NONE DETECTED,D92DD21D-ABA4-4FF7-B86B-278C0FD1A294,PEDESTRIAN,Cross/Enter at Intersection,NO IMPROPER ACTIONS,ON ROADWAY AT CROSSWALK,OBEYED PED. SIGNAL,LIGHT CLOTHING,No,SUSPECTED MINOR INJURY,NONE,39.101867,-77.177141,"(39.101867, -77.177141)"
MCP27890024,16002818,Montgomery County Police,Injury Crash,01/15/2016 04:00:00 PM,County,MANCHESTER RD,County,E WAYNE AVE,,N/A,PEDESTRIAN,SINGLE VEHICLE,CLEAR,DRY,DAYLIGHT,NO CONTROLS,N/A,N/A,50389101-ED99-4016-AC5C-34A12326FC6E,PEDESTRIAN,Walking/Riding w/Traffic,IN ROADWAY IMPROPERLY,OUTSIDE RIGHT OF WAY,NO PED. SIGNAL,MIXED CLOTHING,Yes,SUSPECTED MINOR INJURY,N/A,39.00258167,-77.01118333,"(39.00258167, -77.01118333)"
MCP2707001D,180062919,Montgomery County Police,Injury Crash,12/17/2018 08:00:00 AM,Maryland (State),FREDERICK RD,Ramp,RAMP 8 FR MD 355 SB TO IS 370 WB,,N/A,PEDESTRIAN,SAME DIRECTION RIGHT TURN,CLEAR,DRY,DAYLIGHT,N/A,UNKNOWN,NONE DETECTED,0A3109EA-795A-49B6-94DB-8F54EA8E1C55,PEDESTRIAN,Cross/Enter at Intersection,INATTENTIVE,AT INTERSECTION MARKED CROSSWALK,NO PED. SIGNAL,N/A,No,SUSPECTED MINOR INJURY,NONE,39.12366524,-77.17905555,"(39.12366524, -77.17905555)"
MCP2546002K,180050432,Montgomery County Police,Injury Crash,10/09/2018 06:56:00 AM,Maryland (State),GEORGIA AVE,County,WENDY LA,,N/A,PEDESTRIAN,ANGLE MEETS RIGHT TURN,CLEAR,DRY,DAWN,NO CONTROLS,NONE DETECTED,NONE DETECTED,FB6D6D1B-BB93-45B8-B6FB-829294B67442,PEDESTRIAN,Standing,NO IMPROPER ACTIONS,SIDEWALK,N/A,UNKNOWN,No,POSSIBLE INJURY,N/A,39.078979,-77.07256,"(39.078979, -77.07256)"
MCP29730017,16015925,Montgomery County Police,Injury Crash,04/01/2016 02:47:00 PM,Maryland (State),VEIRS MILL RD,Maryland (State),UNIVERSITY BLVD W,,N/A,PEDESTRIAN,SINGLE VEHICLE,CLEAR,DRY,DAYLIGHT,NO CONTROLS,NONE DETECTED,NONE DETECTED,ADDBFD5E-AABA-4B00-8E4A-AD3474884ACC,PEDESTRIAN,Cross/Enter not at Intersection,FAILURE TO YIELD RIGHT OF WAY,ON ROADWAY NOT AT CROSSWALK,NO PED. SIGNAL,MIXED CLOTHING,Yes,POSSIBLE INJURY,NONE,39.04029881,-77.05611527,"(39.04029881, -77.05611527)"
MCP2986000B,16007349,Montgomery County Police,Injury Crash,02/12/2016 09:43:00 PM,Maryland (State),COLESVILLE RD,County,SECOND AVE,,N/A,PEDESTRIAN,STRAIGHT MOVEMENT ANGLE,CLEAR,DRY,DARK LIGHTS ON,TRAFFIC SIGNAL,NONE DETECTED,NONE DETECTED,A1830BD2-6270-41BC-B006-AF6C1C019439,PEDESTRIAN,Cross/Enter at Intersection,NO IMPROPER ACTIONS,AT INTERSECTION MARKED CROSSWALK,OBEYED PED. SIGNAL,DARK CLOTHING,No,POSSIBLE INJURY,NONE,38.99469,-77.03069333,"(38.99469, -77.03069333)"
MCP2728005R,180042255,Montgomery County Police,Injury Crash,08/24/2018 07:50:00 PM,County,WAYNE AVE,County,DALE DR,,N/A,BICYCLIST,STRAIGHT MOVEMENT ANGLE,CLEAR,DRY,DUSK,NO CONTROLS,NONE DETECTED,NONE DETECTED,6EC811B7-CF93-4332-B595-065CE3BBCE51,BICYCLIST,Walking/Riding w/Traffic,NO IMPROPER ACTIONS,OTHER,OTHER,REFLECTIVE MATERIAL,No,SUSPECTED MINOR INJURY,MC/BIKE HELMET,38.99924167,-77.01722,"(38.99924167, -77.01722)"
MCP3139000F,180028408,Montgomery County Police,Injury Crash,06/08/2018 09:26:00 PM,Maryland (State),UNIVERSITY BLVD E,Unknown,EXIT #29,,N/A,"BICYCLIST, OTHER",OTHER,CLEAR,N/A,DARK LIGHTS ON,TRAFFIC SIGNAL,N/A,N/A,1DA153F6-DF35-4A5F-9AB6-B8B6D1C3DCE6,BICYCLIST,Cross/Enter at Intersection,UNKNOWN,ON ROADWAY AT CROSSWALK,UNKNOWN,UNKNOWN,Yes,POSSIBLE INJURY,MC/BIKE HELMET,39.01608167,-77.00529833,"(39.01608167, -77.00529833)"
MCP2717008H,16058916,Montgomery County Police,Injury Crash,11/15/2016 05:57:00 PM,Maryland (State),OLD GEORGETOWN RD,County,BEECH AVE,,N/A,BICYCLIST,OTHER,CLEAR,DRY,DARK LIGHTS ON,TRAFFIC SIGNAL,NONE DETECTED,NONE DETECTED,5688F534-FA23-4047-A86E-6841AF2B3A0D,BICYCLIST,Cross/Enter at Intersection,NO IMPROPER ACTIONS,ON ROADWAY AT CROSSWALK,OBEYED PED. SIGNAL,MIXED CLOTHING,No,SUSPECTED MINOR INJURY,MC/BIKE HELMET,39.01030333,-77.11492167,"(39.01030333, -77.11492167)"
MCP3003001Q,170543959,Montgomery County Police,Injury Crash,11/20/2017 06:45:00 PM,,,,,PARKING LOT OF 19923 CENTURY BLVD,,PEDESTRIAN,OTHER,CLEAR,,DARK LIGHTS ON,N/A,NONE DETECTED,NONE DETECTED,85044F3E-F8E2-4E6D-8E31-2A6B1C548C9F,PEDESTRIAN,Other,UNKNOWN,OTHER,N/A,DARK CLOTHING,No,SUSPECTED MINOR INJURY,N/A,39.18218155,-77.262007,"(39.18218155, -77.262007)"
MCP29360009,15024180,Montgomery County Police,Injury Crash,05/20/2015 11:21:00 AM,,,,,"Parking Lot of Bobby's Burger Palace (7101 Democracy Blvd. Bethesda, MD 20817)",,PEDESTRIAN,STRAIGHT MOVEMENT ANGLE,CLEAR,,DAYLIGHT,STOP SIGN,NONE DETECTED,NONE DETECTED,3E8A896C-341E-4BCF-9668-438C785C846D,PEDESTRIAN,Cross/Enter at Intersection,NO IMPROPER ACTIONS,ON ROADWAY AT CROSSWALK,NO PED. SIGNAL,N/A,,SUSPECTED MINOR INJURY,N/A,39.02590833,-77.14587833,"(39.02590833, -77.14587833)"
MCP2353003P,17011782,Montgomery County Police,Injury Crash,03/06/2017 10:58:00 AM,County,WILLARD AVE,Municipality,THE HILLS PLAZA,,FRIENDSHIP HEIGHTS,PEDESTRIAN,SINGLE VEHICLE,CLEAR,DRY,DAYLIGHT,STOP SIGN,NONE DETECTED,NONE DETECTED,94C19C64-4004-4460-BA2B-D2EF2A6DA43B,PEDESTRIAN,Cross/Enter at Intersection,NO IMPROPER ACTIONS,ON ROADWAY AT CROSSWALK,NO PED. SIGNAL,MIXED CLOTHING,No,SUSPECTED SERIOUS INJURY,NONE,38.961785,-77.08775167,"(38.961785, -77.08775167)"
MCP23530034,16056632,Montgomery County Police,Injury Crash,11/03/2016 08:01:00 AM,County,WYNDALE RD,Government,BEACH DR,,N/A,BICYCLIST,SINGLE VEHICLE,CLEAR,DRY,DAYLIGHT,N/A,NONE DETECTED,NONE DETECTED,DCE62DCA-2A71-47FF-826D-70D7A9B1CB92,BICYCLIST,Walking/Riding w/Traffic,NO IMPROPER ACTIONS,ON ROADWAY NOT AT CROSSWALK,NO PED. SIGNAL,LIGHT CLOTHING,No,SUSPECTED MINOR INJURY,MC/BIKE HELMET,38.985795,-77.05721333,"(38.985795, -77.05721333)"
MCP1475000Q,16015424,Montgomery County Police,Injury Crash,03/29/2016 06:00:00 PM,,,,,PARKING LOT OF 9659 LOST KNIFE ROAD,,PEDESTRIAN,OTHER,CLEAR,,DAYLIGHT,N/A,NONE DETECTED,UNKNOWN,77D47AB4-2721-4792-B33C-A907F0BE2384,PEDESTRIAN,Cross/Enter not at Intersection,IN ROADWAY IMPROPERLY,ON ROADWAY NOT AT CROSSWALK,NO PED. SIGNAL,UNKNOWN,Yes,SUSPECTED MINOR INJURY,N/A,39.153467,-77.198422,"(39.153467, -77.198422)"
MCP1205003Y,180007498,Montgomery County Police,Injury Crash,02/13/2018 10:35:00 AM,County,BROOKVILLE RD,Unknown,ENT ARMY MED CTR,,N/A,BICYCLIST,HEAD ON LEFT TURN,CLEAR,DRY,DAYLIGHT,TRAFFIC SIGNAL,NONE DETECTED,NONE DETECTED,4E751561-8EF4-4DBC-8D45-0987CBBB6212,BICYCLIST,Walking/Riding w/Traffic,NO IMPROPER ACTIONS,ON ROADWAY AT CROSSWALK,OBEYED PED. SIGNAL,UNKNOWN,No,SUSPECTED MINOR INJURY,MC/BIKE HELMET,39.00247,-77.05305333,"(39.00247, -77.05305333)"
MCP271700GQ,180013953,Montgomery County Police,Injury Crash,03/20/2018 05:30:00 PM,,,,,5144 NICHOLSON LANE (COMMERCIAL PARKING LOT),,PEDESTRIAN,OTHER,RAINING,,DAYLIGHT,NO CONTROLS,NONE DETECTED,NONE DETECTED,3C2A41BB-F4C8-47E0-B3D8-7191AC82B685,PEDESTRIAN,Other,NO IMPROPER ACTIONS,OTHER,N/A,MIXED CLOTHING,No,SUSPECTED MINOR INJURY,NONE,39.04385167,-77.105115,"(39.04385167, -77.105115)"
MCP30510029,180050769,Montgomery County Police,Injury Crash,10/10/2018 07:50:00 PM,Other Public Roadway,MONTROSE PKWY,County,E JEFFERSON ST,,N/A,PEDESTRIAN,OTHER,CLEAR,DRY,DARK LIGHTS ON,TRAFFIC SIGNAL,NONE DETECTED,NONE DETECTED,A967266F-B6F0-46F7-BD88-6E3C68FCAA40,PEDESTRIAN,Cross/Enter at Intersection,NO IMPROPER ACTIONS,ON ROADWAY AT CROSSWALK,OBEYED PED. SIGNAL,REFLECTIVE MATERIAL,No,POSSIBLE INJURY,REFLECTIVE CLOTHING,39.05093961,-77.12610848,"(39.05093961, -77.12610848)"
EJ7809000W,17007620,Gaithersburg Police Depar,Injury Crash,02/12/2017 03:34:00 AM,,,,,"117 E. DIAMOND AVE. GAITHERSBURG, MD. 20877 (CANCUN RESTAURANT / REAR PARKING LOT)",,PEDESTRIAN,SINGLE VEHICLE,CLEAR,,DARK LIGHTS ON,NO CONTROLS,ALCOHOL CONTRIBUTED,ALCOHOL PRESENT,5C03597E-91BA-46E1-92EB-24EA8930EF08,PEDESTRIAN,Unknown,UNKNOWN,OTHER,N/A,MIXED CLOTHING,No,SUSPECTED MINOR INJURY,N/A,39.14187307,-77.19475061,"(39.14187307, -77.19475061)"
MCP13780085,15051735,MONTGOMERY,Injury Crash,10/12/2015 01:48:00 PM,Municipality,WASHINGTONIAN BLVD,County,FIELDS RD,,N/A,PEDESTRIAN,SINGLE VEHICLE,CLEAR,DRY,DAYLIGHT,TRAFFIC SIGNAL,NONE DETECTED,NONE DETECTED,3C95D285-E2C6-485E-AB96-DDD42B63CD3F,PEDESTRIAN,Cross/Enter at Intersection,NO IMPROPER ACTIONS,ON ROADWAY AT CROSSWALK,OBEYED PED. SIGNAL,DARK CLOTHING,No,SUSPECTED SERIOUS INJURY,N/A,39.11164269,-77.19269738,"(39.11164269, -77.19269738)"
MCP1022002N,15023984,Montgomery County Police,Injury Crash,05/19/2015 01:26:00 PM,,,,,"PARKING LOT IN FRONT OF WALMART 20910 FREDERICK RD GERMANTOWN, MD 20874",,PEDESTRIAN,OTHER,CLEAR,,DAYLIGHT,NO CONTROLS,NONE DETECTED,NONE DETECTED,65A30961-69BD-4BBE-B484-E4533E8D6C78,PEDESTRIAN,Other,NO IMPROPER ACTIONS,ON ROADWAY AT CROSSWALK,NO PED. SIGNAL,MIXED CLOTHING,,SUSPECTED SERIOUS INJURY,N/A,39.19894333,-77.251515,"(39.19894333, -77.251515)"
MCP3074000D,170527544,Montgomery County Police,Injury Crash,08/29/2017 01:08:00 PM,Maryland (State),UNIVERSITY BLVD E,US (State),COLESVILLE RD,,N/A,PEDESTRIAN,OTHER,RAINING,WET,DAYLIGHT,NO CONTROLS,NONE DETECTED,NONE DETECTED,D60EC608-ED00-4B2C-B37E-7435C336D344,PEDESTRIAN,Walking/Riding against Traffic,IN ROADWAY IMPROPERLY,ON ROADWAY NOT AT CROSSWALK,UNKNOWN,LIGHT CLOTHING,Yes,SUSPECTED MINOR INJURY,N/A,39.0207591,-77.01366663,"(39.0207591, -77.01366663)"
EJ7858002M,180049018,Gaithersburg Police Depar,Injury Crash,10/01/2018 12:17:00 PM,,,,,PARKING LOT 655 WATKINS MILL RD,,PEDESTRIAN,OTHER,CLEAR,,DAYLIGHT,NO CONTROLS,NONE DETECTED,NONE DETECTED,BF0782C9-F8B9-44DB-93A0-A4DCE4C8D3AC,PEDESTRIAN,Walking/Riding against Traffic,NO IMPROPER ACTIONS,OTHER,NO PED. SIGNAL,MIXED CLOTHING,No,POSSIBLE INJURY,N/A,39.15561667,-77.22110667,"(39.15561667, -77.22110667)"
MCP2565001S,15033708,MONTGOMERY,Injury Crash,07/09/2015 09:56:00 PM,,,,,"In Parking lot of 11710 Hunters Lane, Rockville, MD",,PEDESTRIAN,OTHER,CLEAR,,DARK LIGHTS ON,NO CONTROLS,NONE DETECTED,NONE DETECTED,65088DFD-432E-434F-B8F9-C9BB6F246C21,PEDESTRIAN,Other,NO IMPROPER ACTIONS,N/A,N/A,MIXED CLOTHING,No,SUSPECTED MINOR INJURY,NONE,39.04886473,-77.09873557,"(39.04886473, -77.09873557)"
DD5601000V,15027969,Rockville Police Departme,Injury Crash,06/09/2015 02:39:00 PM,Maryland (State),VEIRS MILL RD,Municipality,ATLANTIC AVE,,ROCKVILLE,PEDESTRIAN,N/A,CLEAR,DRY,DAYLIGHT,TRAFFIC SIGNAL,NONE DETECTED,NONE DETECTED,EAC05F33-1EBD-4FEB-BC52-57D17C2709F3,PEDESTRIAN,Cross/Enter at Intersection,NO IMPROPER ACTIONS,ON ROADWAY AT CROSSWALK,OBEYED PED. SIGNAL,LIGHT CLOTHING,,POSSIBLE INJURY,N/A,39.07530333,-77.11579167,"(39.07530333, -77.11579167)"
DD55390025,190000855,Rockville Police Departme,Injury Crash,01/05/2019 09:45:00 PM,Maryland (State),ROCKVILLE PIKE,Municipality,ROLLINS AVE,,ROCKVILLE,PEDESTRIAN,OTHER,CLEAR,DRY,DARK LIGHTS ON,TRAFFIC SIGNAL,NONE DETECTED,NONE DETECTED,FF09978B-E8D1-498E-95FE-FDBBC11DDBDB,PEDESTRIAN,Cross/Enter at Intersection,FAILURE TO OBEY TRAFFIC SIGNS SIGNALS OR OFFICER,ON ROADWAY AT CROSSWALK,DISOBEYED PED. SIGNAL,DARK CLOTHING,Yes,POSSIBLE INJURY,N/A,39.05912667,-77.12127,"(39.05912667, -77.12127)"
MCP2971000S,15052325,MONTGOMERY,Injury Crash,10/15/2015 10:23:00 AM,County,FENTON ST,US (State),COLESVILLE RD,,N/A,PEDESTRIAN,OTHER,CLEAR,DRY,DAYLIGHT,TRAFFIC SIGNAL,NONE DETECTED,NONE DETECTED,15C955AD-3201-4CC1-93F7-A5D34B7B0D8C,PEDESTRIAN,Cross/Enter at Intersection,NO IMPROPER ACTIONS,ON ROADWAY AT CROSSWALK,OBEYED PED. SIGNAL,DARK CLOTHING,No,SUSPECTED MINOR INJURY,NONE,38.99747,-77.02671833,"(38.99747, -77.02671833)"
DD56050033,17000408,Rockville Police Departme,Injury Crash,01/03/2017 02:41:00 PM,Maryland (State),HUNGERFORD DR,Municipality,N WASHINGTON ST,,ROCKVILLE,PEDESTRIAN,OTHER,RAINING,WET,DAYLIGHT,OTHER,NONE DETECTED,NONE DETECTED,C96FF6CE-C97E-4E0A-9128-0BF0073AE236,PEDESTRIAN,Cross/Enter at Intersection,NO IMPROPER ACTIONS,SIDEWALK,NO PED. SIGNAL,DARK CLOTHING,No,POSSIBLE INJURY,NONE,39.08999167,-77.15239333,"(39.08999167, -77.15239333)"
MCP2835000Z,15066183,MONTGOMERY,Injury Crash,12/25/2015 11:00:00 PM,,,,,PARKING LOT BEHIND 8105 EAST WEST HWY,,PEDESTRIAN,HEAD ON,CLEAR,,DARK LIGHTS ON,NO CONTROLS,NONE DETECTED,NONE DETECTED,9EB27A18-61F3-4C3E-886A-97F777D6AF88,PEDESTRIAN,Other,NO IMPROPER ACTIONS,OTHER,NO PED. SIGNAL,MIXED CLOTHING,No,SUSPECTED MINOR INJURY,NONE,38.99828114,-77.0416005,"(38.99828114, -77.0416005)"
MCP3075001Y,180064588,Montgomery County Police,Injury Crash,12/26/2018 04:31:00 PM,,,,,11606 MIDDLEBROOK RD (SUNOCO PARKING LOT),,OTHER,OTHER,CLEAR,,DAYLIGHT,N/A,NONE DETECTED,NONE DETECTED,F6A3B5C7-0083-45E3-A158-2C5A94A9B05C,OTHER,Other,NO IMPROPER ACTIONS,OTHER,N/A,N/A,No,POSSIBLE INJURY,N/A,39.17893833,-77.23947167,"(39.17893833, -77.23947167)"
MCP2948002J,180033373,Montgomery County Police,Injury Crash,07/06/2018 04:30:00 PM,,,,,"PARKING LOT OF 2730 UNIVERSITY BOULEVARD, SILVER SPRING MARYLAND",,MACHINE OPERATOR/RIDER,OPPOSITE DIRECTION SIDESWIPE,CLEAR,,DAYLIGHT,NO CONTROLS,UNKNOWN,N/A,1F76CE5A-5066-45D9-9BA9-A735CAD6AAB7,MACHINE OPERATOR/RIDER,Walking/Riding w/Traffic,NO IMPROPER ACTIONS,ON ROADWAY NOT AT CROSSWALK,N/A,N/A,Unknown,POSSIBLE INJURY,N/A,39.03884333,-77.05577,"(39.03884333, -77.05577)"
MCP2859005F,180039488,Montgomery County Police,Injury Crash,08/09/2018 05:40:00 AM,Maryland (State),GREAT SENECA HWY,Maryland (State),QUINCE ORCHARD RD,,N/A,PEDESTRIAN,SAME DIR REAR END,CLEAR,DRY,DARK NO LIGHTS,NO CONTROLS,NONE DETECTED,NONE DETECTED,2259B21D-B6CB-4793-B41C-5D8234EAC9EA,PEDESTRIAN,Standing,NO IMPROPER ACTIONS,OTHER,N/A,MIXED CLOTHING,No,POSSIBLE INJURY,NONE,39.13033333,-77.23971833,"(39.13033333, -77.23971833)"
MCP93900010,170543471,Montgomery County Police,Injury Crash,11/17/2017 07:54:00 PM,Municipality,KENTLANDS BLVD,Maryland (State),GREAT SENECA HWY,,N/A,OTHER CONVEYANCE,HEAD ON LEFT TURN,N/A,DRY,DARK LIGHTS ON,TRAFFIC SIGNAL,"N/A, NONE DETECTED",N/A,B7158FCF-2696-4A96-9846-B253B23FCB4F,OTHER CONVEYANCE,N/A,NO IMPROPER ACTIONS,N/A,N/A,N/A,No,NO APPARENT INJURY,N/A,39.12373667,-77.23166167,"(39.12373667, -77.23166167)"