Report Number,Local Case Number,Agency Name,ACRS Report Type,Crash Date/Time,Route Type,Road Name,Cross-Street Type,Cross-Street Name,Off-Road Description,Municipality,Related Non-Motorist,Collision Type,Weather,Surface Condition,Light,Traffic Control,Driver Substance Abuse,Non-Motorist Substance Abuse,Person ID,Pedestrian Type,Pedestrian Movement,Pedestrian Actions,Pedestrian Location,Pedestrian Obeyed Traffic Signal,Pedestrian Visibility,At Fault,Injury Severity,Safety Equipment,Latitude,Longitude,Location
MCP29760012,15047401,MONTGOMERY,Injury Crash,09/18/2015 05:49:00 PM,County,FENTON ST,County,CAMERON ST,,N/A,PEDESTRIAN,OTHER,CLEAR,DRY,DAYLIGHT,TRAFFIC SIGNAL,NONE DETECTED,NONE DETECTED,D3E852AB-7614-4D38-AFAB-AC610F23AF6E,PEDESTRIAN,Cross/Enter at Intersection,NO IMPROPER ACTIONS,ON ROADWAY AT CROSSWALK,OBEYED PED. SIGNAL,LIGHT CLOTHING,No,POSSIBLE INJURY,NONE,38.99829156,-77.02872992,"(38.99829156, -77.02872992)"
MCP3027001G,170544122,Montgomery County Police,Injury Crash,11/21/2017 01:47:00 PM,County,SLIGO AVE,County,FENTON ST,,N/A,PEDESTRIAN,SINGLE VEHICLE,CLEAR,DRY,DAYLIGHT,TRAFFIC SIGNAL,N/A,N/A,879FE08F-4B87-44FC-8447-FDB331D0C014,PEDESTRIAN,Cross/Enter at Intersection,NO IMPROPER ACTIONS,AT INTERSECTION MARKED CROSSWALK,OBEYED PED. SIGNAL,MIXED CLOTHING,No,POSSIBLE INJURY,NONE,38.98998833,-77.02386333,"(38.98998833, -77.02386333)"
MCP10220046,16009028,Montgomery County Police,Injury Crash,02/23/2016 10:09:00 AM,Maryland (State),GERMANTOWN RD,County,CRYSTAL ROCK DR,,N/A,PEDESTRIAN,SINGLE VEHICLE,RAINING,WET,DAYLIGHT,TRAFFIC SIGNAL,NONE DETECTED,NONE DETECTED,086B24E4-8070-4559-8201-79C806FCCC22,PEDESTRIAN,Cross/Enter at Intersection,IN ROADWAY IMPROPERLY,AT INTERSECTION BUT NO CROSSWALK,NO PED. SIGNAL,MIXED CLOTHING,Yes,SUSPECTED SERIOUS INJURY,NONE,39.18114333,-77.26191833,"(39.18114333, -77.26191833)"
EJ7851003T,180059995,Gaithersburg Police Depar,Injury Crash,11/30/2018 07:30:00 AM,County,WARING STATION RD,County,FOREST BROOK RD,,N/A,PEDESTRIAN,N/A,CLEAR,DRY,DAWN,UNKNOWN,UNKNOWN,NONE DETECTED,E23A7912-F81F-4EAF-86E8-8ABA67C95F39,PEDESTRIAN,Unknown,NO IMPROPER ACTIONS,SIDEWALK,UNKNOWN,UNKNOWN,No,POSSIBLE INJURY,NONE,39.16903935,-77.24741924,"(39.16903935, -77.24741924)"
MCP2437002Q,170513484,Montgomery County Police,Injury Crash,06/13/2017 06:21:00 PM,Maryland (State),GEORGIA AVE,County,HEWITT AVE,,N/A,PEDESTRIAN,SINGLE VEHICLE,CLEAR,DRY,DAYLIGHT,TRAFFIC SIGNAL,NONE DETECTED,NONE DETECTED,D0FF4FC1-A35B-43EA-AB3D-3845578848AD,PEDESTRIAN,Cross/Enter at Intersection,NO IMPROPER ACTIONS,ON ROADWAY AT CROSSWALK,OBEYED PED. SIGNAL,MIXED CLOTHING,No,SUSPECTED MINOR INJURY,NONE,39.0777,-77.070905,"(39.0777, -77.070905)"
MCP1417003N,15034903,MONTGOMERY,Injury Crash,07/16/2015 08:16:00 AM,Municipality,FIRSTFIELD RD,Maryland (State),CLOPPER RD,,N/A,BICYCLIST,SAME DIRECTION LEFT TURN,CLEAR,DRY,DAYLIGHT,TRAFFIC SIGNAL,NONE DETECTED,NONE DETECTED,73AA8147-5ADD-4063-9B9A-EC1982967930,BICYCLIST,Cross/Enter at Intersection,NO IMPROPER ACTIONS,AT INTERSECTION MARKED CROSSWALK,OBEYED PED. SIGNAL,DARK CLOTHING,No,SUSPECTED MINOR INJURY,NONE,39.14369746,-77.22373188,"(39.14369746, -77.22373188)"
MCP27020010,15046733,MONTGOMERY,Property Damage Crash,09/15/2015 03:15:00 PM,,,,,901 Jessup Blair Rd Garage (Level 2),,OTHER,OTHER,N/A,,DAYLIGHT,N/A,NONE DETECTED,NONE DETECTED,F29B3A31-7F75-421C-B39C-1BA7973D6A70,OTHER,Other,OTHER,INSIDE BUILDING,N/A,N/A,No,NO APPARENT INJURY,N/A,38.98729,-77.02467167,"(38.98729, -77.02467167)"
MCP2077002P,180054320,Montgomery County Police,Injury Crash,10/31/2018 07:10:00 AM,Maryland (State),GEORGIA AVE,County,SHOREFIELD RD,,N/A,PEDESTRIAN,OTHER,CLEAR,DRY,DARK -- UNKNOWN LIGHTING,TRAFFIC SIGNAL,UNKNOWN,NONE DETECTED,004C011E-36AB-4E25-BD8D-1ADE34C09A51,PEDESTRIAN,Cross/Enter at Intersection,UNKNOWN,ON ROADWAY AT CROSSWALK,OBEYED PED. SIGNAL,UNKNOWN,Unknown,SUSPECTED MINOR INJURY,NONE,39.053,-77.051,"(39.053, -77.051)"
MCP27890026,16003701,Montgomery County Police,Injury Crash,01/20/2016 07:20:00 PM,Maryland (State),GEORGIA AVE,County,AUGUST DR,,N/A,PEDESTRIAN,SINGLE VEHICLE,SNOW,SNOW,DARK LIGHTS ON,NO CONTROLS,N/A,N/A,ECD282E3-9D31-4663-B0CF-88F845E4C89E,PEDESTRIAN,Walking/Cycling on Sidewalk,OTHER,OTHER,N/A,MIXED CLOTHING,Yes,SUSPECTED MINOR INJURY,N/A,39.02171333,-77.04463,"(39.02171333, -77.04463)"
MCP3000000W,16032017,Montgomery County Police,Property Damage Crash,06/24/2016 04:33:00 PM,Maryland (State),GERMANTOWN RD,County,MIDDLEBROOK RD,,N/A,PEDESTRIAN,OTHER,CLEAR,DRY,DAYLIGHT,TRAFFIC SIGNAL,NONE DETECTED,NONE DETECTED,CF49303B-7DF1-4CFF-B299-E1B0DCB918D0,PEDESTRIAN,Cross/Enter at Intersection,INATTENTIVE,ON ROADWAY AT CROSSWALK,DISOBEYED PED. SIGNAL,MIXED CLOTHING,Yes,NO APPARENT INJURY,NONE,39.17876167,-77.26707333,"(39.17876167, -77.26707333)"
MCP28920051,180033558,Montgomery County Police,Injury Crash,07/07/2018 03:26:00 PM,,,,,"PARKING LOT

9159 BROOKVILLE ROAD SILVER SPRING, MD",,PEDESTRIAN,SINGLE VEHICLE,CLEAR,,DAYLIGHT,NO CONTROLS,UNKNOWN,NONE DETECTED,F065DD49-61AE-404D-AB3C-8C4C30878335,PEDESTRIAN,Standing,NO IMPROPER ACTIONS,OTHER,N/A,N/A,No,POSSIBLE INJURY,N/A,39.00583712,-77.05005884,"(39.00583712, -77.05005884)"
MCP1301000C,15034958,MONTGOMERY,Fatal Crash,07/16/2015 10:53:00 AM,County,RANDOLPH RD,County,SELFRIDGE RD,,N/A,PEDESTRIAN,SINGLE VEHICLE,CLEAR,DRY,DAYLIGHT,TRAFFIC SIGNAL,NONE DETECTED,UNKNOWN,3A3AAFD7-E6DD-446E-9974-A50D806A2A31,PEDESTRIAN,Walking/Cycling on Sidewalk,NO IMPROPER ACTIONS,SIDEWALK,N/A,DARK CLOTHING,No,FATAL INJURY,N/A,39.05535932,-77.08352208,"(39.05535932, -77.08352208)"
MCP3045001S,190005685,Montgomery County Police,Injury Crash,01/31/2019 03:55:00 PM,County,FARMLAND DR,County,OLD STAGE RD,,N/A,PEDESTRIAN,OTHER,CLEAR,UNKNOWN,DAYLIGHT,SCHOOL ZONE SIGN DEVICE,UNKNOWN,N/A,19CA0FFE-F03F-4A7D-8A8F-AB6C2F84B0C3,PEDESTRIAN,Walking to/from school,IN ROADWAY IMPROPERLY,ON ROADWAY NOT AT CROSSWALK,NO PED. SIGNAL,UNKNOWN,Yes,SUSPECTED SERIOUS INJURY,NONE,39.0471,-77.1452,"(39.0471, -77.1452)"
MCP28270038,170527032,Montgomery County Police,Injury Crash,08/26/2017 04:06:00 PM,Maryland (State),GEORGIA AVE,County,GREGG RD,,N/A,BICYCLIST,SAME DIR REND LEFT TURN,CLEAR,DRY,DAYLIGHT,NO CONTROLS,NONE DETECTED,NONE DETECTED,6B1E8157-3E29-4966-A1EB-A3AA55D7398C,BICYCLIST,Walking/Riding w/Traffic,NO IMPROPER ACTIONS,SHOULDER,N/A,MIXED CLOTHING,No,POSSIBLE INJURY,MC/BIKE HELMET,39.19945833,-77.06591,"(39.19945833, -77.06591)"
MCP28460026,16039995,Montgomery County Police,Injury Crash,08/07/2016 09:45:00 AM,County,RANDOLPH RD,Maryland (State),GEORGIA AVE,,N/A,PEDESTRIAN,SINGLE VEHICLE,CLEAR,DRY,DAYLIGHT,TRAFFIC SIGNAL,NONE DETECTED,NONE DETECTED,7F67E126-A3FD-4CAA-ADD8-CEF13C77ED51,PEDESTRIAN,Cross/Enter at Intersection,NO IMPROPER ACTIONS,ON ROADWAY AT CROSSWALK,OBEYED PED. SIGNAL,LIGHT CLOTHING,No,SUSPECTED MINOR INJURY,NONE,39.05859333,-77.04772833,"(39.05859333, -77.04772833)"
MCP21070021,180051958,Montgomery County Police,Injury Crash,10/17/2018 08:24:00 AM,County,CENTURY BLVD,County,CRYSTAL ROCK DR,,N/A,PEDESTRIAN,OTHER,CLEAR,DRY,DAYLIGHT,N/A,NONE DETECTED,NONE DETECTED,BC9EEE4B-4E99-4C3D-BD2F-7DA9A6A23B04,PEDESTRIAN,Cross/Enter not at Intersection,DART DASH,ON ROADWAY NOT AT CROSSWALK,N/A,MIXED CLOTHING,Yes,SUSPECTED MINOR INJURY,NONE,39.18287388,-77.26386979,"(39.18287388, -77.26386979)"
MCP20390025,16063584,Montgomery County Police,Injury Crash,12/11/2016 12:47:00 PM,,,,,14000 GEORGIA AVENUE PARKING LOT (HOME DEPOT),,PEDESTRIAN,STRAIGHT MOVEMENT ANGLE,CLOUDY,,DAYLIGHT,NO CONTROLS,N/A,N/A,DEABE90D-EE71-4167-96F2-78B0BB4F17C7,PEDESTRIAN,Walking/Riding w/Traffic,NO IMPROPER ACTIONS,OTHER,NO PED. SIGNAL,DARK CLOTHING,No,POSSIBLE INJURY,N/A,39.058435,-77.04802667,"(39.058435, -77.04802667)"
MCP137800PQ,190006725,Montgomery County Police,Injury Crash,02/11/2019 06:14:00 PM,County,MONTGOMERY VILLAGE AVE,Unknown,CROSSOVER,,N/A,PEDESTRIAN,SINGLE VEHICLE,RAINING,WET,DARK LIGHTS ON,NO CONTROLS,NONE DETECTED,NONE DETECTED,DC070AD4-673D-4CB2-ABC2-DB1CBF227BD4,PEDESTRIAN,Cross/Enter at Intersection,NO IMPROPER ACTIONS,AT INTERSECTION BUT NO CROSSWALK,NO PED. SIGNAL,DARK CLOTHING,No,POSSIBLE INJURY,NONE,39.16801667,-77.20546667,"(39.16801667, -77.20546667)"
DD5603004V,170541834,Rockville Police Departme,Injury Crash,11/09/2017 11:35:00 AM,Municipality,MT VERNON PL,Municipality,BLANDFORD ST,,ROCKVILLE,PEDESTRIAN,OTHER,RAINING,WET,DAYLIGHT,NO CONTROLS,NONE DETECTED,NONE DETECTED,1679AEE1-40D1-44AF-B628-AF00BE578A9D,PEDESTRIAN,Standing,NO IMPROPER ACTIONS,SIDEWALK,OBEYED PED. SIGNAL,MIXED CLOTHING,No,SUSPECTED MINOR INJURY,N/A,38.99753833,-77.10968667,"(38.99753833, -77.10968667)"
MCP2348000N,15005502,Montgomery County Police,Injury Crash,02/03/2015 04:07:00 PM,Maryland (State),VEIRS MILL RD,Maryland (State),GEORGIA AVE,,N/A,PEDESTRIAN,SINGLE VEHICLE,CLEAR,DRY,DAYLIGHT,NO CONTROLS,NONE DETECTED,NONE DETECTED,8C474BDD-35CE-44D7-B704-8DB9EEE6C610,PEDESTRIAN,Cross/Enter not at Intersection,DART DASH,ON ROADWAY NOT AT CROSSWALK,NO PED. SIGNAL,MIXED CLOTHING,,POSSIBLE INJURY,N/A,39.0375,-77.05092667,"(39.0375, -77.05092667)"
MCP2246000S,15063900,MONTGOMERY,Injury Crash,12/14/2015 05:10:00 PM,County,SPRING ST,County,SECOND AVE,,N/A,PEDESTRIAN,OTHER,RAINING,WET,DARK LIGHTS ON,TRAFFIC SIGNAL,NONE DETECTED,NONE DETECTED,F8AF28FE-D37C-467E-B4ED-C07429B68266,PEDESTRIAN,Cross/Enter at Intersection,NO IMPROPER ACTIONS,ON ROADWAY AT CROSSWALK,N/A,DARK CLOTHING,No,SUSPECTED MINOR INJURY,NONE,38.99112833,-77.027345,"(38.99112833, -77.027345)"
MCP2952005H,170551030,Montgomery County Police,Injury Crash,12/28/2017 11:25:00 AM,County,FENTON ST,County,SILVER SPRING AVE,,N/A,PEDESTRIAN,OTHER,CLEAR,DRY,DAYLIGHT,NO CONTROLS,NONE DETECTED,NONE DETECTED,B7AB03EB-C456-4C50-A174-7F4706B6A96A,PEDESTRIAN,Cross/Enter not at Intersection,IN ROADWAY IMPROPERLY,ON ROADWAY NOT AT CROSSWALK,NO PED. SIGNAL,DARK CLOTHING,Yes,POSSIBLE INJURY,NONE,38.99180667,-77.02403,"(38.99180667, -77.02403)"
MCP2298005D,15020223,Montgomery County Police,Injury Crash,04/29/2015 06:02:00 PM,County,TANNERY RIDGE DR,County,CLARKSBURG RD,,N/A,BICYCLIST,ANGLE MEETS LEFT TURN,CLEAR,DRY,DAYLIGHT,STOP SIGN,NONE DETECTED,NONE DETECTED,47CD84B7-B675-4811-BF01-5F45D11A6DBD,BICYCLIST,Other,IN ROADWAY IMPROPERLY,ON ROADWAY NOT AT CROSSWALK,OTHER,UNKNOWN,,SUSPECTED MINOR INJURY,NONE,39.24287,-77.27976,"(39.24287, -77.27976)"
MCP2765003D,16064031,Montgomery County Police,Injury Crash,12/13/2016 06:25:00 PM,County,TUCKERMAN LA,County,SEVEN LOCKS RD,,N/A,PEDESTRIAN,SINGLE VEHICLE,CLEAR,DRY,DARK LIGHTS ON,TRAFFIC SIGNAL,UNKNOWN,NONE DETECTED,E5E20597-47E9-4849-B55B-590E485A49C6,PEDESTRIAN,Cross/Enter at Intersection,NO IMPROPER ACTIONS,ON ROADWAY AT CROSSWALK,OBEYED PED. SIGNAL,MIXED CLOTHING,No,POSSIBLE INJURY,NONE,39.04066963,-77.15906382,"(39.04066963, -77.15906382)"
MCP2475000Q,15054234,MONTGOMERY,Injury Crash,10/25/2015 08:27:00 PM,County,BRUNETT AVE,Maryland (State),UNIVERSITY BLVD W,,N/A,BICYCLIST,STRAIGHT MOVEMENT ANGLE,CLEAR,DRY,DARK LIGHTS ON,STOP SIGN,NONE DETECTED,NONE DETECTED,9D9033FE-832A-48A6-BAF1-D368999FEE9D,BICYCLIST,Walking/Riding against Traffic,WRONG WAY RIDING OR WALKING,ON ROADWAY AT CROSSWALK,NO PED. SIGNAL,DARK CLOTHING,Yes,POSSIBLE INJURY,UNKNOWN,39.02295129,-77.01679945,"(39.02295129, -77.01679945)"
MCP2549005X,170513369,Montgomery County Police,Injury Crash,06/13/2017 09:48:00 AM,County,ELM ST,County,WOODMONT AVE,,N/A,PEDESTRIAN,OTHER,CLEAR,DRY,DAYLIGHT,TRAFFIC SIGNAL,NONE DETECTED,NONE DETECTED,57D0026D-EA8C-4A7C-B086-42A6B8DC0813,PEDESTRIAN,Cross/Enter at Intersection,NO IMPROPER ACTIONS,ON ROADWAY AT CROSSWALK,OBEYED PED. SIGNAL,MIXED CLOTHING,No,SUSPECTED MINOR INJURY,NONE,38.98218833,-77.09575833,"(38.98218833, -77.09575833)"
MCP27660022,15066255,MONTGOMERY,Injury Crash,12/26/2015 03:22:00 PM,County,DEWEY RD,County,CLEARFIELD RD,,N/A,OTHER CONVEYANCE,STRAIGHT MOVEMENT ANGLE,N/A,DRY,N/A,STOP SIGN,NONE DETECTED,NONE DETECTED,75FD8A88-5BD5-41FD-B268-CD4D85E13DC8,OTHER CONVEYANCE,Cross/Enter at Intersection,FAILURE TO OBEY TRAFFIC SIGNS SIGNALS OR OFFICER,ON ROADWAY NOT AT CROSSWALK,NO PED. SIGNAL,MIXED CLOTHING,Yes,POSSIBLE INJURY,MC/BIKE HELMET,39.42665667,-77.42961667,"(39.42665667, -77.42961667)"
MCP2770000S,15057404,MONTGOMERY,Injury Crash,11/10/2015 03:30:00 PM,,,,,"Parking lot area of 10011 Stedwick Road, between the Capitol One bank and US Post Office.",,BICYCLIST,HEAD ON LEFT TURN,RAINING,,DAYLIGHT,NO CONTROLS,UNKNOWN,NONE DETECTED,6ECA0951-31A1-485C-B89C-30E2956D50D3,BICYCLIST,Walking/Riding w/Traffic,UNKNOWN,OTHER,NO PED. SIGNAL,MIXED CLOTHING,Unknown,SUSPECTED MINOR INJURY,NONE,39.17091198,-77.20771909,"(39.17091198, -77.20771909)"
MCP2844002Y,180028683,Montgomery County Police,Injury Crash,06/10/2018 04:00:00 PM,Maryland (State),GEORGIA AVE,Unknown,ENT TO SHOPPING CENTER,,N/A,BICYCLIST,OTHER,CLEAR,DRY,DAYLIGHT,NO CONTROLS,NONE DETECTED,NONE DETECTED,5FCDD64C-4B53-4B9F-8801-5E806C2C6B7A,BICYCLIST,Cross/Enter at Intersection,INATTENTIVE,AT INTERSECTION BUT NO CROSSWALK,NO PED. SIGNAL,LIGHT CLOTHING,Yes,SUSPECTED MINOR INJURY,NONE,39.079296,-77.07298817,"(39.079296, -77.07298817)"
MCP28160011,15021152,Montgomery County Police,Property Damage Crash,05/04/2015 05:37:00 PM,Municipality,TWINBROOK PKWY,Municipality,CHAPMAN AVE,,ROCKVILLE,BICYCLIST,SAME DIR REAR END,CLEAR,DRY,DAYLIGHT,NO CONTROLS,NONE DETECTED,NONE DETECTED,529F0C9B-A86B-4552-8C63-4D4B0D3412D0,BICYCLIST,Other,NO IMPROPER ACTIONS,SIDEWALK,N/A,REFLECTIVE MATERIAL,,NO APPARENT INJURY,MC/BIKE HELMET,39.05886,-77.11837167,"(39.05886, -77.11837167)"
MCP26370015,16058857,Montgomery County Police,Injury Crash,11/15/2016 02:33:00 PM,County,OWENS GLEN WAY,County,OWENS GLEN TERR,,N/A,OTHER,SINGLE VEHICLE,N/A,DRY,DAYLIGHT,NO CONTROLS,,NONE DETECTED,51CF42EB-0614-4E4C-918A-D61E2E0CAD8C,OTHER,Other,OTHER,OTHER,N/A,N/A,Yes,POSSIBLE INJURY,NONE,39.11015333,-77.24271333,"(39.11015333, -77.24271333)"
MCP2246001Y,180005145,Montgomery County Police,Injury Crash,01/30/2018 04:20:00 PM,County,FOREST GROVE DR,County,BRISBANE ST,,N/A,PEDESTRIAN,OTHER,CLEAR,DRY,DAYLIGHT,NO CONTROLS,NONE DETECTED,NONE DETECTED,1CEB6FF1-037C-4096-A71D-0CB34E6C3D2C,PEDESTRIAN,Cross/Enter not at Intersection,DART DASH,ON ROADWAY NOT AT CROSSWALK,NO PED. SIGNAL,MIXED CLOTHING,Yes,SUSPECTED MINOR INJURY,NONE,39.02069,-77.03846167,"(39.02069, -77.03846167)"
DD56170008,16050168,Rockville Police Departme,Injury Crash,09/29/2016 06:02:00 PM,Municipality,THORNDEN RD,Municipality,CRAWFORD DR,,ROCKVILLE,BICYCLIST,OTHER,RAINING,WET,DARK -- UNKNOWN LIGHTING,NO CONTROLS,NONE DETECTED,UNKNOWN,A2960A0C-14A3-43A2-912E-EFE2FED2D106,BICYCLIST,Cross/Enter at Intersection,FAILURE TO YIELD RIGHT OF WAY,AT INTERSECTION BUT NO CROSSWALK,NO PED. SIGNAL,MIXED CLOTHING,No,POSSIBLE INJURY,NONE,39.07275302,-77.12278962,"(39.07275302, -77.12278962)"
MCP2620000Z,15059904,MONTGOMERY,Injury Crash,11/23/2015 04:37:00 PM,Maryland (State),CONNECTICUT AVE,County,WELLER RD,,N/A,PEDESTRIAN,STRAIGHT MOVEMENT ANGLE,CLEAR,DRY,DAYLIGHT,TRAFFIC SIGNAL,NONE DETECTED,NONE DETECTED,5CAE8144-2E19-4822-86A8-3817EF8F7D7C,PEDESTRIAN,Cross/Enter at Intersection,DART DASH,AT INTERSECTION MARKED CROSSWALK,DISOBEYED PED. SIGNAL,MIXED CLOTHING,Yes,SUSPECTED MINOR INJURY,NONE,39.06304873,-77.07349062,"(39.06304873, -77.07349062)"
MCP30180026,170544045,Montgomery County Police,Injury Crash,11/21/2017 07:52:00 AM,County,RANDOLPH RD,County,GLENALLAN AVE,,N/A,BICYCLIST,OTHER,CLEAR,N/A,DAYLIGHT,NO CONTROLS,NONE DETECTED,NONE DETECTED,87FCA9A2-C158-4D0A-ACB6-2FD42F1E3957,BICYCLIST,Cross/Enter at Intersection,NO IMPROPER ACTIONS,SIDEWALK,NO PED. SIGNAL,REFLECTIVE MATERIAL,No,SUSPECTED MINOR INJURY,MC/BIKE HELMET,39.06126,-77.044235,"(39.06126, -77.044235)"
MCP26670013,15043390,MONTGOMERY,Injury Crash,08/29/2015 09:55:00 AM,,,,,acess road between 30 N Summit Ave and 32 N Summit Ave,,PEDESTRIAN,OTHER,CLEAR,,DAYLIGHT,NO CONTROLS,NONE DETECTED,NONE DETECTED,C3FDEE48-ACF6-4608-9360-BDABE1A5C36E,PEDESTRIAN,Other Working,NOT VISIBLE,OTHER,N/A,MIXED CLOTHING,Yes,SUSPECTED MINOR INJURY,NONE,39.14350816,-77.19279528,"(39.14350816, -77.19279528)"
MCP2871003D,16044018,Montgomery County Police,Injury Crash,08/29/2016 03:35:00 PM,County,SEVEN LOCKS RD,County,DWIGHT DR,,N/A,PEDESTRIAN,OTHER,CLEAR,DRY,DAYLIGHT,NO CONTROLS,NONE DETECTED,NONE DETECTED,A6F4579A-A66B-48AD-A8E4-ACDAED53645E,PEDESTRIAN,Walking to/from school,DART DASH,AT INTERSECTION BUT NO CROSSWALK,NO PED. SIGNAL,LIGHT CLOTHING,Yes,POSSIBLE INJURY,NONE,39.00399,-77.15926167,"(39.00399, -77.15926167)"
DD5605005Q,180045675,Rockville Police Departme,Property Damage Crash,09/13/2018 07:45:00 AM,Municipality,GREAT FALLS RD,Municipality,MONUMENT ST,,ROCKVILLE,PEDESTRIAN,OTHER,CLEAR,DRY,DAYLIGHT,OTHER,NONE DETECTED,NONE DETECTED,4CECB962-DB8B-4EFD-91AF-D5541D7BAA52,PEDESTRIAN,Cross/Enter at Intersection,NO IMPROPER ACTIONS,AT INTERSECTION MARKED CROSSWALK,NO PED. SIGNAL,MIXED CLOTHING,No,NO APPARENT INJURY,NONE,39.08011633,-77.16110017,"(39.08011633, -77.16110017)"
MCP2874001B,16019861,Montgomery County Police,Injury Crash,04/22/2016 04:47:00 PM,Maryland (State),GEORGIA AVE,County,RANDOLPH RD,,N/A,PEDESTRIAN,OTHER,N/A,DRY,DAYLIGHT,TRAFFIC SIGNAL,NONE DETECTED,NONE DETECTED,36396FBE-A778-4904-8D7A-D5728E5CC236,PEDESTRIAN,Cross/Enter at Intersection,DART DASH,ON ROADWAY NOT AT CROSSWALK,DISOBEYED PED. SIGNAL,LIGHT CLOTHING,Yes,SUSPECTED MINOR INJURY,N/A,39.05656333,-77.05006667,"(39.05656333, -77.05006667)"
MCP9442000X,170510900,Montgomery County Police,Injury Crash,05/31/2017 02:06:00 PM,County,REDLAND RD,Maryland (State),MUNCASTER MILL RD,,N/A,PEDESTRIAN,OTHER,CLEAR,DRY,DAYLIGHT,NO CONTROLS,NONE DETECTED,NONE DETECTED,A9C17BD1-E070-418D-A149-7358DC3AEF0F,PEDESTRIAN,Other,IN ROADWAY IMPROPERLY,ON ROADWAY NOT AT CROSSWALK,NO PED. SIGNAL,DARK CLOTHING,Yes,POSSIBLE INJURY,N/A,39.167925,-77.20516333,"(39.167925, -77.20516333)"
MCP2831000Y,15053895,MONTGOMERY,Injury Crash,10/23/2015 07:13:00 PM,County,CENTURY BLVD,County,CRYSTAL ROCK DR,,N/A,PEDESTRIAN,SINGLE VEHICLE,CLEAR,DRY,DARK LIGHTS ON,TRAFFIC SIGNAL,N/A,N/A,7EFC9613-C2BD-4E9C-958F-30C0ADE68F71,PEDESTRIAN,Cross/Enter at Intersection,NO IMPROPER ACTIONS,ON ROADWAY AT CROSSWALK,OBEYED PED. SIGNAL,DARK CLOTHING,No,SUSPECTED MINOR INJURY,NONE,39.182685,-77.263615,"(39.182685, -77.263615)"
MCP28500016,180048206,Montgomery County Police,Injury Crash,09/27/2018 03:35:00 AM,County,STEDWICK RD,County,WATKINS MILL RD,,N/A,PEDESTRIAN,OPPOSITE DIRECTION SIDESWIPE,RAINING,WET,DARK LIGHTS ON,NO CONTROLS,ALCOHOL PRESENT,N/A,322684B3-1FD0-4042-A9FF-C82BC23FB40A,PEDESTRIAN,Standing,NO IMPROPER ACTIONS,ON ROADWAY NOT AT CROSSWALK,N/A,MIXED CLOTHING,No,SUSPECTED SERIOUS INJURY,N/A,39.170935,-77.21022167,"(39.170935, -77.21022167)"
MCP2783000M,15031359,MONTGOMERY,Injury Crash,06/27/2015 02:41:00 AM,County,RANDOLPH RD,County,DENLEY RD,,N/A,PEDESTRIAN,OTHER,CLEAR,DRY,DARK LIGHTS ON,NO CONTROLS,,ALCOHOL PRESENT,6BEED241-AEB0-4634-BA1F-2059B4A1A510,PEDESTRIAN,Unknown,UNKNOWN,ON ROADWAY NOT AT CROSSWALK,UNKNOWN,MIXED CLOTHING,No,SUSPECTED MINOR INJURY,NONE,39.05930167,-77.06207833,"(39.05930167, -77.06207833)"
MCP3069000Z,190003886,Montgomery County Police,Injury Crash,01/25/2019 04:13:00 AM,County,PARKLAWN DR,County,RANDOLPH RD,,N/A,PEDESTRIAN,OTHER,CLEAR,DRY,DARK LIGHTS ON,NO CONTROLS,UNKNOWN,NONE DETECTED,6BE4F743-4664-4348-8165-6E52964601FC,PEDESTRIAN,Walking/Riding w/Traffic,IN ROADWAY IMPROPERLY,ON ROADWAY NOT AT CROSSWALK,NO PED. SIGNAL,DARK CLOTHING,Yes,SUSPECTED SERIOUS INJURY,NONE,39.0167002,-76.98613548,"(39.0167002, -76.98613548)"
MCP2818003F,180004247,Montgomery County Police,Injury Crash,01/25/2018 12:40:00 PM,County,FENTON ST,County,CAMERON ST,,N/A,BICYCLIST,OTHER,CLEAR,DRY,DAYLIGHT,N/A,NONE DETECTED,NONE DETECTED,25215552-59BB-4434-A407-945FE0EB9473,BICYCLIST,Other,NO IMPROPER ACTIONS,SIDEWALK,OBEYED PED. SIGNAL,MIXED CLOTHING,No,POSSIBLE INJURY,N/A,38.99934333,-77.03268,"(38.99934333, -77.03268)"
MCP2941001M,16066054,Montgomery County Police,Injury Crash,12/23/2016 08:36:00 PM,,,,,PARKING LOT ENTRANCE,,PEDESTRIAN,OTHER,N/A,,DARK LIGHTS ON,NO CONTROLS,NONE DETECTED,NONE DETECTED,5D81A99A-3419-4C8A-BAFB-7006A428443E,PEDESTRIAN,Getting off/on Vehicle,ENTERING EXITING PARKED STANDING VEHICLE,SIDEWALK,NO PED. SIGNAL,DARK CLOTHING,No,SUSPECTED MINOR INJURY,NONE,38.99832283,-77.02860385,"(38.99832283, -77.02860385)"
DD5610000V,15016000,Rockville Police Departme,Injury Crash,04/07/2015 07:53:00 AM,Maryland (State),ROCKVILLE PIKE,Maryland (State),VEIRS MILL RD,,N/A,BICYCLIST,SINGLE VEHICLE,RAINING,WET,DAYLIGHT,YIELD SIGN,N/A,N/A,CF5B8CFF-2B1E-48BC-B24B-7000ED9E408A,BICYCLIST,Cross/Enter at Intersection,UNKNOWN,AT INTERSECTION MARKED CROSSWALK,OBEYED PED. SIGNAL,MIXED CLOTHING,,SUSPECTED SERIOUS INJURY,N/A,39.07707333,-77.13926333,"(39.07707333, -77.13926333)"
MCP29910025,170545523,Montgomery County Police,Injury Crash,11/29/2017 07:50:00 AM,County,THORNHURST DR,County,BOWIE MILL RD,,N/A,PEDESTRIAN,SINGLE VEHICLE,CLEAR,DRY,DAYLIGHT,N/A,UNKNOWN,NONE DETECTED,A7618B5A-395C-45C7-843E-9A5186DC1C3A,PEDESTRIAN,Walking/Riding w/Traffic,UNKNOWN,ON ROADWAY NOT AT CROSSWALK,UNKNOWN,UNKNOWN,Yes,POSSIBLE INJURY,N/A,39.15675333,-77.08854167,"(39.15675333, -77.08854167)"