Report Number,Local Case Number,Agency Name,ACRS Report Type,Crash Date/Time,Route Type,Road Name,Cross-Street Type,Cross-Street Name,Off-Road Description,Municipality,Related Non-Motorist,Collision Type,Weather,Surface Condition,Light,Traffic Control,Driver Substance Abuse,Non-Motorist Substance Abuse,Person ID,Pedestrian Type,Pedestrian Movement,Pedestrian Actions,Pedestrian Location,Pedestrian Obeyed Traffic Signal,Pedestrian Visibility,At Fault,Injury Severity,Safety Equipment,Latitude,Longitude,Location
MCP0685001R,15061744,MONTGOMERY,Injury Crash,12/03/2015 12:55:00 PM,County,BOU AVE,Maryland (State),ROCKVILLE PIKE,,N/A,PEDESTRIAN,SINGLE VEHICLE,N/A,DRY,DAYLIGHT,N/A,NONE DETECTED,NONE DETECTED,5D3E17B8-2F62-4076-A476-EAA8270C4A37,PEDESTRIAN,Cross/Enter not at Intersection,IN ROADWAY IMPROPERLY,ON ROADWAY NOT AT CROSSWALK,N/A,DARK CLOTHING,Yes,POSSIBLE INJURY,N/A,39.05630075,-77.11891651,"(39.05630075, -77.11891651)"
MCP25040014,16002218,Montgomery County Police,Injury Crash,01/12/2016 05:54:00 PM,Municipality,WOOTTON PKWY,Maryland (State),FALLS RD,,N/A,BICYCLIST,STRAIGHT MOVEMENT ANGLE,CLOUDY,DRY,DARK LIGHTS ON,TRAFFIC SIGNAL,UNKNOWN,NONE DETECTED,FF3355DF-9471-4372-A307-6645630E4FA6,BICYCLIST,Walking/Riding w/Traffic,NO IMPROPER ACTIONS,ON ROADWAY NOT AT CROSSWALK,OBEYED PED. SIGNAL,HEAD LIGHT AND REFLECTORS,No,SUSPECTED MINOR INJURY,MC/BIKE HELMET,39.069745,-77.17039167,"(39.069745, -77.17039167)"
MCP9130003B,170515983,Montgomery County Police,Injury Crash,06/27/2017 10:43:00 AM,County,WAYNE AVE,County,FENTON ST,,N/A,PEDESTRIAN,SINGLE VEHICLE,CLEAR,DRY,N/A,N/A,NONE DETECTED,NONE DETECTED,54C76958-DF93-4C07-972A-59493E15DD81,PEDESTRIAN,Cross/Enter not at Intersection,IN ROADWAY IMPROPERLY,ON ROADWAY NOT AT CROSSWALK,OTHER,LIGHT CLOTHING,Yes,SUSPECTED SERIOUS INJURY,NONE,38.99495626,-77.02523232,"(38.99495626, -77.02523232)"
MCP137800KM,180006930,Montgomery County Police,Injury Crash,02/09/2018 06:26:00 PM,County,LOST KNIFE RD,Maryland (State),MONTGOMERY VILLAGE AVE,,N/A,PEDESTRIAN,SINGLE VEHICLE,CLOUDY,DRY,DARK LIGHTS ON,STOP SIGN,NONE DETECTED,NONE DETECTED,87BC848F-BA5A-43FB-B14C-631F03AEB6A3,PEDESTRIAN,Cross/Enter at Intersection,INATTENTIVE,SIDEWALK,N/A,DARK CLOTHING,No,SUSPECTED MINOR INJURY,NONE,39.157237,-77.20322371,"(39.157237, -77.20322371)"
MCP31480013,190008589,Montgomery County Police,Injury Crash,02/22/2019 08:08:00 PM,County,PARKLAWN DR,County,BOILING BROOK PKWY,,N/A,PEDESTRIAN,OTHER,CLEAR,DRY,DARK LIGHTS ON,TRAFFIC SIGNAL,NONE DETECTED,NONE DETECTED,F3E2C787-DAD5-4168-B54C-F737C5D5B98E,PEDESTRIAN,Cross/Enter at Intersection,NO IMPROPER ACTIONS,ON ROADWAY AT CROSSWALK,OBEYED PED. SIGNAL,MIXED CLOTHING,No,POSSIBLE INJURY,NONE,39.04882667,-77.10184833,"(39.04882667, -77.10184833)"
MCP2757001P,170536392,Montgomery County Police,Property Damage Crash,10/13/2017 05:44:00 AM,County,KINGSWELL DR,County,LIVINGSTON ST,,N/A,PEDESTRIAN,SINGLE VEHICLE,N/A,N/A,DARK LIGHTS ON,NO CONTROLS,NONE DETECTED,NONE DETECTED,7604C228-E3AF-4408-B518-17FA188DC78C,PEDESTRIAN,Standing,OTHER,SHOULDER,N/A,DARK CLOTHING,No,NO APPARENT INJURY,N/A,39.05451784,-77.05814302,"(39.05451784, -77.05814302)"
MCP26940012,15002209,Montgomery County Police,Injury Crash,01/14/2015 04:16:00 PM,,,,,Parking lot 5809 Nicholson Ln T1 level,,PEDESTRIAN,OTHER,N/A,,DARK LIGHTS ON,NO CONTROLS,NONE DETECTED,NONE DETECTED,2499251E-C8B1-4814-A64E-BF2233274D56,PEDESTRIAN,Other,NO IMPROPER ACTIONS,OTHER,NO PED. SIGNAL,MIXED CLOTHING,,POSSIBLE INJURY,NONE,39.05546833,-77.09720167,"(39.05546833, -77.09720167)"
MCP2399001F,170539037,Montgomery County Police,Injury Crash,10/26/2017 07:00:00 PM,County,LOST KNIFE RD,Other Public Roadway,ODENDHAL AVE,,N/A,PEDESTRIAN,OTHER,CLEAR,DRY,DARK LIGHTS ON,TRAFFIC SIGNAL,NONE DETECTED,N/A,2133F347-CF2C-4198-B540-5B0D64FF5055,PEDESTRIAN,Cross/Enter at Intersection,DART DASH,AT INTERSECTION MARKED CROSSWALK,OBEYED PED. SIGNAL,DARK CLOTHING,No,POSSIBLE INJURY,N/A,39.15250563,-77.19827302,"(39.15250563, -77.19827302)"
MCP1048003V,180044255,Montgomery County Police,Injury Crash,09/05/2018 07:55:00 AM,County,SHADY GROVE RD,County,CRABBS BRANCH WAY,,N/A,BICYCLIST,OTHER,CLEAR,DRY,DAYLIGHT,TRAFFIC SIGNAL,NONE DETECTED,NONE DETECTED,B109D8A9-3334-4980-BD0C-FA3A20B3756A,BICYCLIST,Cross/Enter at Intersection,FAILURE TO OBEY TRAFFIC SIGNS SIGNALS OR OFFICER,AT INTERSECTION MARKED CROSSWALK,DISOBEYED PED. SIGNAL,LIGHT CLOTHING,Yes,SUSPECTED MINOR INJURY,N/A,39.12927333,-77.167375,"(39.12927333, -77.167375)"
MCP2881001G,16034746,Montgomery County Police,Injury Crash,07/09/2016 07:39:00 AM,County,FATHER HURLEY BLVD,County,WYNNFIELD DR,,N/A,PEDESTRIAN,OTHER,N/A,N/A,DAYLIGHT,TRAFFIC SIGNAL,NONE DETECTED,NONE DETECTED,454D8605-BCE1-4C74-81E7-BCC0DA875C93,PEDESTRIAN,Cross/Enter at Intersection,NO IMPROPER ACTIONS,AT INTERSECTION MARKED CROSSWALK,OBEYED PED. SIGNAL,N/A,No,POSSIBLE INJURY,NONE,39.18527,-77.24493667,"(39.18527, -77.24493667)"
MCP158000B4,190012614,Montgomery County Police,Property Damage Crash,03/19/2019 10:10:00 AM,Maryland (State),QUINCE ORCHARD RD,Ramp,RAMP 2 FR MD 124 WB TO IS 270 NB,,N/A,BICYCLIST,STRAIGHT MOVEMENT ANGLE,CLEAR,DRY,DAYLIGHT,N/A,NONE DETECTED,NONE DETECTED,28BC3683-B5E4-4EB2-8E17-5505B092C754,BICYCLIST,Cross/Enter at Intersection,IN ROADWAY IMPROPERLY,ON ROADWAY AT CROSSWALK,NO PED. SIGNAL,MIXED CLOTHING,Yes,NO APPARENT INJURY,NONE,39.15029,-77.21490833,"(39.15029, -77.21490833)"
MCP2512001P,16002674,Montgomery County Police,Injury Crash,01/14/2016 07:30:00 PM,County,DIAMONDBACK DR,County,DECOVERLY DR,,N/A,PEDESTRIAN,STRAIGHT MOVEMENT ANGLE,CLEAR,DRY,DARK LIGHTS ON,NO CONTROLS,NONE DETECTED,NONE DETECTED,3F5CD53C-89DB-4308-BE4C-8F57483246CD,PEDESTRIAN,Cross/Enter not at Intersection,INATTENTIVE,ON ROADWAY AT CROSSWALK,NO PED. SIGNAL,DARK CLOTHING,Yes,SUSPECTED MINOR INJURY,N/A,39.10961716,-77.20786929,"(39.10961716, -77.20786929)"
MCP29390016,16052541,Montgomery County Police,Injury Crash,10/12/2016 07:22:00 PM,,,,,"CHIK-FIL-A PARKING LOT LOCATED AT 19945 CENTURY BLVD GERMANTOWN, MD 20874",,PEDESTRIAN,STRAIGHT MOVEMENT ANGLE,CLEAR,,DARK LIGHTS ON,NO CONTROLS,NONE DETECTED,NONE DETECTED,765BAEF9-4E9F-40F1-9413-C72BE8A12BC8,PEDESTRIAN,Other,INATTENTIVE,OTHER,OTHER,DARK CLOTHING,Yes,SUSPECTED MINOR INJURY,NONE,39.18263895,-77.26173878,"(39.18263895, -77.26173878)"
MCP21820010,170529342,Montgomery County Police,Injury Crash,09/08/2017 07:53:00 AM,,,,,"GLENMONT METRO GARAGE
LEVEL 2, BY ROW 2C
12501 GEORGIA AVE. SILVER SPRING, MD 20902.",,BICYCLIST,STRAIGHT MOVEMENT ANGLE,CLEAR,,DAYLIGHT,NO CONTROLS,NONE DETECTED,NONE DETECTED,C042C543-E6AC-4107-9277-D47757465856,BICYCLIST,Cross/Enter at Intersection,NO IMPROPER ACTIONS,INSIDE BUILDING,NO PED. SIGNAL,MIXED CLOTHING,No,SUSPECTED MINOR INJURY,NONE,39.06579,-77.15987333,"(39.06579, -77.15987333)"
MCP27890030,16062658,Montgomery County Police,Property Damage Crash,12/06/2016 05:50:00 PM,US (State),GEORGIA AVE,County,BONIFANT ST,,N/A,BICYCLIST,OTHER,RAINING,WET,DARK LIGHTS ON,TRAFFIC SIGNAL,N/A,N/A,F7466F51-A52B-42AB-93B7-F6F35814A1B9,BICYCLIST,Cross/Enter at Intersection,NO IMPROPER ACTIONS,AT INTERSECTION MARKED CROSSWALK,OBEYED PED. SIGNAL,DARK CLOTHING,No,NO APPARENT INJURY,NONE,38.990735,-77.02665,"(38.990735, -77.02665)"
MCP2436004C,170545000,Montgomery County Police,Injury Crash,11/26/2017 02:25:00 PM,County,PLYMOUTH ST,County,FLOWER AVE,,N/A,PEDESTRIAN,OTHER,CLEAR,DRY,DAYLIGHT,STOP SIGN,NONE DETECTED,NONE DETECTED,5A4A5571-BBA1-41C4-B3A9-A53380C4A38B,PEDESTRIAN,Cross/Enter at Intersection,NO IMPROPER ACTIONS,AT INTERSECTION BUT NO CROSSWALK,NO PED. SIGNAL,MIXED CLOTHING,No,POSSIBLE INJURY,NONE,39.00171009,-77.00459272,"(39.00171009, -77.00459272)"
MCP20460085,180015862,Montgomery County Police,Injury Crash,04/02/2018 06:12:00 AM,Maryland (State),EAST WEST HWY,County,BLAIR MILL RD,,N/A,PEDESTRIAN,STRAIGHT MOVEMENT ANGLE,RAINING,WET,DARK LIGHTS ON,N/A,NONE DETECTED,NONE DETECTED,9F2CE912-9E6B-4A55-AFFC-8A0DBED68AAA,PEDESTRIAN,Other,NO IMPROPER ACTIONS,SIDEWALK,NO PED. SIGNAL,DARK CLOTHING,No,SUSPECTED MINOR INJURY,NONE,38.99097,-77.02962833,"(38.99097, -77.02962833)"
MCP2687001T,17013092,Montgomery County Police,Injury Crash,03/13/2017 01:25:00 PM,County,ARLINGTON RD,County,ELM ST,,N/A,PEDESTRIAN,OTHER,CLEAR,DRY,DAYLIGHT,PERSON,NONE DETECTED,N/A,052A8017-3943-4F04-8FAB-F9E150923173,PEDESTRIAN,Cross/Enter at Intersection,NO IMPROPER ACTIONS,AT INTERSECTION MARKED CROSSWALK,OBEYED PED. SIGNAL,LIGHT CLOTHING,No,POSSIBLE INJURY,NONE,38.98206798,-77.09851563,"(38.98206798, -77.09851563)"
MCP30680027,190005751,Montgomery County Police,Injury Crash,02/06/2019 10:35:00 AM,County,WISCONSIN CIR,Maryland (State),WISCONSIN AVE,,N/A,PEDESTRIAN,N/A,CLEAR,DRY,DARK LIGHTS ON,TRAFFIC SIGNAL,N/A,N/A,32CC3DF7-CD22-4677-BF67-9332CA690A7B,PEDESTRIAN,Cross/Enter at Intersection,NO IMPROPER ACTIONS,AT INTERSECTION MARKED CROSSWALK,OBEYED PED. SIGNAL,MIXED CLOTHING,No,SUSPECTED MINOR INJURY,N/A,38.96299,-77.08527833,"(38.96299, -77.08527833)"
MCP1366003K,15049897,MONTGOMERY,Injury Crash,10/02/2015 06:48:00 AM,,,,,"16651 CRABBS BRANCH WAY
ROCKVILLE, MD 20855",,PEDESTRIAN,SINGLE VEHICLE,RAINING,,DARK LIGHTS ON,N/A,NONE DETECTED,NONE DETECTED,D67C1E32-38CD-46B8-8C95-A55668CFB12E,PEDESTRIAN,Other,NO IMPROPER ACTIONS,OTHER,N/A,MIXED CLOTHING,No,POSSIBLE INJURY,NONE,39.126565,-77.16912667,"(39.126565, -77.16912667)"
MCP2667000L,15009357,Montgomery County Police,Injury Crash,02/27/2015 06:03:00 AM,County,SNOUFFERS SCHOOL RD,County,MOONEY DR,,N/A,PEDESTRIAN,SINGLE VEHICLE,CLEAR,DRY,DARK LIGHTS ON,N/A,NONE DETECTED,NONE DETECTED,F22A4CBD-2F44-41DA-A223-301249D86FD2,PEDESTRIAN,Other Working,N/A,SIDEWALK,N/A,MIXED CLOTHING,,SUSPECTED MINOR INJURY,NONE,39.16099667,-77.16363167,"(39.16099667, -77.16363167)"
MCP2330001L,180017910,Montgomery County Police,Injury Crash,04/12/2018 06:16:00 PM,,,,,PARKING LOT OF 11931 VEIRS MILL RD,,BICYCLIST,OTHER,CLEAR,,DAYLIGHT,NO CONTROLS,N/A,NONE DETECTED,54E87288-AD24-4864-861C-665BEF144C24,BICYCLIST,Playing,OTHER,ON ROADWAY NOT AT CROSSWALK,NO PED. SIGNAL,LIGHT CLOTHING,No,POSSIBLE INJURY,NONE,39.05358472,-77.07627475,"(39.05358472, -77.07627475)"
MCP2134000Y,17008899,Montgomery County Police,Injury Crash,02/18/2017 04:35:00 PM,,,,,PARKING LOT OF 8208 ROANOKE AVE,,PEDESTRIAN,OTHER,CLEAR,,DAYLIGHT,N/A,N/A,N/A,5393FDD0-75B2-46DD-A153-1577C1E8015B,PEDESTRIAN,Playing,UNKNOWN,OTHER,N/A,MIXED CLOTHING,Unknown,SUSPECTED SERIOUS INJURY,NONE,38.99135186,-77.00431913,"(38.99135186, -77.00431913)"
MCP2680001F,15029963,Montgomery County Police,Injury Crash,06/19/2015 02:00:00 PM,Maryland (State),COLESVILLE RD,County,SECOND AVE,,N/A,PEDESTRIAN,STRAIGHT MOVEMENT ANGLE,CLEAR,DRY,DAYLIGHT,TRAFFIC SIGNAL,NONE DETECTED,NONE DETECTED,096A825F-8178-42C2-8266-E1B0485D4317,PEDESTRIAN,Cross/Enter at Intersection,NO IMPROPER ACTIONS,ON ROADWAY AT CROSSWALK,OBEYED PED. SIGNAL,LIGHT CLOTHING,,SUSPECTED MINOR INJURY,NONE,38.99485167,-77.03069833,"(38.99485167, -77.03069833)"
MCP2971001G,16029634,Montgomery County Police,Injury Crash,06/12/2016 05:50:00 PM,,,,,"PARKING LOT CUT THROUGH OUTSIDE OF 11558 LOCKWOOD DRIVE, SILVER SPRING, MD 20904.",,PEDESTRIAN,OTHER,CLEAR,,DAYLIGHT,NO CONTROLS,"ALCOHOL PRESENT, NONE DETECTED",NONE DETECTED,E9A3ED80-C52B-41F7-8309-AB3ACC68F95A,PEDESTRIAN,Other,NO IMPROPER ACTIONS,SIDEWALK,NO PED. SIGNAL,LIGHT CLOTHING,No,SUSPECTED SERIOUS INJURY,NONE,39.04321117,-76.98358297,"(39.04321117, -76.98358297)"
MCP2512002R,170513077,Montgomery County Police,Injury Crash,06/11/2017 03:30:00 PM,Maryland (State),KEY WEST AVE,County,DARNESTOWN RD,,N/A,BICYCLIST,STRAIGHT MOVEMENT ANGLE,CLEAR,DRY,DAYLIGHT,STOP SIGN,NONE DETECTED,NONE DETECTED,31087CFA-0D13-4C56-9F1C-3A05700C9DF2,BICYCLIST,Walking/Riding w/Traffic,NO IMPROPER ACTIONS,IN BIKEWAY,N/A,LIGHT CLOTHING,No,SUSPECTED MINOR INJURY,MC/BIKE HELMET,39.10100032,-77.21216083,"(39.10100032, -77.21216083)"
MCP10990021,180023188,Montgomery County Police,Injury Crash,05/11/2018 02:05:00 PM,Maryland (State),WOODFIELD RD,County,BRENISH DR,,N/A,BICYCLIST,STRAIGHT MOVEMENT ANGLE,CLEAR,DRY,DAYLIGHT,NO CONTROLS,NONE DETECTED,NONE DETECTED,4E5EA2DD-791A-4CF6-94CC-A1005BC69DA3,BICYCLIST,Walking/Riding w/Traffic,NO IMPROPER ACTIONS,IN BIKEWAY,NO PED. SIGNAL,LIGHT CLOTHING,No,SUSPECTED MINOR INJURY,MC/BIKE HELMET,39.14673667,-77.145855,"(39.14673667, -77.145855)"
MCP1580004J,15054696,MONTGOMERY,Injury Crash,10/28/2015 09:18:00 AM,County,MONTGOMERY VILLAGE AVE,County,WHETSTONE DR,,N/A,PEDESTRIAN,OTHER,CLOUDY,WET,DAYLIGHT,STOP SIGN,NONE DETECTED,NONE DETECTED,CB63F7F2-312B-401B-8A15-5D40B6D4CA7E,PEDESTRIAN,Cross/Enter at Intersection,NO IMPROPER ACTIONS,DRIVEWAY ACCESS MARKED CROSSWALK,NO PED. SIGNAL,DARK CLOTHING,No,POSSIBLE INJURY,N/A,39.17076833,-77.204165,"(39.17076833, -77.204165)"
MCP1309001K,180022062,Montgomery County Police,Injury Crash,05/05/2018 09:18:00 AM,County,STRINGTOWN RD,County,KINGSLEY RD,,N/A,PEDESTRIAN,OTHER,CLOUDY,DRY,DAYLIGHT,NO CONTROLS,UNKNOWN,NONE DETECTED,5F53FA2F-36B1-480B-9E74-51E40AEF773E,PEDESTRIAN,Walking/Riding w/Traffic,NO IMPROPER ACTIONS,SHOULDER,NO PED. SIGNAL,LIGHT CLOTHING,No,SUSPECTED SERIOUS INJURY,NONE,39.25179656,-77.25371361,"(39.25179656, -77.25371361)"
MCP3014000B,16004309,Montgomery County Police,Injury Crash,01/26/2016 10:31:00 PM,,,,,"IN THE PARKING LOT OF SHOPPERS LOCATED AT 12345 GEORGIA AVE SILVER SPRING, MD 20906",,PEDESTRIAN,ANGLE MEETS LEFT HEAD ON,CLEAR,,DARK NO LIGHTS,NO CONTROLS,NONE DETECTED,NONE DETECTED,9AD48561-FE59-4C20-8031-F131A20CD815,PEDESTRIAN,Cross/Enter not at Intersection,NOT VISIBLE,OUTSIDE RIGHT OF WAY,NO PED. SIGNAL,DARK CLOTHING,Yes,SUSPECTED MINOR INJURY,NONE,39.0595811,-77.04814643,"(39.0595811, -77.04814643)"
MCP3029000C,17011842,Montgomery County Police,Injury Crash,03/06/2017 03:35:00 PM,County,HANNES ST,County,HANNES CT,,N/A,PEDESTRIAN,N/A,CLEAR,DRY,DAYLIGHT,NO CONTROLS,NONE DETECTED,NONE DETECTED,368DD248-0A1B-44E9-96B4-127D7DA23F11,PEDESTRIAN,Cross/Enter not at Intersection,DART DASH,ON ROADWAY NOT AT CROSSWALK,NO PED. SIGNAL,N/A,Yes,POSSIBLE INJURY,NONE,39.03252253,-77.01897204,"(39.03252253, -77.01897204)"
MCP2384000Q,15001274,Montgomery County Police,Injury Crash,01/08/2015 06:00:00 PM,Municipality,THE HILLS PLAZA,Municipality,S PARK AVE,,FRIENDSHIP HEIGHTS,PEDESTRIAN,OTHER,N/A,DRY,DARK LIGHTS ON,STOP SIGN,UNKNOWN,NONE DETECTED,7C4FB622-873E-4554-BE31-EBE27385A56C,PEDESTRIAN,Cross/Enter at Intersection,NO IMPROPER ACTIONS,ON ROADWAY AT CROSSWALK,NO PED. SIGNAL,DARK CLOTHING,,SUSPECTED MINOR INJURY,N/A,38.9633631,-77.08818913,"(38.9633631, -77.08818913)"
MCP2353001T,15053599,MONTGOMERY,Injury Crash,10/22/2015 12:11:00 PM,County,WILLARD AVE,Municipality,THE HILLS PLAZA,,FRIENDSHIP HEIGHTS,PEDESTRIAN,SINGLE VEHICLE,CLEAR,DRY,DAYLIGHT,OTHER,NONE DETECTED,NONE DETECTED,87BD1C1A-B4AB-4613-B4FE-DD11C91B312F,PEDESTRIAN,Cross/Enter at Intersection,NO IMPROPER ACTIONS,ON ROADWAY AT CROSSWALK,OBEYED PED. SIGNAL,MIXED CLOTHING,No,SUSPECTED SERIOUS INJURY,NONE,38.98345167,-77.09292,"(38.98345167, -77.09292)"
MCP3019002D,190019917,Montgomery County Police,Injury Crash,03/23/2019 08:00:00 PM,County,WOODMONT AVE,County,BETHESDA AVE,,N/A,PEDESTRIAN,OTHER,CLEAR,DRY,DUSK,NO CONTROLS,NONE DETECTED,UNKNOWN,E92A3F94-9E87-418E-B4CE-64E01821AD66,PEDESTRIAN,Other,IN ROADWAY IMPROPERLY,ON ROADWAY NOT AT CROSSWALK,N/A,UNKNOWN,Yes,POSSIBLE INJURY,NONE,38.98125078,-77.09545621,"(38.98125078, -77.09545621)"
MCP91280001,15015682,Montgomery County Police,Injury Crash,04/05/2015 10:24:00 AM,Maryland (State),NORBECK RD,Unknown,NORBECK BLVD,,N/A,PEDESTRIAN,OTHER,CLEAR,DRY,DAYLIGHT,PERSON,NONE DETECTED,N/A,78DE2D86-04CB-41E1-A0DB-1E0729044FC9,PEDESTRIAN,Standing,NO IMPROPER ACTIONS,ON ROADWAY NOT AT CROSSWALK,N/A,DARK CLOTHING,,POSSIBLE INJURY,N/A,39.11194,-77.06998167,"(39.11194, -77.06998167)"
MCP0973000X,180053881,Montgomery County Police,Injury Crash,10/27/2018 06:53:00 PM,Maryland (State),WISCONSIN AVE,County,COMMERCE LA,,N/A,PEDESTRIAN,SINGLE VEHICLE,CLOUDY,DRY,DARK LIGHTS ON,NO CONTROLS,NONE DETECTED,NONE DETECTED,5B271D55-34C7-42DA-A94B-1289D08EA6FB,PEDESTRIAN,Cross/Enter at Intersection,NO IMPROPER ACTIONS,ON ROADWAY AT CROSSWALK,NO PED. SIGNAL,DARK CLOTHING,No,SUSPECTED MINOR INJURY,NONE,38.98577167,-77.094735,"(38.98577167, -77.094735)"
MCP27530017,16037782,Montgomery County Police,Injury Crash,07/26/2016 10:40:00 AM,Maryland (State),GEORGIA AVE,Unknown,LOTTE PLAZA,,N/A,BICYCLIST,STRAIGHT MOVEMENT ANGLE,CLEAR,DRY,DAYLIGHT,STOP SIGN,NONE DETECTED,NONE DETECTED,F2EB426A-6ECD-4A43-A625-C2A8AF898A27,BICYCLIST,Walking/Riding against Traffic,IMPROPER PASSING,ON ROADWAY NOT AT CROSSWALK,NO PED. SIGNAL,MIXED CLOTHING,Yes,SUSPECTED MINOR INJURY,MC/BIKE HELMET,39.07914963,-77.07280397,"(39.07914963, -77.07280397)"
MCP2970001Q,16033110,Montgomery County Police,Injury Crash,06/30/2016 01:34:00 PM,Maryland (State),UNIVERSITY BLVD W,County,DRUMM AVE,,N/A,PEDESTRIAN,SINGLE VEHICLE,CLEAR,DRY,DAYLIGHT,YIELD SIGN,N/A,N/A,CAD841F5-42D1-4E1C-9829-753D952D7EE8,PEDESTRIAN,Cross/Enter at Intersection,NO IMPROPER ACTIONS,ON ROADWAY AT CROSSWALK,NO PED. SIGNAL,LIGHT CLOTHING,No,SUSPECTED SERIOUS INJURY,N/A,39.03668,-77.06152,"(39.03668, -77.06152)"
MCP271700B3,17012468,Montgomery County Police,Injury Crash,03/09/2017 04:45:00 PM,Maryland (State),NEW HAMPSHIRE AVE,County,OAKVIEW DR,,N/A,PEDESTRIAN,OTHER,CLEAR,DRY,DAYLIGHT,TRAFFIC SIGNAL,NONE DETECTED,NONE DETECTED,67F9F0CC-84BB-41EE-9107-BE7E0C868D91,PEDESTRIAN,Cross/Enter at Intersection,NO IMPROPER ACTIONS,ON ROADWAY AT CROSSWALK,OBEYED PED. SIGNAL,MIXED CLOTHING,No,SUSPECTED MINOR INJURY,NONE,39.01515533,-76.9780485,"(39.01515533, -76.9780485)"
MCP1227000N,170540319,Montgomery County Police,Fatal Crash,11/01/2017 07:49:00 PM,Maryland (State),NEW HAMPSHIRE AVE,Municipality,LARCH AVE,,TAKOMA PARK,PEDESTRIAN,SINGLE VEHICLE,CLEAR,DRY,DARK LIGHTS ON,TRAFFIC SIGNAL,NONE DETECTED,NONE DETECTED,A3F0BD1E-E961-40C8-AE73-3B05DFE48711,PEDESTRIAN,Unknown,UNKNOWN,UNKNOWN,UNKNOWN,DARK CLOTHING,Unknown,FATAL INJURY,NONE,38.97771959,-76.99186429,"(38.97771959, -76.99186429)"
MCP29360020,170544390,Montgomery County Police,Injury Crash,11/22/2017 07:18:00 PM,,,,,"PARKING LOT OF HARRIS TEETER @ 11845 OLD GEORGETOWN RD ROCKVILLE, MD 20852",,PEDESTRIAN,OTHER,CLEAR,,DARK LIGHTS ON,NO CONTROLS,NONE DETECTED,NONE DETECTED,B6707D9D-50C0-450B-8662-628E290ABEDD,PEDESTRIAN,Other,N/A,OTHER,NO PED. SIGNAL,MIXED CLOTHING,No,SUSPECTED MINOR INJURY,N/A,39.049665,-77.10888833,"(39.049665, -77.10888833)"
DD5633001M,190023736,Rockville Police Departme,Injury Crash,05/19/2019 05:49:00 PM,,,,,2100 CHAPMAN AVE (FLAGSHIP CARWASH PARKING LOT),,PEDESTRIAN,SAME DIR REAR END,CLEAR,,DAYLIGHT,N/A,NONE DETECTED,NONE DETECTED,20A7C632-83E7-414D-BF5E-BA4C56361706,PEDESTRIAN,Standing,NO IMPROPER ACTIONS,OTHER,N/A,MIXED CLOTHING,No,POSSIBLE INJURY,N/A,39.05721333,-77.11673333,"(39.05721333, -77.11673333)"
MCP2134001R,180058159,Montgomery County Police,Fatal Crash,11/20/2018 06:44:00 AM,Municipality,S SUMMIT AVE,Municipality,WELLS AVE,,GAITHERSBURG,PEDESTRIAN,OTHER,CLEAR,N/A,DAWN,OTHER,N/A,UNKNOWN,3472140D-AE30-4C4F-AE41-2212B1289F04,PEDESTRIAN,Cross/Enter at Intersection,UNKNOWN,ON ROADWAY AT CROSSWALK,NO PED. SIGNAL,MIXED CLOTHING,Unknown,FATAL INJURY,NONE,39.14136392,-77.19350721,"(39.14136392, -77.19350721)"
MCP2755000S,16052965,Montgomery County Police,Injury Crash,10/15/2016 12:04:00 AM,County,ARCOLA AVE,Maryland (State),UNIVERSITY BLVD W,,N/A,PEDESTRIAN,OTHER,CLEAR,DRY,DARK -- UNKNOWN LIGHTING,TRAFFIC SIGNAL,UNKNOWN,N/A,B64507D9-8CAF-482D-B1A2-DDF90FB553E2,PEDESTRIAN,Cross/Enter at Intersection,FAILURE TO OBEY TRAFFIC SIGNS SIGNALS OR OFFICER,ON ROADWAY AT CROSSWALK,DISOBEYED PED. SIGNAL,N/A,Yes,SUSPECTED MINOR INJURY,N/A,39.03546126,-77.02589214,"(39.03546126, -77.02589214)"
MCP2894002Y,16049129,Montgomery County Police,Injury Crash,09/24/2016 09:00:00 AM,County,MACARTHUR BLVD,County,SANGAMORE RD,,N/A,BICYCLIST,STRAIGHT MOVEMENT ANGLE,CLEAR,DRY,DAYLIGHT,TRAFFIC SIGNAL,NONE DETECTED,NONE DETECTED,28D2BFD8-E938-4009-B516-8B9967DC0E25,BICYCLIST,Cross/Enter at Intersection,NO IMPROPER ACTIONS,AT INTERSECTION MARKED CROSSWALK,OBEYED PED. SIGNAL,REFLECTIVE MATERIAL,No,SUSPECTED SERIOUS INJURY,MC/BIKE HELMET,38.944455,-77.11707667,"(38.944455, -77.11707667)"
MCP2740001C,15058201,MONTGOMERY,Injury Crash,11/15/2015 06:49:00 PM,Maryland (State),PINEY BRANCH RD,County,DALE DR,,N/A,PEDESTRIAN,SINGLE VEHICLE,CLEAR,DRY,DARK LIGHTS ON,TRAFFIC SIGNAL,UNKNOWN,NONE DETECTED,A73E325B-FF18-44ED-BB1A-9167A011786F,PEDESTRIAN,Cross/Enter at Intersection,NO IMPROPER ACTIONS,ON ROADWAY AT CROSSWALK,OBEYED PED. SIGNAL,MIXED CLOTHING,No,SUSPECTED MINOR INJURY,NONE,38.99374833,-77.00917167,"(38.99374833, -77.00917167)"