Report Number,Local Case Number,Agency Name,ACRS Report Type,Crash Date/Time,Route Type,Road Name,Cross-Street Type,Cross-Street Name,Off-Road Description,Municipality,Related Non-Motorist,Collision Type,Weather,Surface Condition,Light,Traffic Control,Driver Substance Abuse,Non-Motorist Substance Abuse,Person ID,Pedestrian Type,Pedestrian Movement,Pedestrian Actions,Pedestrian Location,Pedestrian Obeyed Traffic Signal,Pedestrian Visibility,At Fault,Injury Severity,Safety Equipment,Latitude,Longitude,Location
MCP2676002N,170511356,Montgomery County Police,Injury Crash,06/02/2017 03:24:00 PM,County,GOSHEN RD,County,EMORY GROVE RD,,N/A,PEDESTRIAN,OTHER,CLEAR,DRY,DAYLIGHT,TRAFFIC SIGNAL,N/A,N/A,3C0085F8-EEE3-4071-A39A-2DB9CBB745C8,PEDESTRIAN,Cross/Enter at Intersection,IN ROADWAY IMPROPERLY,ON ROADWAY NOT AT CROSSWALK,N/A,MIXED CLOTHING,Yes,SUSPECTED MINOR INJURY,N/A,39.16034667,-77.19259333,"(39.16034667, -77.19259333)"
MCP271700DG,170535666,Montgomery County Police,Injury Crash,10/09/2017 04:20:00 PM,County,DECATUR AVE,Maryland (State),UNIVERSITY BLVD W,,N/A,PEDESTRIAN,SINGLE VEHICLE,CLEAR,DRY,DAYLIGHT,NO CONTROLS,NONE DETECTED,NONE DETECTED,6AF615B2-2EE8-405C-92D3-02F4004D3EFB,PEDESTRIAN,Cross/Enter not at Intersection,DART DASH,ON ROADWAY NOT AT CROSSWALK,NO PED. SIGNAL,MIXED CLOTHING,Yes,SUSPECTED MINOR INJURY,NONE,39.0338525,-77.07308983,"(39.0338525, -77.07308983)"
MCP2905004D,180059538,Montgomery County Police,Injury Crash,11/28/2018 05:16:00 PM,County,WOODMONT AVE,County,BATTERY LA,,N/A,PEDESTRIAN,SINGLE VEHICLE,CLEAR,DRY,DARK LIGHTS ON,TRAFFIC SIGNAL,N/A,N/A,941D0C60-61F0-4A6D-9122-083CF7ADAF13,PEDESTRIAN,Cross/Enter not at Intersection,NOT VISIBLE,ON ROADWAY NOT AT CROSSWALK,OBEYED PED. SIGNAL,DARK CLOTHING,Yes,POSSIBLE INJURY,NONE,38.9927614,-77.09704548,"(38.9927614, -77.09704548)"
MCP2738002T,180031492,Montgomery County Police,Injury Crash,06/26/2018 05:55:00 PM,County,BRIGGS CHANEY RD,County,ROBEY RD,,N/A,PEDESTRIAN,N/A,N/A,N/A,DAYLIGHT,NO CONTROLS,N/A,N/A,D8790231-2FE4-42D2-8376-0085280E68C3,PEDESTRIAN,N/A,NOT VISIBLE,N/A,UNKNOWN,LIGHT CLOTHING,Unknown,SUSPECTED MINOR INJURY,NONE,39.07774667,-76.944295,"(39.07774667, -76.944295)"
MCP2212002F,170522534,Montgomery County Police,Injury Crash,08/02/2017 02:36:00 PM,County,PLUM ORCHARD DR,County,BROADBIRCH DR,,N/A,PEDESTRIAN,OTHER,CLEAR,DRY,DAYLIGHT,STOP SIGN,NONE DETECTED,NONE DETECTED,A035EDE6-ADB7-48DB-B7B4-9E8EB30792D5,PEDESTRIAN,Cross/Enter at Intersection,NO IMPROPER ACTIONS,MIDBLOCK MARKED CROSSWALK,NO PED. SIGNAL,LIGHT CLOTHING,No,SUSPECTED MINOR INJURY,N/A,39.05551761,-76.95732951,"(39.05551761, -76.95732951)"
MCP3057000R,170546170,Montgomery County Police,Injury Crash,12/02/2017 06:01:00 AM,Maryland (State),GREAT SENECA HWY,County,MATENY RD,,N/A,BICYCLIST,STRAIGHT MOVEMENT ANGLE,N/A,DRY,DARK LIGHTS ON,N/A,N/A,NONE DETECTED,48F9CA99-CF13-4452-94FD-906C9E0426D6,BICYCLIST,Cross/Enter at Intersection,NO IMPROPER ACTIONS,AT INTERSECTION MARKED CROSSWALK,OBEYED PED. SIGNAL,REFLECTIVE MATERIAL,No,SUSPECTED MINOR INJURY,REFLECTIVE CLOTHING,39.18409833,-77.26336833,"(39.18409833, -77.26336833)"
MCP29840010,180009366,Montgomery County Police,Injury Crash,02/23/2018 07:24:00 AM,Maryland (State),GREAT SENECA HWY,Unknown,COTTAGE GARDEN DR,,N/A,PEDESTRIAN,OTHER,RAINING,WET,DAYLIGHT,TRAFFIC SIGNAL,UNKNOWN,NONE DETECTED,42BE50B7-B5CC-4107-9947-38FC5491123B,PEDESTRIAN,Cross/Enter at Intersection,NO IMPROPER ACTIONS,AT INTERSECTION MARKED CROSSWALK,OBEYED PED. SIGNAL,MIXED CLOTHING,Unknown,SUSPECTED MINOR INJURY,N/A,39.15330833,-77.27789,"(39.15330833, -77.27789)"
MCP2789004Y,180032663,Montgomery County Police,Injury Crash,07/02/2018 09:45:00 PM,County,SPRING ST,County,FIRST AVE,,N/A,PEDESTRIAN,SINGLE VEHICLE,CLEAR,DRY,DARK LIGHTS ON,NO CONTROLS,N/A,N/A,892388A2-53BB-455E-8DDF-E15183346837,PEDESTRIAN,Cross/Enter at Intersection,NO IMPROPER ACTIONS,ON ROADWAY AT CROSSWALK,NO PED. SIGNAL,MIXED CLOTHING,No,POSSIBLE INJURY,NONE,38.99893167,-77.03290833,"(38.99893167, -77.03290833)"
MCP2928000P,15033137,MONTGOMERY,Injury Crash,07/07/2015 08:00:00 AM,Maryland (State),GEORGIA AVE,County,BELVEDERE BLVD,,N/A,PEDESTRIAN,SINGLE VEHICLE,CLEAR,DRY,DAYLIGHT,NO CONTROLS,,NONE DETECTED,2718F89C-3315-4B74-A8A3-AD027251D4EC,PEDESTRIAN,Cross/Enter at Intersection,DART DASH,CURB,NO PED. SIGNAL,DARK CLOTHING,Yes,POSSIBLE INJURY,N/A,39.01950044,-77.04405069,"(39.01950044, -77.04405069)"
MCP3084001Q,180033792,Montgomery County Police,Injury Crash,07/09/2018 07:14:00 AM,Maryland (State),OLD GEORGETOWN RD,County,AUBURN AVE,,N/A,BICYCLIST,HEAD ON LEFT TURN,CLEAR,DRY,DAYLIGHT,TRAFFIC SIGNAL,NONE DETECTED,NONE DETECTED,3A3401A6-FFBF-42D4-8560-9B3304197CEB,BICYCLIST,Cross/Enter at Intersection,NO IMPROPER ACTIONS,SHOULDER,OBEYED PED. SIGNAL,MIXED CLOTHING,No,SUSPECTED MINOR INJURY,MC/BIKE HELMET,38.98915017,-77.101208,"(38.98915017, -77.101208)"
DD56120006,17007723,Rockville Police Departme,Injury Crash,02/12/2017 06:21:00 PM,Maryland (State),E JEFFERSON ST,Municipality,MONROE ST,,ROCKVILLE,PEDESTRIAN,SINGLE VEHICLE,CLEAR,DRY,DARK LIGHTS ON,TRAFFIC SIGNAL,NONE DETECTED,UNKNOWN,BB91F50E-3442-4584-ABAD-87AEE51CB93F,PEDESTRIAN,Cross/Enter at Intersection,FAILURE TO OBEY TRAFFIC SIGNS SIGNALS OR OFFICER,AT INTERSECTION MARKED CROSSWALK,DISOBEYED PED. SIGNAL,MIXED CLOTHING,Yes,SUSPECTED MINOR INJURY,NONE,39.08196045,-77.14913964,"(39.08196045, -77.14913964)"
MCP10220031,15046845,MONTGOMERY,Injury Crash,09/16/2015 07:55:00 AM,County,RICHTER FARM RD,County,MOLASSES RUN DR,,N/A,PEDESTRIAN,SINGLE VEHICLE,CLEAR,DRY,DAYLIGHT,NO CONTROLS,NONE DETECTED,NONE DETECTED,C95F2528-4359-47FD-90E7-0827FD5A77D0,PEDESTRIAN,Cross/Enter at Intersection,DART DASH,ON ROADWAY NOT AT CROSSWALK,NO PED. SIGNAL,LIGHT CLOTHING,Yes,SUSPECTED MINOR INJURY,NONE,39.15317167,-77.285585,"(39.15317167, -77.285585)"
DD55080033,17003277,Rockville Police Departme,Injury Crash,01/19/2017 12:58:00 PM,Municipality,N STONESTREET AVE,Municipality,PARK RD,,ROCKVILLE,PEDESTRIAN,OTHER,CLEAR,DRY,DAYLIGHT,NO CONTROLS,NONE DETECTED,NONE DETECTED,FC4B81C3-4D9E-4973-AD92-5DA0DECC8106,PEDESTRIAN,Cross/Enter not at Intersection,IN ROADWAY IMPROPERLY,ON ROADWAY NOT AT CROSSWALK,N/A,MIXED CLOTHING,Yes,SUSPECTED MINOR INJURY,NONE,39.08628667,-77.14729667,"(39.08628667, -77.14729667)"
MCP23960036,190010789,Montgomery County Police,Injury Crash,03/08/2019 04:30:00 PM,Maryland (State),HUNGERFORD DR,Municipality,BEALL AVE #2,,ROCKVILLE,PEDESTRIAN,STRAIGHT MOVEMENT ANGLE,CLEAR,DRY,DAYLIGHT,TRAFFIC SIGNAL,N/A,N/A,3648A6A3-E25B-4434-8283-0CC6BD53A3FF,PEDESTRIAN,Cross/Enter at Intersection,NO IMPROPER ACTIONS,ON ROADWAY AT CROSSWALK,OBEYED PED. SIGNAL,MIXED CLOTHING,No,SUSPECTED MINOR INJURY,UNKNOWN,39.08742277,-77.15015525,"(39.08742277, -77.15015525)"
EJ7837002N,180021966,Gaithersburg Police Depar,Injury Crash,05/04/2018 06:00:00 PM,County,S WESTLAND DR,Maryland (State),FREDERICK RD,,N/A,BICYCLIST,OTHER,CLOUDY,DRY,DAYLIGHT,TRAFFIC SIGNAL,N/A,N/A,59C00868-AE1D-49D2-A7AB-DA3DE528D6D3,BICYCLIST,Cross/Enter at Intersection,NO IMPROPER ACTIONS,AT INTERSECTION MARKED CROSSWALK,OBEYED PED. SIGNAL,LIGHT CLOTHING,No,SUSPECTED MINOR INJURY,NONE,39.12594047,-77.18291,"(39.12594047, -77.18291)"
MCP137800FN,17000607,Montgomery County Police,Injury Crash,01/04/2017 03:25:00 PM,Maryland (State),S FREDERICK RD,Municipality,EDUCATION BLVD,,GAITHERSBURG,PEDESTRIAN,SINGLE VEHICLE,CLEAR,DRY,DAYLIGHT,TRAFFIC SIGNAL,NONE DETECTED,NONE DETECTED,2B8854C6-4316-4023-8643-987F31F37753,PEDESTRIAN,Cross/Enter at Intersection,NO IMPROPER ACTIONS,ON ROADWAY AT CROSSWALK,OBEYED PED. SIGNAL,LIGHT CLOTHING,No,SUSPECTED MINOR INJURY,N/A,39.135705,-77.19216167,"(39.135705, -77.19216167)"
MCP31000007,180011106,Montgomery County Police,Injury Crash,03/04/2018 10:40:00 AM,,,,,"PARKING LOT OF ""BIG LOTS"" 19000 BLOCK OF MONTGOMERY VILLAGE AVE",,PEDESTRIAN,SINGLE VEHICLE,CLEAR,,DAYLIGHT,N/A,UNKNOWN,N/A,262C3E01-4546-45CE-BC6B-D3FF280FC855,PEDESTRIAN,Other,NO IMPROPER ACTIONS,OTHER,N/A,OTHER,No,POSSIBLE INJURY,N/A,39.16887827,-77.20541775,"(39.16887827, -77.20541775)"
MCP2809001J,15004314,Montgomery County Police,Injury Crash,01/26/2015 07:00:00 AM,Maryland (State),UNIVERSITY BLVD W,County,CADDINGTON AVE,,N/A,PEDESTRIAN,OTHER,RAINING,WET,DAWN,TRAFFIC SIGNAL,UNKNOWN,N/A,4A719E47-0EEC-4243-80A5-0CE8D8AF52E1,PEDESTRIAN,Walking to/from school,UNKNOWN,UNKNOWN,UNKNOWN,MIXED CLOTHING,,POSSIBLE INJURY,NONE,39.03357,-77.0238,"(39.03357, -77.0238)"
MCP3079001H,180059127,Montgomery County Police,Injury Crash,11/26/2018 04:18:00 PM,County,MIDDLEBROOK RD,County,CRYSTAL ROCK DR,,N/A,PEDESTRIAN,OTHER,RAINING,WET,DAYLIGHT,TRAFFIC SIGNAL,NONE DETECTED,NONE DETECTED,65CEA0DD-B4B3-4BE4-9F62-00420AFB42A0,PEDESTRIAN,Cross/Enter at Intersection,FAILURE TO YIELD RIGHT OF WAY,ON ROADWAY AT CROSSWALK,DISOBEYED PED. SIGNAL,MIXED CLOTHING,Yes,SUSPECTED MINOR INJURY,NONE,39.17686311,-77.2643746,"(39.17686311, -77.2643746)"
MCP20080044,170523208,Montgomery County Police,Injury Crash,08/05/2017 04:34:00 PM,,,,,"PARKING LOT OF 
6301 RIVER RD",,PEDESTRIAN,OTHER,CLEAR,,DAYLIGHT,N/A,NONE DETECTED,NONE DETECTED,4C8DB713-3960-4E4D-9A56-066D032F3552,PEDESTRIAN,Other,NO IMPROPER ACTIONS,OTHER,N/A,LIGHT CLOTHING,No,NO APPARENT INJURY,N/A,38.97602667,-77.12599833,"(38.97602667, -77.12599833)"
MCP242500BX,180006810,Montgomery County Police,Injury Crash,02/09/2018 07:05:00 AM,County,11TH AVE,County,QUEBEC ST,,N/A,PEDESTRIAN,OTHER,CLEAR,DRY,DAYLIGHT,NO CONTROLS,UNKNOWN,NONE DETECTED,27BE7955-E585-40BE-9FD7-A746D0D13556,PEDESTRIAN,Cross/Enter at Intersection,NO IMPROPER ACTIONS,ON ROADWAY NOT AT CROSSWALK,NO PED. SIGNAL,DARK CLOTHING,No,SUSPECTED MINOR INJURY,NONE,38.99847333,-76.98876,"(38.99847333, -76.98876)"
MCP27610020,180010217,Montgomery County Police,Injury Crash,02/27/2018 05:25:00 PM,,,,,"PARKING LOT OF
19718 GERMANTOWN ROAD (SAFEWAY)",,PEDESTRIAN,OTHER,CLEAR,,DAYLIGHT,NO CONTROLS,NONE DETECTED,NONE DETECTED,99E747E8-217B-4FA4-8BF2-067B385D1F4A,PEDESTRIAN,Other,NO IMPROPER ACTIONS,MIDBLOCK MARKED CROSSWALK,NO PED. SIGNAL,DARK CLOTHING,No,POSSIBLE INJURY,NONE,39.18079894,-77.26593375,"(39.18079894, -77.26593375)"
MCP2892006C,190019593,Montgomery County Police,Injury Crash,04/26/2019 03:16:00 PM,County,SPRING ST,County,CAMERON ST,,N/A,PEDESTRIAN,OTHER,RAINING,WET,DAYLIGHT,TRAFFIC SIGNAL,NONE DETECTED,NONE DETECTED,D246FFB4-79BE-4918-A50D-7AE6AD238C87,PEDESTRIAN,Cross/Enter at Intersection,NO IMPROPER ACTIONS,ON ROADWAY AT CROSSWALK,OBEYED PED. SIGNAL,LIGHT CLOTHING,No,POSSIBLE INJURY,NONE,38.99965111,-77.02785858,"(38.99965111, -77.02785858)"
MCP2611000H,15009794,Montgomery County Police,Injury Crash,03/01/2015 07:14:00 PM,County,OLD COLUMBIA PIKE,Unknown,CARRIAGE HOUSE TERR,,N/A,OTHER,STRAIGHT MOVEMENT ANGLE,WINTRY MIX,SNOW,DARK LIGHTS ON,NO CONTROLS,N/A,N/A,9B5F32EA-0740-40F9-BA07-0364B6AF53CC,OTHER,Standing,NO IMPROPER ACTIONS,OTHER,N/A,MIXED CLOTHING,,NO APPARENT INJURY,N/A,39.0491856,-76.9795622,"(39.0491856, -76.9795622)"
DD5508003N,170513397,Rockville Police Departme,Injury Crash,06/13/2017 12:24:00 PM,Municipality,N WASHINGTON ST,Municipality,WOOD LA,,ROCKVILLE,PEDESTRIAN,OTHER,CLEAR,DRY,DAYLIGHT,STOP SIGN,NONE DETECTED,NONE DETECTED,8E1CEC93-70C6-4D63-9660-9427A50558B6,PEDESTRIAN,Cross/Enter at Intersection,NO IMPROPER ACTIONS,ON ROADWAY AT CROSSWALK,OBEYED PED. SIGNAL,MIXED CLOTHING,No,SUSPECTED MINOR INJURY,N/A,39.08606,-77.15289833,"(39.08606, -77.15289833)"
MCP25490051,16036515,Montgomery County Police,Injury Crash,07/19/2016 11:50:00 AM,County,MACARTHUR BLVD,Maryland (State),WILSON LA,,N/A,BICYCLIST,SAME DIRECTION SIDESWIPE,CLEAR,DRY,DAYLIGHT,NO CONTROLS,NONE DETECTED,NONE DETECTED,1503840F-C64E-45D2-9156-365BDDFADFF9,BICYCLIST,Walking/Riding w/Traffic,IN ROADWAY IMPROPERLY,OUTSIDE RIGHT OF WAY,N/A,MIXED CLOTHING,Yes,SUSPECTED MINOR INJURY,MC/BIKE HELMET,38.97283085,-77.1460712,"(38.97283085, -77.1460712)"
MCP2848003J,16057266,Montgomery County Police,Injury Crash,11/06/2016 02:40:00 PM,,,,,"PARKING LOT IN FRONT OF MACY'S AT MONTGOMERY MALL-7101 DEMOCRACY BLVD BETHESDA, MD 20817",,PEDESTRIAN,SINGLE VEHICLE,CLEAR,,DAYLIGHT,NO CONTROLS,NONE DETECTED,NONE DETECTED,05178664-037E-44F1-850B-AACDD94569FE,PEDESTRIAN,Cross/Enter not at Intersection,UNKNOWN,ON ROADWAY NOT AT CROSSWALK,NO PED. SIGNAL,LIGHT CLOTHING,Yes,SUSPECTED MINOR INJURY,NONE,39.02380167,-77.14843333,"(39.02380167, -77.14843333)"
MCP2891000P,15015117,Montgomery County Police,Injury Crash,04/02/2015 08:08:00 AM,County,GIST AVE,County,TAKOMA AVE,,N/A,BICYCLIST,SAME DIR REAR END,CLEAR,DRY,DAYLIGHT,N/A,,NONE DETECTED,2C39B891-958C-492A-939C-0CF0F2C47A62,BICYCLIST,Walking/Riding w/Traffic,NO IMPROPER ACTIONS,OTHER,N/A,OTHER,,SUSPECTED MINOR INJURY,MC/BIKE HELMET,38.98839833,-77.01766833,"(38.98839833, -77.01766833)"
MCP229800B9,16057493,Montgomery County Police,Injury Crash,11/07/2016 08:01:00 PM,Maryland (State),CLOPPER RD,County,LIBERTY MILL RD,,N/A,BICYCLIST,OTHER,CLEAR,N/A,DARK LIGHTS ON,NO CONTROLS,NONE DETECTED,ILLEGAL DRUG PRESENT,73047F75-5907-4BF0-9951-374611F33CF0,BICYCLIST,Cross/Enter at Intersection,NO IMPROPER ACTIONS,AT INTERSECTION BUT NO CROSSWALK,N/A,MIXED CLOTHING,No,POSSIBLE INJURY,NONE,39.16217474,-77.28160657,"(39.16217474, -77.28160657)"
MCP2298009X,16046223,Montgomery County Police,Injury Crash,09/09/2016 02:54:00 PM,County,GUNNERS BRANCH RD,County,ARCHDALE RD,,N/A,PEDESTRIAN,OTHER,CLEAR,DRY,DAYLIGHT,NO CONTROLS,NONE DETECTED,NONE DETECTED,A21FE666-CB04-4A45-9097-BF475781289E,PEDESTRIAN,Cross/Enter at Intersection,NO IMPROPER ACTIONS,ON ROADWAY AT CROSSWALK,NO PED. SIGNAL,MIXED CLOTHING,No,POSSIBLE INJURY,NONE,39.17523704,-77.24095501,"(39.17523704, -77.24095501)"
MCP3099000K,180019584,Montgomery County Police,Injury Crash,04/21/2018 07:00:00 PM,,,,,"PARKING LOT IN FRONT OF 13002 COUNTRY RIDGE DRIVE, GERMANTOWN",,PEDESTRIAN,OTHER,CLEAR,,DAYLIGHT,NO CONTROLS,NONE DETECTED,NONE DETECTED,B4E785D5-BF6E-4BB7-A766-5CC6B67FBC85,PEDESTRIAN,Playing,IN ROADWAY IMPROPERLY,ON ROADWAY NOT AT CROSSWALK,NO PED. SIGNAL,UNKNOWN,Yes,POSSIBLE INJURY,NONE,39.18398618,-77.26866961,"(39.18398618, -77.26866961)"
MCP2251001F,16007635,Montgomery County Police,Injury Crash,02/15/2016 05:38:00 AM,Maryland (State),VEIRS MILL RD,County,PARKLAND DR,,N/A,PEDESTRIAN,OTHER,SNOW,SNOW,DARK -- UNKNOWN LIGHTING,NO CONTROLS,UNKNOWN,NONE DETECTED,06C6A35D-1BFE-4D7E-A7D3-BF2773EB9A38,PEDESTRIAN,Standing,NO IMPROPER ACTIONS,SIDEWALK,N/A,N/A,No,SUSPECTED MINOR INJURY,N/A,39.057305,-77.08481833,"(39.057305, -77.08481833)"
EJ78540019,170504652,Gaithersburg Police Depar,Property Damage Crash,04/28/2017 05:47:00 AM,Maryland (State),W DIAMOND AVE,Ramp,RAMP 6 FR MD 117 EB TO IS 270 SB,,N/A,BICYCLIST,SINGLE VEHICLE,N/A,DRY,N/A,NO CONTROLS,NONE DETECTED,NONE DETECTED,F90EC444-B74C-4061-9FF1-650AE692748D,BICYCLIST,Cross/Enter at Intersection,NO IMPROPER ACTIONS,ON ROADWAY AT CROSSWALK,N/A,REFLECTIVE MATERIAL,No,NO APPARENT INJURY,MC/BIKE HELMET,39.14066,-77.21434333,"(39.14066, -77.21434333)"
MCP26390030,180005064,Montgomery County Police,Injury Crash,01/30/2018 06:46:00 AM,Maryland (State),ROCKVILLE PIKE,County,MARINELLI RD,,N/A,PEDESTRIAN,STRAIGHT MOVEMENT ANGLE,RAINING,WET,DARK LIGHTS ON,TRAFFIC SIGNAL,NONE DETECTED,NONE DETECTED,47F94309-C4C2-48F7-93E8-4114A9276AFE,PEDESTRIAN,Cross/Enter not at Intersection,DART DASH,ON ROADWAY NOT AT CROSSWALK,DISOBEYED PED. SIGNAL,DARK CLOTHING,Yes,SUSPECTED MINOR INJURY,NONE,39.04686,-77.1127,"(39.04686, -77.1127)"
MCP28300032,170513777,Montgomery County Police,Injury Crash,06/15/2017 07:01:00 AM,Maryland (State),NEW HAMPSHIRE AVE,County,SPOTSWOOD DR,,N/A,BICYCLIST,STRAIGHT MOVEMENT ANGLE,N/A,DRY,DAYLIGHT,STOP SIGN,NONE DETECTED,NONE DETECTED,59072437-095F-4F8D-9F09-3F206A4FAAA6,BICYCLIST,Cross/Enter at Intersection,FAILURE TO YIELD RIGHT OF WAY,SHOULDER,N/A,LIGHT CLOTHING,Yes,SUSPECTED MINOR INJURY,LIGHTING,39.11898,-76.98926167,"(39.11898, -76.98926167)"
MCP23530066,180057453,Montgomery County Police,Injury Crash,11/16/2018 08:53:00 AM,County,MAYFIELD DR,County,LONE OAK DR,,N/A,PEDESTRIAN,SINGLE VEHICLE,CLOUDY,WET,DAYLIGHT,NO CONTROLS,UNKNOWN,NONE DETECTED,C5A1B403-4593-4DDB-9C4B-70FFC0959BB5,PEDESTRIAN,Cross/Enter at Intersection,NO IMPROPER ACTIONS,AT INTERSECTION MARKED CROSSWALK,NO PED. SIGNAL,LIGHT CLOTHING,No,SUSPECTED MINOR INJURY,NONE,39.02067018,-77.13102063,"(39.02067018, -77.13102063)"
MCP2363000J,15045070,Montgomery County Police,Fatal Crash,09/07/2015 05:54:00 AM,Maryland (State),FREDERICK RD,Municipality,S WESTLAND DR,,GAITHERSBURG,PEDESTRIAN,SINGLE VEHICLE,CLEAR,DRY,DARK LIGHTS ON,TRAFFIC SIGNAL,N/A,NONE DETECTED,D911FD4C-C1B7-447F-ADD2-0E591A0E51BB,PEDESTRIAN,Cross/Enter at Intersection,UNKNOWN,ON ROADWAY AT CROSSWALK,DISOBEYED PED. SIGNAL,MIXED CLOTHING,Yes,FATAL INJURY,NONE,39.12599041,-77.18295693,"(39.12599041, -77.18295693)"
MCP2939003C,190008759,Montgomery County Police,Injury Crash,02/23/2019 11:08:00 PM,County,LITTLE SENECA PKWY,Unknown,CROSSOVER,,N/A,PEDESTRIAN,OTHER,CLEAR,WET,DARK LIGHTS ON,N/A,N/A,ALCOHOL PRESENT,0415163C-FD4E-47FF-B828-79B3451BD6FE,PEDESTRIAN,N/A,UNKNOWN,ON ROADWAY AT CROSSWALK,UNKNOWN,DARK CLOTHING,Unknown,POSSIBLE INJURY,NONE,39.230205,-77.252355,"(39.230205, -77.252355)"
MCP2861001K,15063868,MONTGOMERY,Injury Crash,12/14/2015 03:30:00 PM,County,BULLS RUN PKWY,County,ADELAIDE DR,,N/A,"BICYCLIST, OTHER",STRAIGHT MOVEMENT ANGLE,CLEAR,DRY,DAYLIGHT,NO CONTROLS,NONE DETECTED,NONE DETECTED,4328BEC6-CF99-43B2-9470-0B2E77B6BEBC,OTHER,Other,OTHER,OTHER,OTHER,OTHER,No,NO APPARENT INJURY,OTHER,39.00966378,-77.12620139,"(39.00966378, -77.12620139)"
MCP94220013,180007337,Montgomery County Police,Injury Crash,02/12/2018 12:15:00 PM,County,WAYNE AVE,County,RAMSEY AVE,,N/A,PEDESTRIAN,SINGLE VEHICLE,CLEAR,DRY,DAYLIGHT,TRAFFIC SIGNAL,NONE DETECTED,NONE DETECTED,350EFEB6-18A7-44FE-9DE6-616440837702,PEDESTRIAN,Cross/Enter at Intersection,NO IMPROPER ACTIONS,AT INTERSECTION MARKED CROSSWALK,OBEYED PED. SIGNAL,MIXED CLOTHING,No,SUSPECTED MINOR INJURY,NONE,38.99421333,-77.02914833,"(38.99421333, -77.02914833)"
MCP3122000C,180012110,Montgomery County Police,Injury Crash,03/10/2018 11:50:00 AM,,,,,13884 GEORGIA AVE (ROY ROGERS PARKING LOT ENTRANCE),,PEDESTRIAN,OTHER,CLEAR,,DAYLIGHT,STOP SIGN,NONE DETECTED,NONE DETECTED,19CB16A9-192D-47A7-B825-90E9AA10F7C9,PEDESTRIAN,Cross/Enter not at Intersection,NO IMPROPER ACTIONS,DRIVEWAY ACCESS MARKED CROSSWALK,NO PED. SIGNAL,DARK CLOTHING,No,SUSPECTED MINOR INJURY,NONE,39.08201133,-77.0771855,"(39.08201133, -77.0771855)"
MCP13010008,15014790,Montgomery County Police,Injury Crash,03/31/2015 03:55:00 PM,Maryland (State),GERMANTOWN RD,County,WISTERIA DR,,N/A,PEDESTRIAN,SINGLE VEHICLE,CLEAR,DRY,DAYLIGHT,TRAFFIC SIGNAL,NONE DETECTED,UNKNOWN,09C7949C-8800-4518-B85E-2FB63DB656C0,PEDESTRIAN,Unknown,DART DASH,ON ROADWAY NOT AT CROSSWALK,DISOBEYED PED. SIGNAL,MIXED CLOTHING,,SUSPECTED SERIOUS INJURY,N/A,39.17727,-77.269535,"(39.17727, -77.269535)"
DD5583001K,16035940,Rockville Police Departme,Injury Crash,07/15/2016 07:13:00 PM,Municipality,TEMPLETON PL,Unknown,CUL DE SAC,,N/A,PEDESTRIAN,SINGLE VEHICLE,CLEAR,DRY,DAYLIGHT,N/A,NONE DETECTED,NONE DETECTED,6486D483-3508-4664-B27D-ABE4457270A8,PEDESTRIAN,Standing,NO IMPROPER ACTIONS,SIDEWALK,OTHER,LIGHT CLOTHING,No,POSSIBLE INJURY,NONE,39.06651619,-77.12910488,"(39.06651619, -77.12910488)"
MCP9422001K,180041354,Montgomery County Police,Injury Crash,08/20/2018 10:15:00 AM,County,ELLSWORTH DR,County,FENTON ST,,N/A,PEDESTRIAN,SINGLE VEHICLE,CLOUDY,DRY,DAYLIGHT,TRAFFIC SIGNAL,NONE DETECTED,NONE DETECTED,7E55D17C-71E7-4520-BA6A-9BD31CEB1EAD,PEDESTRIAN,Other,IN ROADWAY IMPROPERLY,CURB,NO PED. SIGNAL,LIGHT CLOTHING,Yes,POSSIBLE INJURY,N/A,38.99702167,-77.0253,"(38.99702167, -77.0253)"
MCP2940002X,180034009,Montgomery County Police,Injury Crash,07/10/2018 09:35:00 AM,,,,,DRIVEWAY OF 11530 ROCKVILLE PIKE,,BICYCLIST,STRAIGHT MOVEMENT ANGLE,CLEAR,,DAYLIGHT,NO CONTROLS,NONE DETECTED,NONE DETECTED,40FC3627-AB52-4D6E-BD7D-96C7F3117E55,BICYCLIST,Cross/Enter not at Intersection,FAILURE TO YIELD RIGHT OF WAY,OTHER,N/A,MIXED CLOTHING,Yes,SUSPECTED MINOR INJURY,MC/BIKE HELMET,39.04622861,-77.11257711,"(39.04622861, -77.11257711)"
MCP14910004,15046900,MONTGOMERY,Injury Crash,09/16/2015 01:43:00 PM,,,,,"ENTRANCE TO 15301 FREDERICK RD. IN DRIVEWAY 
CHEVROLET DEALERSHIP",,BICYCLIST,STRAIGHT MOVEMENT ANGLE,CLEAR,,DAYLIGHT,NO CONTROLS,NONE DETECTED,N/A,E9C3A207-E5B4-4A6B-8E32-F0649F65A561,BICYCLIST,Walking/Cycling on Sidewalk,OTHER,SIDEWALK,NO PED. SIGNAL,MIXED CLOTHING,No,SUSPECTED MINOR INJURY,NONE,39.10721,-77.158035,"(39.10721, -77.158035)"