Report Number,Local Case Number,Agency Name,ACRS Report Type,Crash Date/Time,Route Type,Road Name,Cross-Street Type,Cross-Street Name,Off-Road Description,Municipality,Related Non-Motorist,Collision Type,Weather,Surface Condition,Light,Traffic Control,Driver Substance Abuse,Non-Motorist Substance Abuse,Person ID,Pedestrian Type,Pedestrian Movement,Pedestrian Actions,Pedestrian Location,Pedestrian Obeyed Traffic Signal,Pedestrian Visibility,At Fault,Injury Severity,Safety Equipment,Latitude,Longitude,Location
MCP2818003M,180024177,Montgomery County Police,Injury Crash,05/17/2018 08:52:00 AM,US (State),GEORGIA AVE,County,BONIFANT ST,,N/A,PEDESTRIAN,OTHER,RAINING,WET,DAYLIGHT,TRAFFIC SIGNAL,NONE DETECTED,NONE DETECTED,F3741C78-8828-420E-A090-6D396490B794,PEDESTRIAN,Other,FAILURE TO YIELD RIGHT OF WAY,ON ROADWAY NOT AT CROSSWALK,DISOBEYED PED. SIGNAL,DARK CLOTHING,Yes,POSSIBLE INJURY,N/A,38.991615,-77.02630167,"(38.991615, -77.02630167)"
MCP15500020,16021671,Montgomery County Police,Injury Crash,05/02/2016 07:35:00 AM,Maryland (State),UNIVERSITY BLVD W,County,ST PAUL ST,,N/A,PEDESTRIAN,OTHER,CLOUDY,WET,DAYLIGHT,NO CONTROLS,N/A,UNKNOWN,4C1E2CC4-7AB1-4967-B161-D3084BBE5EF0,PEDESTRIAN,Cross/Enter not at Intersection,IN ROADWAY IMPROPERLY,ON ROADWAY NOT AT CROSSWALK,NO PED. SIGNAL,UNKNOWN,Yes,POSSIBLE INJURY,N/A,38.98367333,-77.09318,"(38.98367333, -77.09318)"
MCP2848005V,170549876,Montgomery County Police,Injury Crash,12/21/2017 09:52:00 AM,Maryland (State),EAST WEST HWY,County,SUNDALE DR,,N/A,PEDESTRIAN,OTHER,N/A,DRY,DAYLIGHT,NO CONTROLS,UNKNOWN,NONE DETECTED,0F4151EB-E9CA-47FD-826B-BBFF8179E67C,PEDESTRIAN,Cross/Enter at Intersection,NO IMPROPER ACTIONS,ON ROADWAY AT CROSSWALK,OBEYED PED. SIGNAL,DARK CLOTHING,No,SUSPECTED SERIOUS INJURY,NONE,38.99553995,-77.04221606,"(38.99553995, -77.04221606)"
MCP2617006R,190002321,Montgomery County Police,Injury Crash,01/15/2019 04:10:00 PM,County,RANDOLPH RD,County,GARDEN GATE RD,,N/A,PEDESTRIAN,OTHER,CLEAR,DRY,DAYLIGHT,TRAFFIC SIGNAL,NONE DETECTED,NONE DETECTED,43CF3A0E-40C0-4108-A609-45489F750AF8,PEDESTRIAN,Cross/Enter at Intersection,NO IMPROPER ACTIONS,AT INTERSECTION MARKED CROSSWALK,OBEYED PED. SIGNAL,DARK CLOTHING,No,NO APPARENT INJURY,NONE,39.06402,-77.03982167,"(39.06402, -77.03982167)"
MCP2339000Y,15020839,Montgomery County Police,Property Damage Crash,05/03/2015 03:08:00 AM,County,ASPEN HILL RD,County,EADES ST,,N/A,OTHER,SAME DIR REAR END,CLEAR,DRY,DARK -- UNKNOWN LIGHTING,NO CONTROLS,ILLEGAL DRUG PRESENT,N/A,DCA2F068-A328-40CC-A347-DCF3ECF1D503,OTHER,N/A,N/A,N/A,N/A,N/A,,NO APPARENT INJURY,N/A,39.07341,-77.095435,"(39.07341, -77.095435)"
MCP2667000T,15018182,Montgomery County Police,Injury Crash,04/18/2015 02:27:00 PM,County,MONTGOMERY VILLAGE AVE,County,LAKE SHORE DR,,N/A,PEDESTRIAN,SINGLE VEHICLE,CLEAR,DRY,DAYLIGHT,N/A,NONE DETECTED,NONE DETECTED,BACA1CEC-225B-4A02-8EAF-1D07FAFA17FA,PEDESTRIAN,Playing,NO IMPROPER ACTIONS,OTHER,N/A,MIXED CLOTHING,,SUSPECTED MINOR INJURY,N/A,39.16261667,-77.202165,"(39.16261667, -77.202165)"
EJ7826003M,180051046,Gaithersburg Police Depar,Injury Crash,10/12/2018 10:00:00 AM,Municipality,TWIN LAKES DR,Maryland (State),QUINCE ORCHARD RD,,N/A,PEDESTRIAN,OTHER,CLOUDY,DRY,DAYLIGHT,TRAFFIC SIGNAL,N/A,N/A,F0E0C0A0-E094-4A12-9654-EE5AE6F3CE29,PEDESTRIAN,Cross/Enter at Intersection,NO IMPROPER ACTIONS,ON ROADWAY AT CROSSWALK,OBEYED PED. SIGNAL,MIXED CLOTHING,No,SUSPECTED SERIOUS INJURY,NONE,39.12894833,-77.23054167,"(39.12894833, -77.23054167)"
DD5603004L,170532638,Rockville Police Departme,Injury Crash,09/23/2017 10:45:00 AM,Municipality,WOOTTON PKWY,Maryland (State),FALLS RD,,N/A,PEDESTRIAN,OTHER,CLEAR,DRY,DAYLIGHT,TRAFFIC SIGNAL,NONE DETECTED,NONE DETECTED,DCA187D2-6CD0-4C67-96B1-1BC56FF2984A,PEDESTRIAN,Cross/Enter at Intersection,NO IMPROPER ACTIONS,ON ROADWAY AT CROSSWALK,OBEYED PED. SIGNAL,MIXED CLOTHING,No,SUSPECTED MINOR INJURY,REFLECTIVE CLOTHING,39.06992673,-77.169967,"(39.06992673, -77.169967)"
MCP10220085,170539119,Montgomery County Police,Injury Crash,10/27/2017 08:52:00 AM,Other Public Roadway,APPLEDOWRE WAY,Unknown,FRUITWOOD WAY,,N/A,PEDESTRIAN,SINGLE VEHICLE,CLEAR,DRY,DAYLIGHT,NO CONTROLS,NONE DETECTED,NONE DETECTED,99275B1A-B9C2-41FB-A193-A7572BC5B2AB,PEDESTRIAN,Other,IN ROADWAY IMPROPERLY,ON ROADWAY NOT AT CROSSWALK,NO PED. SIGNAL,DARK CLOTHING,Yes,SUSPECTED MINOR INJURY,N/A,39.1851,-77.23542333,"(39.1851, -77.23542333)"
MCP11480018,16020683,Montgomery County Police,Injury Crash,04/27/2016 08:30:00 AM,County,WOODMONT AVE,County,HAMPDEN LA,,N/A,PEDESTRIAN,SINGLE VEHICLE,RAINING,WET,DAYLIGHT,TRAFFIC SIGNAL,UNKNOWN,NONE DETECTED,98882C8F-A94B-40FC-A2E0-76CD6E692D43,PEDESTRIAN,Other Working,N/A,ON ROADWAY NOT AT CROSSWALK,N/A,MIXED CLOTHING,No,SUSPECTED MINOR INJURY,NONE,38.982795,-77.09604667,"(38.982795, -77.09604667)"
MCP2358002P,17005428,Montgomery County Police,Injury Crash,01/31/2017 03:07:00 PM,County,SEVEN LOCKS RD,Other Public Roadway,SCOTLAND DR,,N/A,PEDESTRIAN,OTHER,CLEAR,DRY,DAYLIGHT,N/A,NONE DETECTED,NONE DETECTED,93E74115-6CF6-463D-ADD7-80F742037504,PEDESTRIAN,Cross/Enter at Intersection,NO IMPROPER ACTIONS,ON ROADWAY AT CROSSWALK,OBEYED PED. SIGNAL,MIXED CLOTHING,No,SUSPECTED MINOR INJURY,N/A,39.03110833,-77.16127,"(39.03110833, -77.16127)"
MCP3031002D,180021142,Montgomery County Police,Property Damage Crash,04/30/2018 12:00:00 AM,County,TIVOLI LAKE BLVD,Unknown,TIVOLI LAKE CT,,N/A,OTHER,HEAD ON LEFT TURN,CLEAR,DRY,UNKNOWN,NO CONTROLS,UNKNOWN,N/A,68C64E06-4E80-4DCB-806F-B234C0E61B82,OTHER,N/A,NO IMPROPER ACTIONS,OTHER,N/A,N/A,No,NO APPARENT INJURY,N/A,39.06948833,-77.03499167,"(39.06948833, -77.03499167)"
MCP2830001X,16008844,Montgomery County Police,Injury Crash,02/22/2016 11:18:00 AM,,,,,18101 PRINCE PHILLIP DR OLNEY MD 20832                  ( MONTGOMERY GENERAL HOSPITAL PARKING LOT),,PEDESTRIAN,OTHER,CLEAR,,DAYLIGHT,NO CONTROLS,NONE DETECTED,NONE DETECTED,761E1C01-377B-441E-BA7C-AA5BA141A795,PEDESTRIAN,Other,OTHER,OTHER,N/A,OTHER,No,POSSIBLE INJURY,NONE,39.14722833,-77.05212,"(39.14722833, -77.05212)"
MCP1148000V,15032830,MONTGOMERY,Injury Crash,07/05/2015 11:55:00 AM,County,WOODMONT AVE,County,BETHESDA AVE,,N/A,BICYCLIST,SINGLE VEHICLE,CLEAR,DRY,DAYLIGHT,NO CONTROLS,NONE DETECTED,NONE DETECTED,76D1977C-89D5-4A06-BFEE-306702360697,BICYCLIST,Walking/Riding w/Traffic,NO IMPROPER ACTIONS,IN BIKEWAY,N/A,MIXED CLOTHING,No,SUSPECTED MINOR INJURY,MC/BIKE HELMET,38.98154,-77.09578667,"(38.98154, -77.09578667)"
EJ78530026,17010779,Gaithersburg Police Depar,Injury Crash,02/28/2017 07:19:00 PM,Maryland (State),W DIAMOND AVE,Municipality,PERRY PKWY,,GAITHERSBURG,PEDESTRIAN,STRAIGHT MOVEMENT ANGLE,RAINING,WET,DARK LIGHTS ON,TRAFFIC SIGNAL,NONE DETECTED,NONE DETECTED,BDFA4C49-E52D-468A-A492-6C3E0C72C4A0,PEDESTRIAN,Cross/Enter at Intersection,FAILURE TO OBEY TRAFFIC SIGNS SIGNALS OR OFFICER,ON ROADWAY AT CROSSWALK,DISOBEYED PED. SIGNAL,OTHER,Yes,SUSPECTED MINOR INJURY,NONE,39.14040854,-77.20941827,"(39.14040854, -77.20941827)"
MCP3127000T,180025354,Montgomery County Police,Injury Crash,05/23/2018 05:55:00 PM,Maryland (State),WILSON LA,County,STRATFORD RD,,N/A,PEDESTRIAN,OTHER,CLEAR,DRY,DAYLIGHT,NO CONTROLS,NONE DETECTED,NONE DETECTED,7AD2ECC4-7349-4185-956F-08E1363A53E5,PEDESTRIAN,Cross/Enter at Intersection,INATTENTIVE,ON ROADWAY AT CROSSWALK,NO PED. SIGNAL,LIGHT CLOTHING,Yes,SUSPECTED MINOR INJURY,NONE,38.98715102,-77.10850954,"(38.98715102, -77.10850954)"
MCP27260033,180065335,Montgomery County Police,Injury Crash,12/31/2018 12:58:00 PM,,,,,"PARKING LOT OF 15807 FREDERICK RD, ROCKVILLE, MD 20855",,PEDESTRIAN,OTHER,RAINING,,DAYLIGHT,NO CONTROLS,N/A,N/A,9F0E99EA-A86B-42DA-A821-EAFB7CF511A8,PEDESTRIAN,Walking/Cycling on Sidewalk,NO IMPROPER ACTIONS,SIDEWALK,NO PED. SIGNAL,DARK CLOTHING,No,SUSPECTED MINOR INJURY,N/A,39.1163393,-77.2049379,"(39.1163393, -77.2049379)"
MCP1378006W,15033452,MONTGOMERY,Injury Crash,07/08/2015 05:26:00 PM,Maryland (State),MONTGOMERY VILLAGE AVE,Maryland (State),FREDERICK RD,,N/A,BICYCLIST,STRAIGHT MOVEMENT ANGLE,CLEAR,DRY,DAYLIGHT,TRAFFIC SIGNAL,UNKNOWN,NONE DETECTED,EE80C96A-F432-48CC-9EF1-D4B82A18E8A7,BICYCLIST,Cross/Enter at Intersection,NO IMPROPER ACTIONS,ON ROADWAY AT CROSSWALK,UNKNOWN,DARK CLOTHING,No,SUSPECTED MINOR INJURY,MC/BIKE HELMET,39.15345833,-77.21257,"(39.15345833, -77.21257)"
MCP2921000M,15038325,MONTGOMERY,Injury Crash,08/02/2015 04:07:00 PM,Maryland (State),RIDGE RD,Maryland (State),FREDERICK RD,,N/A,PEDESTRIAN,SINGLE VEHICLE,CLEAR,N/A,DAYLIGHT,TRAFFIC SIGNAL,NONE DETECTED,NONE DETECTED,02375B9F-A402-4D63-9C6C-3882EC540EC6,PEDESTRIAN,Walking/Riding against Traffic,FAILURE TO YIELD RIGHT OF WAY,ON ROADWAY NOT AT CROSSWALK,DISOBEYED PED. SIGNAL,MIXED CLOTHING,Yes,SUSPECTED SERIOUS INJURY,N/A,39.20468667,-77.24554667,"(39.20468667, -77.24554667)"
MCP26660028,180022518,Montgomery County Police,Injury Crash,05/06/2018 06:45:00 PM,,,,,PARKING LOT OF 13838 OUTLET DRIVE,,PEDESTRIAN,SINGLE VEHICLE,CLEAR,,DAYLIGHT,NO CONTROLS,UNKNOWN,UNKNOWN,F2A26B6B-0130-4BE6-9CF0-20EA23515B26,PEDESTRIAN,Other,NO IMPROPER ACTIONS,OTHER,NO PED. SIGNAL,MIXED CLOTHING,No,SUSPECTED MINOR INJURY,NONE,39.08344702,-76.94571018,"(39.08344702, -76.94571018)"
MCP2968000T,15041885,MONTGOMERY,Property Damage Crash,08/21/2015 02:01:00 PM,Maryland (State),DARNESTOWN RD,County,BLACKBERRY DR,,N/A,BICYCLIST,SINGLE VEHICLE,CLEAR,DRY,DAYLIGHT,TRAFFIC SIGNAL,N/A,N/A,1402DDE6-933D-4433-BC4A-FDBB38771EE9,BICYCLIST,Walking/Riding w/Traffic,N/A,SHOULDER,OBEYED PED. SIGNAL,LIGHT CLOTHING,No,NO APPARENT INJURY,MC/BIKE HELMET,39.11539443,-77.24898219,"(39.11539443, -77.24898219)"
MCP2203000M,15005131,Montgomery County Police,Injury Crash,02/01/2015 06:55:00 AM,Maryland (State),GEORGIA AVE,County,PRICHARD RD,,N/A,PEDESTRIAN,STRAIGHT MOVEMENT ANGLE,N/A,DRY,DARK LIGHTS ON,OTHER,NONE DETECTED,NONE DETECTED,DE59E9AD-736C-4A0C-9C77-6A5D4507DDF3,PEDESTRIAN,Cross/Enter at Intersection,FAILURE TO OBEY TRAFFIC SIGNS SIGNALS OR OFFICER,AT INTERSECTION MARKED CROSSWALK,DISOBEYED PED. SIGNAL,MIXED CLOTHING,,SUSPECTED SERIOUS INJURY,NONE,39.03660833,-77.05022833,"(39.03660833, -77.05022833)"
EJ78260039,180019484,Gaithersburg Police Depar,Injury Crash,04/21/2018 09:38:00 AM,County,SAM EIG HWY,Maryland (State),GREAT SENECA HWY,,N/A,OTHER,SAME DIR REAR END,CLEAR,DRY,DAYLIGHT,N/A,N/A,N/A,56398B86-40CD-4A83-9A6C-0475D8A1B41B,OTHER,Other Working,NO IMPROPER ACTIONS,ON ROADWAY NOT AT CROSSWALK,N/A,REFLECTIVE MATERIAL,No,POSSIBLE INJURY,REFLECTIVE CLOTHING,39.10968,-77.211745,"(39.10968, -77.211745)"
DD5624000G,180011754,Rockville Police Departme,Injury Crash,03/08/2018 01:25:00 PM,Municipality,KING FARM BLVD,Municipality,PICCARD DR,,ROCKVILLE,PEDESTRIAN,OTHER,CLEAR,DRY,DAYLIGHT,STOP SIGN,ALCOHOL PRESENT,NONE DETECTED,66E4D4DF-9C97-48C5-9E53-DC30CEC8DFBD,PEDESTRIAN,Cross/Enter at Intersection,NO IMPROPER ACTIONS,AT INTERSECTION MARKED CROSSWALK,N/A,MIXED CLOTHING,No,SUSPECTED MINOR INJURY,N/A,39.11058284,-77.18243122,"(39.11058284, -77.18243122)"
MCP9110000C,15035789,MONTGOMERY,Injury Crash,07/20/2015 08:40:00 PM,Maryland (State),FREDERICK RD,County,RIDGE RD,,N/A,PEDESTRIAN,STRAIGHT MOVEMENT ANGLE,CLEAR,DRY,DARK LIGHTS ON,NO CONTROLS,NONE DETECTED,NONE DETECTED,7A8B002D-6189-43F2-B7AC-807C977A9B36,PEDESTRIAN,Cross/Enter not at Intersection,DART DASH,ON ROADWAY NOT AT CROSSWALK,DISOBEYED PED. SIGNAL,MIXED CLOTHING,Yes,SUSPECTED SERIOUS INJURY,NONE,39.2035264,-77.24562407,"(39.2035264, -77.24562407)"
MCP0961000S,16021560,Montgomery County Police,Injury Crash,05/02/2016 08:04:00 AM,Maryland (State),CLOPPER RD,Municipality,LONGDRAFT RD,,GAITHERSBURG,PEDESTRIAN,SINGLE VEHICLE,RAINING,WET,DAYLIGHT,NO CONTROLS,NONE DETECTED,NONE DETECTED,9F494E2E-C211-42DA-961F-B5B21CEB5D49,PEDESTRIAN,Standing,NO IMPROPER ACTIONS,SIDEWALK,N/A,OTHER,No,SUSPECTED MINOR INJURY,NONE,39.14811333,-77.23741,"(39.14811333, -77.23741)"
MCP2769000N,15003271,Montgomery County Police,Injury Crash,01/20/2015 09:13:00 PM,,,,,PARKING LOT @ 237 KENTLANDS BLVD,,PEDESTRIAN,OTHER,CLEAR,,DARK LIGHTS ON,N/A,N/A,N/A,C28CC53B-7A2B-424F-810F-2D07C0BC45C8,PEDESTRIAN,Cross/Enter at Intersection,NO IMPROPER ACTIONS,OUTSIDE RIGHT OF WAY,NO PED. SIGNAL,LIGHT CLOTHING,,POSSIBLE INJURY,N/A,39.12499,-77.239035,"(39.12499, -77.239035)"
MCP1417003D,15029880,Montgomery County Police,Injury Crash,06/19/2015 07:37:00 AM,County,MIDCOUNTY HWY,Unknown,ENT TO SHADY GROVE MIDDLE SCHOOL,,N/A,BICYCLIST,SAME DIRECTION RIGHT TURN,CLEAR,DRY,DAYLIGHT,NO CONTROLS,NONE DETECTED,NONE DETECTED,E8AA977B-AFBA-4021-BACF-F9A8A8939BE8,BICYCLIST,Walking/Riding w/Traffic,NO IMPROPER ACTIONS,IN BIKEWAY,N/A,MIXED CLOTHING,,SUSPECTED MINOR INJURY,MC/BIKE HELMET,39.14394084,-77.16219664,"(39.14394084, -77.16219664)"
MCP1182001C,16039810,Montgomery County Police,Injury Crash,08/06/2016 09:37:00 AM,County,BEECH AVE,Maryland (State),OLD GEORGETOWN RD,,N/A,PEDESTRIAN,OTHER,CLEAR,DRY,DAYLIGHT,TRAFFIC SIGNAL,NONE DETECTED,NONE DETECTED,25457A34-F52F-4989-A32C-74475A44C9BE,PEDESTRIAN,Cross/Enter not at Intersection,NO IMPROPER ACTIONS,AT INTERSECTION BUT NO CROSSWALK,OBEYED PED. SIGNAL,MIXED CLOTHING,No,SUSPECTED MINOR INJURY,NONE,39.00998833,-77.11470833,"(39.00998833, -77.11470833)"
MCP2191000V,16011909,MONTGOMERY,Injury Crash,03/10/2016 02:22:00 PM,,,,,ON THE SIDEWALK OF 11620 ROCKVILLE PIKE,,BICYCLIST,STRAIGHT MOVEMENT ANGLE,CLEAR,,DAYLIGHT,NO CONTROLS,NONE DETECTED,NONE DETECTED,DFDAF24C-DDD9-4A24-AA1D-E290A10EA3DF,BICYCLIST,Walking/Cycling on Sidewalk,NO IMPROPER ACTIONS,SIDEWALK,N/A,DARK CLOTHING,No,SUSPECTED SERIOUS INJURY,NONE,39.04840167,-77.11371333,"(39.04840167, -77.11371333)"
MCP2728001P,15051286,MONTGOMERY,Injury Crash,10/09/2015 05:47:00 PM,,,,,parking lot of 10101 New Hampshire Ave,,PEDESTRIAN,SINGLE VEHICLE,CLEAR,,DAYLIGHT,N/A,NONE DETECTED,NONE DETECTED,A4C526EC-962A-4793-8C82-55C59054BC92,PEDESTRIAN,Cross/Enter not at Intersection,DART DASH,AT INTERSECTION BUT NO CROSSWALK,N/A,DARK CLOTHING,Yes,SUSPECTED MINOR INJURY,NONE,39.022415,-76.97700833,"(39.022415, -76.97700833)"
MCP2783002K,180043676,Montgomery County Police,Injury Crash,09/03/2018 05:17:00 PM,,,,,PARKING LOT OF 12021 GEORGIA AVENUE,,PEDESTRIAN,N/A,CLEAR,,DAYLIGHT,NO CONTROLS,NONE DETECTED,NONE DETECTED,DBCD206B-6CB1-4D21-8373-84C71354E72A,PEDESTRIAN,Other,UNKNOWN,OTHER,NO PED. SIGNAL,LIGHT CLOTHING,Unknown,SUSPECTED MINOR INJURY,NONE,39.05270309,-77.05014866,"(39.05270309, -77.05014866)"
MCP2358003P,170521943,Montgomery County Police,Injury Crash,07/30/2017 09:40:00 AM,County,FALLS RD,County,BRICKYARD RD,,N/A,BICYCLIST,STRAIGHT MOVEMENT ANGLE,CLEAR,DRY,DAYLIGHT,NO CONTROLS,NONE DETECTED,NONE DETECTED,D88B9BF0-1AB4-4C1F-B6AD-42BD16E4322F,BICYCLIST,Walking/Riding w/Traffic,FAILURE TO YIELD RIGHT OF WAY,SHOULDER,N/A,LIGHT CLOTHING,Yes,SUSPECTED SERIOUS INJURY,MC/BIKE HELMET,39.002425,-77.226114,"(39.002425, -77.226114)"
MCP2766001H,15029383,Montgomery County Police,Injury Crash,06/16/2015 08:00:00 PM,Maryland (State),VEIRS MILL RD,County,TURKEY BRANCH PKWY,,N/A,BICYCLIST,STRAIGHT MOVEMENT ANGLE,CLEAR,DRY,DAYLIGHT,WARNING SIGN,NONE DETECTED,NONE DETECTED,C872722A-C876-4AD2-BD2A-DE51325A6F1B,BICYCLIST,Cross/Enter at Intersection,NO IMPROPER ACTIONS,ON ROADWAY AT CROSSWALK,OBEYED PED. SIGNAL,LIGHT CLOTHING,,SUSPECTED MINOR INJURY,MC/BIKE HELMET,39.06028667,-77.08915833,"(39.06028667, -77.08915833)"
MCP9130003X,170532174,Montgomery County Police,Injury Crash,09/22/2017 02:37:00 PM,Maryland (State),PINEY BRANCH RD,Government,SLIGO CREEK PKWY,,N/A,BICYCLIST,SINGLE VEHICLE,CLOUDY,DRY,DAYLIGHT,NO CONTROLS,NONE DETECTED,NONE DETECTED,68F1422D-6A6D-44F5-BDE2-77EE25A2F9A0,BICYCLIST,Cross/Enter at Intersection,NO IMPROPER ACTIONS,ON ROADWAY AT CROSSWALK,NO PED. SIGNAL,MIXED CLOTHING,No,POSSIBLE INJURY,MC/BIKE HELMET,38.99545667,-77.00654167,"(38.99545667, -77.00654167)"
MCP2971000L,15036565,MONTGOMERY,Injury Crash,07/24/2015 04:12:00 PM,US (State),GEORGIA AVE,County,THAYER AVE,,N/A,PEDESTRIAN,SINGLE VEHICLE,CLEAR,DRY,DAYLIGHT,TRAFFIC SIGNAL,NONE DETECTED,NONE DETECTED,0D47DC3B-BC44-4DF1-80EB-2DB7BA049F33,PEDESTRIAN,Cross/Enter at Intersection,NO IMPROPER ACTIONS,ON ROADWAY AT CROSSWALK,OBEYED PED. SIGNAL,MIXED CLOTHING,No,POSSIBLE INJURY,NONE,38.992955,-77.02671289,"(38.992955, -77.02671289)"
MCP2960003V,190003905,Montgomery County Police,Injury Crash,01/25/2019 08:00:00 AM,County,BEL PRE RD,County,NORTH GATE DR,,N/A,PEDESTRIAN,SINGLE VEHICLE,N/A,DRY,DAYLIGHT,FLASHING TRAFFIC SIGNAL,N/A,N/A,26D0A4F5-72D5-498A-8C8B-D6D525863768,PEDESTRIAN,Cross/Enter not at Intersection,NO IMPROPER ACTIONS,AT INTERSECTION MARKED CROSSWALK,NO PED. SIGNAL,MIXED CLOTHING,No,SUSPECTED MINOR INJURY,N/A,39.09045833,-77.05064667,"(39.09045833, -77.05064667)"
MCP23850019,170512209,Montgomery County Police,Injury Crash,06/06/2017 11:24:00 AM,,,,,PARKING LOT OF 18701 LIBERTY MILL RD (SUNOCO GAS STATION),,PEDESTRIAN,SINGLE VEHICLE,CLEAR,,DARK LIGHTS ON,NO CONTROLS,NONE DETECTED,NONE DETECTED,CB76D08F-0917-4641-BF73-F7C234F0CEC5,PEDESTRIAN,Other,NO IMPROPER ACTIONS,OTHER,N/A,DARK CLOTHING,No,POSSIBLE INJURY,NONE,39.16229,-77.28059,"(39.16229, -77.28059)"
MCP2767000L,15003795,Montgomery County Police,Injury Crash,01/23/2015 05:30:00 PM,County,AMHERST AVE,County,BLUERIDGE AVE,,N/A,PEDESTRIAN,SINGLE VEHICLE,SLEET,WET,DARK LIGHTS ON,YIELD SIGN,NONE DETECTED,NONE DETECTED,384DE869-2028-4682-B18A-DCB2E130AE4A,PEDESTRIAN,Cross/Enter at Intersection,DART DASH,AT INTERSECTION MARKED CROSSWALK,N/A,MIXED CLOTHING,,SUSPECTED SERIOUS INJURY,N/A,39.04335333,-77.047845,"(39.04335333, -77.047845)"
MCP28180029,16055385,Montgomery County Police,Injury Crash,10/27/2016 08:03:00 PM,Maryland (State),GEORGIA AVE,County,SPRING ST,,N/A,PEDESTRIAN,SINGLE VEHICLE,RAINING,WET,DARK LIGHTS ON,TRAFFIC SIGNAL,NONE DETECTED,N/A,E896D79B-9F51-4917-919D-475EE8923EA0,PEDESTRIAN,N/A,NO IMPROPER ACTIONS,SIDEWALK,N/A,N/A,No,POSSIBLE INJURY,N/A,39.17508,-77.197045,"(39.17508, -77.197045)"
MCP1512001J,180031316,Montgomery County Police,Injury Crash,06/25/2018 05:25:00 PM,Municipality,SIOUX LA,Maryland (State),GREAT SENECA HWY,,N/A,BICYCLIST,OTHER,N/A,DRY,DAYLIGHT,NO CONTROLS,NONE DETECTED,NONE DETECTED,0355CB62-C9F6-449A-A3F4-BB8E2E56943F,BICYCLIST,Cross/Enter at Intersection,FAILURE TO YIELD RIGHT OF WAY,SIDEWALK,N/A,MIXED CLOTHING,Yes,SUSPECTED MINOR INJURY,MC/BIKE HELMET,39.13089667,-77.23984833,"(39.13089667, -77.23984833)"
DD5616000K,15065670,ROCKVILLE,Injury Crash,12/23/2015 07:20:00 AM,Municipality,MONROE PL,Maryland (State),ROCKVILLE PIKE,,N/A,PEDESTRIAN,N/A,FOGGY,WET,DAWN,TRAFFIC SIGNAL,NONE DETECTED,NONE DETECTED,8317457E-E69A-4421-930F-A67503F477C7,PEDESTRIAN,Cross/Enter at Intersection,NO IMPROPER ACTIONS,AT INTERSECTION MARKED CROSSWALK,UNKNOWN,DARK CLOTHING,No,POSSIBLE INJURY,N/A,39.08353863,-77.14712262,"(39.08353863, -77.14712262)"
MCP2369000P,16021573,Montgomery County Police,Property Damage Crash,05/02/2016 08:48:00 AM,County,EDEN RD,County,KATHRYN RD,,N/A,OTHER,OTHER,RAINING,N/A,DAYLIGHT,STOP SIGN,NONE DETECTED,N/A,06B985E2-B9D4-49E2-BA2A-D8690E430D74,OTHER,N/A,N/A,N/A,N/A,N/A,No,NO APPARENT INJURY,N/A,39.04995,-76.98717833,"(39.04995, -76.98717833)"
MCP2789000L,15006131,Montgomery County Police,Injury Crash,02/06/2015 08:37:00 PM,County,WAYNE AVE,US (State),GEORGIA AVE,,N/A,PEDESTRIAN,SINGLE VEHICLE,CLEAR,N/A,DARK LIGHTS ON,OTHER,N/A,N/A,0CE570E8-FBFC-43A3-A21C-20CAD49E612E,PEDESTRIAN,Cross/Enter at Intersection,NO IMPROPER ACTIONS,AT INTERSECTION MARKED CROSSWALK,NO PED. SIGNAL,MIXED CLOTHING,,POSSIBLE INJURY,N/A,38.99484667,-77.02573167,"(38.99484667, -77.02573167)"
MCP2504001J,16035727,Montgomery County Police,Injury Crash,07/14/2016 07:25:00 PM,,,,,PARKING LOT OF 9745 TRAVILLE GATEWAY DRIVE,,PEDESTRIAN,STRAIGHT MOVEMENT ANGLE,CLEAR,,DAYLIGHT,N/A,NONE DETECTED,NONE DETECTED,3FF60469-D052-4FE7-B62D-DE7C1C84103F,PEDESTRIAN,Other,NO IMPROPER ACTIONS,OTHER,NO PED. SIGNAL,MIXED CLOTHING,No,POSSIBLE INJURY,N/A,39.091765,-77.20330833,"(39.091765, -77.20330833)"
MCP21160088,180012621,Montgomery County Police,Injury Crash,03/13/2018 02:23:00 PM,County,SENECA RD,County,RIVER RD,,N/A,OTHER,SINGLE VEHICLE,CLEAR,DRY,DAYLIGHT,NO CONTROLS,NONE DETECTED,N/A,3B056425-16AD-4B03-8DBD-B7FB1158481A,OTHER,N/A,N/A,N/A,N/A,N/A,No,NO APPARENT INJURY,N/A,39.07867167,-77.33052833,"(39.07867167, -77.33052833)"
MCP2689003J,170523840,Montgomery County Police,Injury Crash,08/09/2017 10:24:00 AM,Maryland (State),VEIRS MILL RD,Municipality,ATLANTIC AVE,,ROCKVILLE,PEDESTRIAN,SINGLE VEHICLE,CLEAR,DRY,DAYLIGHT,TRAFFIC SIGNAL,NONE DETECTED,NONE DETECTED,63C2D5ED-5B17-4DAC-B4ED-2D72DFF813F0,PEDESTRIAN,Cross/Enter at Intersection,NO IMPROPER ACTIONS,ON ROADWAY AT CROSSWALK,OBEYED PED. SIGNAL,LIGHT CLOTHING,No,SUSPECTED MINOR INJURY,NONE,39.07487539,-77.11544976,"(39.07487539, -77.11544976)"