Report Number,Local Case Number,Agency Name,ACRS Report Type,Crash Date/Time,Route Type,Road Name,Cross-Street Type,Cross-Street Name,Off-Road Description,Municipality,Related Non-Motorist,Collision Type,Weather,Surface Condition,Light,Traffic Control,Driver Substance Abuse,Non-Motorist Substance Abuse,Person ID,Pedestrian Type,Pedestrian Movement,Pedestrian Actions,Pedestrian Location,Pedestrian Obeyed Traffic Signal,Pedestrian Visibility,At Fault,Injury Severity,Safety Equipment,Latitude,Longitude,Location
MCP1334004Q,17007266,Montgomery County Police,Injury Crash,02/10/2017 09:22:00 AM,Municipality,QUINCE ORCHARD BLVD,Municipality,RABBITT RD,,GAITHERSBURG,PEDESTRIAN,SINGLE VEHICLE,CLEAR,DRY,DAYLIGHT,N/A,NONE DETECTED,NONE DETECTED,DB908F9F-B715-4AA5-8136-B3894606A373,PEDESTRIAN,Cross/Enter not at Intersection,DART DASH,ON ROADWAY NOT AT CROSSWALK,N/A,MIXED CLOTHING,Yes,SUSPECTED SERIOUS INJURY,NONE,39.14060305,-77.22857192,"(39.14060305, -77.22857192)"
MCP2816000Y,15002925,Montgomery County Police,Injury Crash,01/18/2015 06:43:00 PM,Maryland (State),ROCKVILLE PIKE,Municipality,HALPINE RD,,ROCKVILLE,MACHINE OPERATOR/RIDER,HEAD ON LEFT TURN,N/A,WET,DARK -- UNKNOWN LIGHTING,TRAFFIC SIGNAL,NONE DETECTED,NONE DETECTED,1B8964D7-25C0-4DA6-B34D-1B3F3F3A677C,MACHINE OPERATOR/RIDER,Cross/Enter at Intersection,NO IMPROPER ACTIONS,AT INTERSECTION MARKED CROSSWALK,OBEYED PED. SIGNAL,DARK CLOTHING,,POSSIBLE INJURY,NONE,39.06174,-77.12406167,"(39.06174, -77.12406167)"
MCP1022009Y,180055395,Montgomery County Police,Injury Crash,11/05/2018 06:03:00 AM,Maryland (State),CLOPPER RD,Unknown,STRUC #15094 GUNNERS BRANCH,,N/A,PEDESTRIAN,SINGLE VEHICLE,RAINING,WET,DARK NO LIGHTS,NO CONTROLS,NONE DETECTED,UNKNOWN,87F63323-E686-4F98-8530-1947A113C8D9,PEDESTRIAN,Walking/Riding w/Traffic,IN ROADWAY IMPROPERLY,ON ROADWAY NOT AT CROSSWALK,NO PED. SIGNAL,DARK CLOTHING,Yes,SUSPECTED SERIOUS INJURY,N/A,39.15578167,-77.26199167,"(39.15578167, -77.26199167)"
MCP2792000B,15010539,Montgomery County Police,Injury Crash,03/07/2015 12:50:00 AM,Maryland (State),FREDERICK RD,County,GUNNERS BRANCH RD,,N/A,PEDESTRIAN,SAME DIR REAR END,CLEAR,WET,DARK LIGHTS ON,NO CONTROLS,NONE DETECTED,ALCOHOL PRESENT,CCFDE4BA-227B-4B88-91A3-5E31B5CCA1D0,PEDESTRIAN,Walking/Riding w/Traffic,INATTENTIVE,SHOULDER,NO PED. SIGNAL,DARK CLOTHING,,SUSPECTED MINOR INJURY,N/A,39.17533667,-77.23818667,"(39.17533667, -77.23818667)"
MCP29290034,180041210,Montgomery County Police,Injury Crash,08/19/2018 05:46:00 AM,Maryland (State),OLNEY SANDY SPRING RD,County,SPARTAN RD,,N/A,PEDESTRIAN,OTHER,N/A,DRY,DAWN,TRAFFIC SIGNAL,NONE DETECTED,NONE DETECTED,06D6A75B-FE09-499A-9CEE-4B20B96C439A,PEDESTRIAN,Walking/Riding w/Traffic,NO IMPROPER ACTIONS,ON ROADWAY AT CROSSWALK,OBEYED PED. SIGNAL,LIGHT CLOTHING,No,SUSPECTED MINOR INJURY,NONE,39.15072667,-77.06254667,"(39.15072667, -77.06254667)"
MCP2936002F,180026043,Montgomery County Police,Injury Crash,05/27/2018 03:58:00 PM,,,,,"DRIVEWAY/SIDEWALK AT 11700 PARKLAWN DR ROCKVILLE, MD 20852",,BICYCLIST,STRAIGHT MOVEMENT ANGLE,CLEAR,,DAYLIGHT,NO CONTROLS,NONE DETECTED,NONE DETECTED,E88FD6CB-FC03-4305-9F43-0D4598E431DF,BICYCLIST,Cross/Enter at Intersection,INATTENTIVE,SIDEWALK,N/A,MIXED CLOTHING,Yes,POSSIBLE INJURY,NONE,39.04661086,-77.10318401,"(39.04661086, -77.10318401)"
EJ78260011,16003432,Gaithersburg Police Depar,Injury Crash,01/19/2016 12:48:00 PM,Maryland (State),S FREDERICK RD,Municipality,S SUMMIT AVE,,GAITHERSBURG,PEDESTRIAN,OTHER,CLEAR,DRY,DAYLIGHT,TRAFFIC SIGNAL,N/A,N/A,785AB589-44BA-4434-ACB2-2779F19FAFBB,PEDESTRIAN,Walking to/from school,DART DASH,ON ROADWAY AT CROSSWALK,DISOBEYED PED. SIGNAL,MIXED CLOTHING,Yes,SUSPECTED MINOR INJURY,N/A,39.137645,-77.19422833,"(39.137645, -77.19422833)"
MCP2717001Z,15034844,MONTGOMERY,Injury Crash,07/15/2015 07:56:00 PM,Maryland (State),OLD GEORGETOWN RD,County,GREENTREE RD,,N/A,PEDESTRIAN,OTHER,CLEAR,DRY,DAYLIGHT,TRAFFIC SIGNAL,NONE DETECTED,NONE DETECTED,F9C53CF0-C1FA-4EB8-A876-AF588D6611AF,PEDESTRIAN,Cross/Enter at Intersection,NO IMPROPER ACTIONS,ON ROADWAY AT CROSSWALK,OBEYED PED. SIGNAL,MIXED CLOTHING,No,SUSPECTED MINOR INJURY,NONE,39.04668167,-77.11303333,"(39.04668167, -77.11303333)"
MCP2717008P,16061535,Montgomery County Police,Injury Crash,11/30/2016 07:00:00 PM,,,,,6101 WILSON LANE (LANDON SCHOOL),,PEDESTRIAN,OTHER,RAINING,,DARK LIGHTS ON,NO CONTROLS,NONE DETECTED,NONE DETECTED,F6B0BC83-A055-4819-9677-4DB2B918D84F,PEDESTRIAN,Cross/Enter not at Intersection,DART DASH,ON ROADWAY NOT AT CROSSWALK,NO PED. SIGNAL,MIXED CLOTHING,Yes,SUSPECTED MINOR INJURY,NONE,38.99070667,-77.12529333,"(38.99070667, -77.12529333)"
MCP2439000K,15043068,MONTGOMERY,Injury Crash,08/27/2015 05:45:00 PM,County,MONTGOMERY VILLAGE AVE,County,WALKERS CHOICE RD,,N/A,BICYCLIST,OTHER,CLEAR,DRY,DAYLIGHT,NO CONTROLS,N/A,N/A,AA17353D-5F98-46F1-A201-9784DB94E045,BICYCLIST,Walking/Riding against Traffic,IN ROADWAY IMPROPERLY,OUTSIDE RIGHT OF WAY,NO PED. SIGNAL,MIXED CLOTHING,Yes,SUSPECTED MINOR INJURY,NONE,39.16538881,-77.20480084,"(39.16538881, -77.20480084)"
MCP2693000N,15007533,Montgomery County Police,Injury Crash,02/15/2015 12:00:00 AM,County,PARKLAND DR,County,FALCON ST,,N/A,OTHER,SAME DIR REAR END,BLOWING SNOW,SNOW,DARK NO LIGHTS,NO CONTROLS,NONE DETECTED,NONE DETECTED,371BFE5E-714B-4B1D-9F60-BEFB01536CEF,OTHER,Getting off/on Vehicle,ENTERING EXITING PARKED STANDING VEHICLE,ON ROADWAY NOT AT CROSSWALK,NO PED. SIGNAL,DARK CLOTHING,,SUSPECTED MINOR INJURY,N/A,39.06751667,-77.08864833,"(39.06751667, -77.08864833)"
MCP2881001X,17003428,Montgomery County Police,Property Damage Crash,01/20/2017 07:07:00 AM,Maryland (State),GERMANTOWN RD,County,MIDDLEBROOK RD,,N/A,PEDESTRIAN,OTHER,CLEAR,DRY,DARK LIGHTS ON,TRAFFIC SIGNAL,N/A,N/A,B1F05837-283C-407D-AFA4-C6C130C8AE9D,PEDESTRIAN,Cross/Enter at Intersection,N/A,ON ROADWAY AT CROSSWALK,UNKNOWN,DARK CLOTHING,Unknown,NO APPARENT INJURY,NONE,39.18467833,-77.26293833,"(39.18467833, -77.26293833)"
MCP27550015,180000043,Montgomery County Police,Injury Crash,01/05/2018 05:26:00 AM,County,ARCOLA AVE,County,NAIRN RD,,N/A,PEDESTRIAN,SINGLE VEHICLE,N/A,DRY,DARK -- UNKNOWN LIGHTING,N/A,UNKNOWN,UNKNOWN,38A814BB-1425-49C4-9B46-48CE617C9561,PEDESTRIAN,Unknown,IN ROADWAY IMPROPERLY,ON ROADWAY NOT AT CROSSWALK,NO PED. SIGNAL,OTHER,Yes,POSSIBLE INJURY,N/A,39.04717746,-77.04195857,"(39.04717746, -77.04195857)"
MCP11820015,16009922,Montgomery County Police,Injury Crash,02/28/2016 12:38:00 PM,County,LOCUST AVE,County,ACACIA AVE,,N/A,PEDESTRIAN,HEAD ON,CLEAR,DRY,DAYLIGHT,NO CONTROLS,N/A,N/A,998BE3AB-DCFF-4807-9179-69605BE27C3C,PEDESTRIAN,Standing,NO IMPROPER ACTIONS,ON ROADWAY NOT AT CROSSWALK,NO PED. SIGNAL,LIGHT CLOTHING,No,SUSPECTED SERIOUS INJURY,N/A,39.00652833,-77.10624667,"(39.00652833, -77.10624667)"
MCP2378000K,15065374,MONTGOMERY,Injury Crash,12/21/2015 09:35:00 PM,,,,,"PARKING LOT OF 11509 AMHERST AVENUE WHEATON, MD",,PEDESTRIAN,SINGLE VEHICLE,CLEAR,,DARK LIGHTS ON,N/A,NONE DETECTED,NONE DETECTED,3460A41A-23E5-41E3-9039-57A918DD1B97,PEDESTRIAN,Standing,UNKNOWN,OTHER,N/A,UNKNOWN,No,SUSPECTED MINOR INJURY,N/A,38.99006,-77.09686667,"(38.99006, -77.09686667)"
MCP2046007X,180006823,Montgomery County Police,Injury Crash,02/09/2018 08:59:00 AM,County,CAMERON ST,County,SECOND AVE,,N/A,PEDESTRIAN,SAME DIRECTION SIDESWIPE,CLEAR,DRY,DAYLIGHT,TRAFFIC SIGNAL,NONE DETECTED,NONE DETECTED,51515A9D-6D81-4479-B754-903FE177A431,PEDESTRIAN,Standing,OTHER,ON ROADWAY NOT AT CROSSWALK,N/A,REFLECTIVE MATERIAL,No,SUSPECTED SERIOUS INJURY,OTHER,38.996235,-77.03155,"(38.996235, -77.03155)"
MCP2191002D,180039753,Montgomery County Police,Injury Crash,08/10/2018 12:13:00 PM,,,,,PARKING LOT OF 11919 ROCKVILLE PIKE,,OTHER,SINGLE VEHICLE,UNKNOWN,,DAYLIGHT,N/A,NONE DETECTED,NONE DETECTED,741FC81D-5CF9-4AD7-9704-263E0D91F3A4,OTHER,N/A,N/A,INSIDE BUILDING,N/A,N/A,No,POSSIBLE INJURY,N/A,39.05156233,-77.11470283,"(39.05156233, -77.11470283)"
MCP2663000J,180004844,Montgomery County Police,Injury Crash,01/28/2018 10:06:00 PM,Maryland (State),EAST WEST HWY,Other Public Roadway,CAREY LA,,N/A,PEDESTRIAN,OTHER,RAINING,WET,DARK LIGHTS ON,NO CONTROLS,NONE DETECTED,NONE DETECTED,915B7DE5-E422-4985-A639-3FCDBEC2AB42,PEDESTRIAN,Cross/Enter at Intersection,NO IMPROPER ACTIONS,ON ROADWAY NOT AT CROSSWALK,NO PED. SIGNAL,MIXED CLOTHING,No,POSSIBLE INJURY,NONE,38.995505,-77.038365,"(38.995505, -77.038365)"
MCP3079001M,180064250,Montgomery County Police,Injury Crash,12/23/2018 08:44:00 PM,County,MIDDLEBROOK RD,Unknown,ENT TO BUSINESS,,N/A,PEDESTRIAN,OTHER,CLEAR,DRY,DARK LIGHTS ON,N/A,NONE DETECTED,ALCOHOL PRESENT,21EAB453-8059-4334-B847-5EE35D8F26B4,PEDESTRIAN,Cross/Enter not at Intersection,IN ROADWAY IMPROPERLY,ON ROADWAY NOT AT CROSSWALK,N/A,DARK CLOTHING,Yes,SUSPECTED MINOR INJURY,NONE,39.17553667,-77.25554167,"(39.17553667, -77.25554167)"
MCP29650023,170514547,Montgomery County Police,Injury Crash,06/19/2017 02:24:00 PM,County,MORNINGWOOD DR,County,MORNINGWOOD CT,,N/A,OTHER,SAME DIRECTION SIDESWIPE,CLEAR,DRY,DAYLIGHT,NO CONTROLS,NONE DETECTED,NONE DETECTED,A4A4D679-60F4-4CBF-8AFF-426C6C31CF4B,OTHER,Other,NO IMPROPER ACTIONS,CURB,N/A,LIGHT CLOTHING,No,POSSIBLE INJURY,NONE,39.15071167,-77.08828333,"(39.15071167, -77.08828333)"
MCP3052000F,170529958,Montgomery County Police,Injury Crash,09/11/2017 06:33:00 PM,,,,,PARKING LOT OF LOWES,,BICYCLIST,SINGLE VEHICLE,CLEAR,,DAYLIGHT,N/A,NONE DETECTED,NONE DETECTED,A51FB3FE-AC27-4503-A57D-B32394F39AF8,BICYCLIST,Walking/Riding w/Traffic,NO IMPROPER ACTIONS,ON ROADWAY NOT AT CROSSWALK,N/A,MIXED CLOTHING,No,SUSPECTED MINOR INJURY,MC/BIKE HELMET,39.12475027,-77.23576427,"(39.12475027, -77.23576427)"
DD5594001C,15050873,ROCKVILLE,Injury Crash,10/07/2015 05:07:00 PM,Municipality,FOREST AVE,Municipality,HARRISON ST,,ROCKVILLE,BICYCLIST,OTHER,CLEAR,DRY,DAYLIGHT,NO CONTROLS,N/A,N/A,79DC17E3-F763-4BAB-9E5A-B547D91CE0E1,BICYCLIST,Cross/Enter not at Intersection,FAILURE TO YIELD RIGHT OF WAY,ON ROADWAY NOT AT CROSSWALK,N/A,MIXED CLOTHING,Yes,POSSIBLE INJURY,MC/BIKE HELMET,39.08396833,-77.15315667,"(39.08396833, -77.15315667)"
MCP23580058,180038830,Montgomery County Police,Injury Crash,08/05/2018 08:30:00 AM,County,MACARTHUR BLVD,Maryland (State),WILSON LA,,N/A,BICYCLIST,STRAIGHT MOVEMENT ANGLE,CLEAR,DRY,DAYLIGHT,NO CONTROLS,NONE DETECTED,NONE DETECTED,1C61FEC9-B644-42B6-BF0D-1BD68A69FE14,BICYCLIST,Walking/Riding w/Traffic,NO IMPROPER ACTIONS,OTHER,N/A,MIXED CLOTHING,No,SUSPECTED MINOR INJURY,MC/BIKE HELMET,38.97292667,-77.14644667,"(38.97292667, -77.14644667)"
MCP2244002T,190002881,Montgomery County Police,Injury Crash,01/18/2019 02:41:00 PM,,,,,PARKING LOT OF 8615 FENTON STREET,,PEDESTRIAN,OTHER,CLEAR,,DAYLIGHT,N/A,NONE DETECTED,NONE DETECTED,DB06ED22-0E21-42BF-B9BF-BD718DB1F2C9,PEDESTRIAN,Other,NO IMPROPER ACTIONS,SIDEWALK,N/A,N/A,No,SUSPECTED MINOR INJURY,N/A,38.99827333,-77.0285,"(38.99827333, -77.0285)"
MCP28480033,16033490,Montgomery County Police,Injury Crash,07/02/2016 07:57:00 AM,County,MACARTHUR BLVD,County,TOMLINSON AVE,,N/A,BICYCLIST,HEAD ON LEFT TURN,CLEAR,N/A,DAYLIGHT,NO CONTROLS,NONE DETECTED,NONE DETECTED,39692AC2-1098-4AC4-91B8-188A7EE2F353,BICYCLIST,Cross/Enter not at Intersection,NO IMPROPER ACTIONS,ON ROADWAY NOT AT CROSSWALK,NO PED. SIGNAL,LIGHT CLOTHING,No,SUSPECTED MINOR INJURY,MC/BIKE HELMET,38.97353333,-77.15563,"(38.97353333, -77.15563)"
DD56140020,17005546,Rockville Police Departme,Injury Crash,02/01/2017 07:44:00 AM,Municipality,HURLEY AVE,Municipality,WATTS BRANCH PKWY,,ROCKVILLE,PEDESTRIAN,STRAIGHT MOVEMENT ANGLE,CLEAR,DRY,DAWN,NO CONTROLS,NONE DETECTED,NONE DETECTED,25F72564-CBDC-4369-9C7E-593B8A351E10,PEDESTRIAN,Cross/Enter at Intersection,NO IMPROPER ACTIONS,MIDBLOCK MARKED CROSSWALK,NO PED. SIGNAL,MIXED CLOTHING,No,POSSIBLE INJURY,NONE,39.08888814,-77.17847899,"(39.08888814, -77.17847899)"
MCP2246000C,15005075,Montgomery County Police,Property Damage Crash,01/31/2015 07:11:00 PM,,,,,parking lot of 8010 Fenton Street,,OTHER,OTHER,CLEAR,,DARK LIGHTS ON,N/A,ALCOHOL PRESENT,N/A,74ED8AC5-0707-44A1-9C58-A0DA78F3BB3C,OTHER,N/A,NO IMPROPER ACTIONS,SIDEWALK,N/A,N/A,,NO APPARENT INJURY,N/A,38.98996968,-77.02413797,"(38.98996968, -77.02413797)"
MCP2254001W,180039943,Montgomery County Police,Property Damage Crash,08/11/2018 02:30:00 AM,Maryland (State),RIDGE RD,Maryland (State),KEMPTOWN RD,,N/A,OTHER,SINGLE VEHICLE,N/A,DRY,N/A,NO CONTROLS,NONE DETECTED,N/A,4DFE3B14-494D-44AB-9E0A-750C49343FF7,OTHER,N/A,N/A,OTHER,N/A,N/A,No,NO APPARENT INJURY,N/A,39.31343333,-77.19807333,"(39.31343333, -77.19807333)"
MCP3018000H,17011232,Montgomery County Police,Injury Crash,03/03/2017 05:35:00 AM,,BEL PRE RD,,SUN VALLEY CIR,,N/A,PEDESTRIAN,OTHER,OTHER,WET,DARK LIGHTS ON,NO CONTROLS,NONE DETECTED,NONE DETECTED,5F454389-13C8-4CE6-8DED-A3601D644F72,PEDESTRIAN,Cross/Enter not at Intersection,FAILURE TO YIELD RIGHT OF WAY,ON ROADWAY NOT AT CROSSWALK,NO PED. SIGNAL,DARK CLOTHING,Yes,POSSIBLE INJURY,NONE,39.09050051,-77.04785943,"(39.09050051, -77.04785943)"
MCP2472001G,15049116,MONTGOMERY,Injury Crash,09/28/2015 09:05:00 AM,,,,,In parking lot of 1580 Rockville Pike,,PEDESTRIAN,SINGLE VEHICLE,CLOUDY,,DAYLIGHT,N/A,NONE DETECTED,NONE DETECTED,ABCB0453-FD4F-4429-8873-B031BD3DCE58,PEDESTRIAN,Other,NO IMPROPER ACTIONS,OTHER,NO PED. SIGNAL,MIXED CLOTHING,No,SUSPECTED MINOR INJURY,NONE,39.00172167,-77.109705,"(39.00172167, -77.109705)"
MCP2298004F,15007167,Montgomery County Police,Injury Crash,02/12/2015 03:33:00 PM,County,FATHER HURLEY BLVD,County,WYNNFIELD DR,,N/A,PEDESTRIAN,OTHER,CLEAR,DRY,DAYLIGHT,TRAFFIC SIGNAL,NONE DETECTED,NONE DETECTED,A1C9E4E8-6B7B-43D8-989B-6EB114A6833B,PEDESTRIAN,Cross/Enter at Intersection,FAILURE TO OBEY TRAFFIC SIGNS SIGNALS OR OFFICER,AT INTERSECTION MARKED CROSSWALK,OTHER,N/A,,SUSPECTED MINOR INJURY,N/A,39.186365,-77.27426167,"(39.186365, -77.27426167)"
MCP2563000V,180062526,Montgomery County Police,Fatal Crash,12/14/2018 05:19:00 PM,Maryland (State),DARNESTOWN RD,County,ANCIENT OAK DR,,N/A,PEDESTRIAN,SINGLE VEHICLE,RAINING,WET,DARK LIGHTS ON,NO CONTROLS,NONE DETECTED,UNKNOWN,400F46B5-4A53-4CCD-92B2-573C9E113736,PEDESTRIAN,Cross/Enter not at Intersection,UNKNOWN,ON ROADWAY NOT AT CROSSWALK,NO PED. SIGNAL,MIXED CLOTHING,Unknown,FATAL INJURY,NONE,39.113173,-77.269542,"(39.113173, -77.269542)"
MCP0942001D,170530718,Montgomery County Police,Injury Crash,09/15/2017 09:31:00 AM,County,WOODMONT AVE,County,EDGEMOOR LA,,N/A,BICYCLIST,OTHER,CLEAR,DRY,DAYLIGHT,TRAFFIC SIGNAL,NONE DETECTED,NONE DETECTED,F3F6AA34-D9BB-4141-8300-E2D11A0CC1FD,BICYCLIST,Cross/Enter at Intersection,NO IMPROPER ACTIONS,ON ROADWAY NOT AT CROSSWALK,OBEYED PED. SIGNAL,DARK CLOTHING,No,SUSPECTED MINOR INJURY,NONE,38.984935,-77.0967,"(38.984935, -77.0967)"
MCP9113002P,170517604,Montgomery County Police,Injury Crash,07/06/2017 11:58:00 AM,County,ASPEN HILL RD,Maryland (State),VEIRS MILL RD,,N/A,PEDESTRIAN,OTHER,CLOUDY,DRY,DAYLIGHT,TRAFFIC SIGNAL,NONE DETECTED,NONE DETECTED,8C184ACE-14C6-44F4-9401-27B4CCDB6892,PEDESTRIAN,Cross/Enter at Intersection,NO IMPROPER ACTIONS,ON ROADWAY AT CROSSWALK,OBEYED PED. SIGNAL,MIXED CLOTHING,No,SUSPECTED SERIOUS INJURY,NONE,39.06949,-77.10465667,"(39.06949, -77.10465667)"
MCP2535000S,16067231,Montgomery County Police,Injury Crash,12/30/2016 09:56:00 PM,County,REEDIE DR,Maryland (State),GEORGIA AVE,,N/A,PEDESTRIAN,SINGLE VEHICLE,CLEAR,DRY,DARK LIGHTS ON,TRAFFIC SIGNAL,ALCOHOL PRESENT,NONE DETECTED,E4AABC64-83DD-414D-988E-629A34C960FF,PEDESTRIAN,Cross/Enter at Intersection,NO IMPROPER ACTIONS,AT INTERSECTION MARKED CROSSWALK,OBEYED PED. SIGNAL,DARK CLOTHING,No,SUSPECTED MINOR INJURY,NONE,39.03866,-77.05161167,"(39.03866, -77.05161167)"
MCP0942001N,180020364,Montgomery County Police,Injury Crash,04/26/2018 07:30:00 AM,County,BATTERY LA,County,WOODMONT AVE,,N/A,BICYCLIST,HEAD ON LEFT TURN,CLEAR,DRY,DAYLIGHT,NO CONTROLS,NONE DETECTED,NONE DETECTED,E83C04C8-648B-459D-8CF3-5E147CC7A6A9,BICYCLIST,Walking/Riding w/Traffic,NO IMPROPER ACTIONS,SHOULDER,NO PED. SIGNAL,MIXED CLOTHING,No,SUSPECTED MINOR INJURY,MC/BIKE HELMET,38.99264217,-77.099658,"(38.99264217, -77.099658)"
MCP3139000X,180062701,Montgomery County Police,Injury Crash,12/15/2018 05:25:00 PM,County,LOCKWOOD DR,County,OAK LEAF DR,,N/A,PEDESTRIAN,OTHER,RAINING,WET,DARK NO LIGHTS,N/A,N/A,N/A,30DAEC1F-6F35-4074-93BE-D7AB459DC2D3,PEDESTRIAN,Other,NOT VISIBLE,ON ROADWAY AT CROSSWALK,NO PED. SIGNAL,DARK CLOTHING,No,SUSPECTED MINOR INJURY,N/A,39.03799833,-76.99427167,"(39.03799833, -76.99427167)"
DD5634000F,180051149,Rockville Police Departme,Injury Crash,10/12/2018 07:09:00 PM,Municipality,N WASHINGTON ST,Municipality,MARTINS LA,,ROCKVILLE,PEDESTRIAN,OTHER,CLEAR,DRY,DARK LIGHTS ON,TRAFFIC SIGNAL,NONE DETECTED,NONE DETECTED,85C3E3E3-2EA9-45A5-8411-CF4BABA4096D,PEDESTRIAN,Cross/Enter at Intersection,NO IMPROPER ACTIONS,ON ROADWAY AT CROSSWALK,OBEYED PED. SIGNAL,DARK CLOTHING,No,SUSPECTED SERIOUS INJURY,NONE,39.09084161,-77.15363057,"(39.09084161, -77.15363057)"
MCP3078001B,180021519,Montgomery County Police,Injury Crash,05/02/2018 02:49:00 PM,County,REEDIE DR,County,FERN ST,,N/A,PEDESTRIAN,N/A,CLEAR,DRY,DAYLIGHT,TRAFFIC SIGNAL,N/A,NONE DETECTED,B331610E-3538-481A-A6C3-79FFF4C64F99,PEDESTRIAN,Cross/Enter at Intersection,NO IMPROPER ACTIONS,ON ROADWAY AT CROSSWALK,OBEYED PED. SIGNAL,LIGHT CLOTHING,No,SUSPECTED MINOR INJURY,NONE,39.03896333,-77.04931,"(39.03896333, -77.04931)"
MCP2879000W,15048521,MONTGOMERY,Injury Crash,09/24/2015 07:01:00 PM,County,DUFIEF MILL RD,County,AMBERLEA FARM DR,,N/A,PEDESTRIAN,OTHER,CLEAR,UNKNOWN,DAYLIGHT,NO CONTROLS,UNKNOWN,NONE DETECTED,F6059E58-0E62-4823-A1E4-05C09873F343,PEDESTRIAN,Walking to/from school,UNKNOWN,UNKNOWN,UNKNOWN,DARK CLOTHING,No,POSSIBLE INJURY,NONE,39.08924309,-77.23572135,"(39.08924309, -77.23572135)"
MCP27660049,180058256,Montgomery County Police,Injury Crash,11/20/2018 05:35:00 PM,County,RIPPLING BROOK DR,County,BEL PRE RD,,N/A,PEDESTRIAN,SINGLE VEHICLE,CLEAR,DRY,DARK LIGHTS ON,STOP SIGN,NONE DETECTED,NONE DETECTED,912997DA-3E49-4395-AA76-714DAE36AC70,PEDESTRIAN,Cross/Enter at Intersection,NO IMPROPER ACTIONS,ON ROADWAY AT CROSSWALK,NO PED. SIGNAL,MIXED CLOTHING,No,POSSIBLE INJURY,NONE,39.09036167,-77.053115,"(39.09036167, -77.053115)"
MCP2586002L,17008486,Montgomery County Police,Injury Crash,02/16/2017 06:36:00 PM,Maryland (State),SANDY SPRING RD,County,MCKNEW RD,,N/A,PEDESTRIAN,OTHER,CLEAR,DRY,DARK LIGHTS ON,TRAFFIC SIGNAL,NONE DETECTED,NONE DETECTED,568D25D5-E0FB-4958-975A-E3D980599D07,PEDESTRIAN,Unknown,IN ROADWAY IMPROPERLY,ON ROADWAY NOT AT CROSSWALK,UNKNOWN,DARK CLOTHING,Yes,SUSPECTED MINOR INJURY,N/A,39.10613667,-76.918495,"(39.10613667, -76.918495)"
MCP2952003C,170502566,Montgomery County Police,Injury Crash,04/17/2017 10:41:00 AM,,,,,"ON SECOND FLOOR OF COUNTY PARKING GARAGE LOCATED AT 7726 FENTON STREET, SILVER SPRING MARYLAND 20910",,PEDESTRIAN,OTHER,N/A,,DAYLIGHT,N/A,NONE DETECTED,NONE DETECTED,A03DC75A-6485-4879-9E08-15D1F3258473,PEDESTRIAN,Other,UNKNOWN,OTHER,N/A,DARK CLOTHING,No,SUSPECTED MINOR INJURY,N/A,38.98648333,-77.02318333,"(38.98648333, -77.02318333)"
MCP3099001G,190022361,Montgomery County Police,Injury Crash,05/12/2019 11:16:00 AM,County,MIDDLEBROOK RD,County,FATHER HURLEY BLVD,,N/A,PEDESTRIAN,SINGLE VEHICLE,RAINING,WET,DAYLIGHT,TRAFFIC SIGNAL,NONE DETECTED,NONE DETECTED,5DFC8F70-891D-4F73-B98C-5012375D76DA,PEDESTRIAN,Cross/Enter at Intersection,IN ROADWAY IMPROPERLY,AT INTERSECTION MARKED CROSSWALK,DISOBEYED PED. SIGNAL,MIXED CLOTHING,Yes,POSSIBLE INJURY,N/A,39.1841141,-77.27354314,"(39.1841141, -77.27354314)"
MCP102200CD,190024672,Montgomery County Police,Injury Crash,05/24/2019 09:50:00 AM,,,,,"SOUTH SIDE PARKING LOT AT GERMANTOWN ASSISTED LIVING  20990 FATHER HURLEY BLVD GERMANTOWN, MD 20874",,PEDESTRIAN,SINGLE VEHICLE,CLEAR,,DAYLIGHT,NO CONTROLS,NONE DETECTED,NONE DETECTED,1CBC5EDB-61D4-418B-BDFA-DF3F99579D2F,PEDESTRIAN,Other,NO IMPROPER ACTIONS,OTHER,NO PED. SIGNAL,MIXED CLOTHING,No,SUSPECTED MINOR INJURY,N/A,39.190085,-77.27435667,"(39.190085, -77.27435667)"
MCP26070041,190008741,Montgomery County Police,Injury Crash,02/23/2019 07:20:00 PM,Maryland (State),WOODFIELD RD,County,FLOWER HILL WAY,,N/A,PEDESTRIAN,OTHER,RAINING,WET,DARK LIGHTS ON,TRAFFIC SIGNAL,NONE DETECTED,NONE DETECTED,DCD146A0-6C2D-429B-BA5E-7CE9A3058871,PEDESTRIAN,Cross/Enter at Intersection,FAILURE TO OBEY TRAFFIC SIGNS SIGNALS OR OFFICER,ON ROADWAY AT CROSSWALK,DISOBEYED PED. SIGNAL,DARK CLOTHING,Yes,SUSPECTED MINOR INJURY,NONE,39.15565333,-77.16498833,"(39.15565333, -77.16498833)"
DD5590002G,180052133,Rockville Police Departme,Injury Crash,10/18/2018 06:25:00 AM,Municipality,TWINBROOK PKWY,Municipality,CHAPMAN AVE,,ROCKVILLE,PEDESTRIAN,STRAIGHT MOVEMENT ANGLE,CLEAR,DRY,DARK LIGHTS ON,TRAFFIC SIGNAL,NONE DETECTED,NONE DETECTED,0DA0050C-49A2-40C6-ABD2-8B5A042D7E4F,PEDESTRIAN,Cross/Enter at Intersection,NO IMPROPER ACTIONS,ON ROADWAY AT CROSSWALK,UNKNOWN,DARK CLOTHING,No,POSSIBLE INJURY,NONE,39.08359167,-77.153705,"(39.08359167, -77.153705)"