Report Number,Local Case Number,Agency Name,ACRS Report Type,Crash Date/Time,Route Type,Road Name,Cross-Street Type,Cross-Street Name,Off-Road Description,Municipality,Related Non-Motorist,Collision Type,Weather,Surface Condition,Light,Traffic Control,Driver Substance Abuse,Non-Motorist Substance Abuse,Person ID,Pedestrian Type,Pedestrian Movement,Pedestrian Actions,Pedestrian Location,Pedestrian Obeyed Traffic Signal,Pedestrian Visibility,At Fault,Injury Severity,Safety Equipment,Latitude,Longitude,Location
MCP2789001J,15049793,MONTGOMERY,Injury Crash,10/01/2015 04:12:00 PM,County,PATTON DR,County,MILES ST,,N/A,PEDESTRIAN,SINGLE VEHICLE,RAINING,WET,DAYLIGHT,NO CONTROLS,N/A,N/A,0971972B-D3AA-4FD3-B5E9-66EC27A8FA6C,PEDESTRIAN,Walking/Riding w/Traffic,NO IMPROPER ACTIONS,OTHER,N/A,LIGHT CLOTHING,No,SUSPECTED MINOR INJURY,N/A,39.00267333,-76.995375,"(39.00267333, -76.995375)"
MCP2191000P,15056121,MONTGOMERY,Injury Crash,11/04/2015 06:59:00 AM,County,TUCKERMAN LA,County,SUGARBUSH LA,,N/A,BICYCLIST,STRAIGHT MOVEMENT ANGLE,CLEAR,DRY,DAYLIGHT,TRAFFIC SIGNAL,NONE DETECTED,NONE DETECTED,2CCF370D-9D7D-4E7D-A401-2CA4475CE7DA,BICYCLIST,Cross/Enter at Intersection,NO IMPROPER ACTIONS,AT INTERSECTION MARKED CROSSWALK,OBEYED PED. SIGNAL,LIGHT CLOTHING,No,POSSIBLE INJURY,MC/BIKE HELMET,39.03212667,-77.11793667,"(39.03212667, -77.11793667)"
MCP3035000B,17006938,Montgomery County Police,Injury Crash,02/08/2017 05:03:00 PM,County,MARSTON LA,County,THOMAS FARM RD,,N/A,PEDESTRIAN,SINGLE VEHICLE,CLEAR,DRY,DAYLIGHT,N/A,NONE DETECTED,NONE DETECTED,18C3CE11-B7BB-40C7-9142-FFEBE00CA9B0,PEDESTRIAN,Standing,NO IMPROPER ACTIONS,SIDEWALK,N/A,MIXED CLOTHING,No,SUSPECTED SERIOUS INJURY,N/A,39.17397283,-77.197193,"(39.17397283, -77.197193)"
MCP26640019,15038081,MONTGOMERY,Injury Crash,08/01/2015 09:54:00 AM,Maryland (State),GEORGIA AVE,County,SHOREFIELD RD,,N/A,BICYCLIST,SINGLE VEHICLE,CLEAR,DRY,DAYLIGHT,TRAFFIC SIGNAL,NONE DETECTED,NONE DETECTED,3D2D2439-8A41-4E56-B733-9656DBEB9D94,BICYCLIST,Cross/Enter at Intersection,OTHER,AT INTERSECTION MARKED CROSSWALK,UNKNOWN,REFLECTIVE MATERIAL,Unknown,POSSIBLE INJURY,MC/BIKE HELMET,39.05341,-77.050689,"(39.05341, -77.050689)"
MCP0487001P,170523655,Montgomery County Police,Injury Crash,08/08/2017 02:00:00 PM,,,,,"PARKING LOT OF 19300 FRENCHTON PLACE 
MONTGOMERY VILLAGE, MD 20886",,PEDESTRIAN,OTHER,CLOUDY,,DAYLIGHT,NO CONTROLS,NONE DETECTED,NONE DETECTED,3296E465-53F1-47EB-9D74-FED2DFD3FF47,PEDESTRIAN,Standing,NOT VISIBLE,CURB,N/A,REFLECTIVE MATERIAL,No,POSSIBLE INJURY,REFLECTIVE CLOTHING,39.17207,-77.215765,"(39.17207, -77.215765)"
MCP2353003K,17005729,Montgomery County Police,Injury Crash,02/02/2017 09:01:00 AM,Maryland (State),ROCKVILLE PIKE,Unknown,CEDAR CROFT DR,,N/A,BICYCLIST,STRAIGHT MOVEMENT ANGLE,CLOUDY,DRY,DAYLIGHT,NO CONTROLS,NONE DETECTED,NONE DETECTED,39A5D048-7C40-4343-BA4A-68BF23FD524F,BICYCLIST,Cross/Enter at Intersection,FAILURE TO YIELD RIGHT OF WAY,AT INTERSECTION BUT NO CROSSWALK,NO PED. SIGNAL,MIXED CLOTHING,Yes,POSSIBLE INJURY,MC/BIKE HELMET,39.00850167,-77.09802833,"(39.00850167, -77.09802833)"
MCP2436006C,180053814,Montgomery County Police,Injury Crash,10/27/2018 12:47:00 PM,Maryland (State),PINEY BRANCH RD,County,CARROLL AVE,,N/A,PEDESTRIAN,STRAIGHT MOVEMENT ANGLE,RAINING,WET,DAYLIGHT,TRAFFIC SIGNAL,NONE DETECTED,NONE DETECTED,C07E20BE-C71F-4D6E-AF8D-9425B75DF0C7,PEDESTRIAN,Cross/Enter not at Intersection,NO IMPROPER ACTIONS,ON ROADWAY NOT AT CROSSWALK,DISOBEYED PED. SIGNAL,DARK CLOTHING,Yes,SUSPECTED MINOR INJURY,NONE,38.99992424,-76.99094363,"(38.99992424, -76.99094363)"
MCP2973000B,15035225,MONTGOMERY,Injury Crash,07/17/2015 05:00:00 PM,County,AMHERST AVE,County,BLUERIDGE AVE,,N/A,PEDESTRIAN,STRAIGHT MOVEMENT ANGLE,CLEAR,DRY,DAYLIGHT,N/A,NONE DETECTED,NONE DETECTED,4FBE3B2E-B5FD-40DC-8DE6-41364DA4B54E,PEDESTRIAN,Cross/Enter not at Intersection,IN ROADWAY IMPROPERLY,ON ROADWAY NOT AT CROSSWALK,NO PED. SIGNAL,UNKNOWN,No,POSSIBLE INJURY,NONE,39.04290286,-77.04791844,"(39.04290286, -77.04791844)"
MCP2617001W,16024882,Montgomery County Police,Property Damage Crash,05/19/2016 02:45:00 PM,County,HIGHLAND AVE,County,ALLEY,,N/A,PEDESTRIAN,SINGLE VEHICLE,CLEAR,DRY,DAYLIGHT,NO CONTROLS,NONE DETECTED,NONE DETECTED,332E4387-B2CE-4CD4-9713-0E029707E415,PEDESTRIAN,Other,NOT VISIBLE,OTHER,NO PED. SIGNAL,DARK CLOTHING,No,NO APPARENT INJURY,NONE,38.99093333,-77.09504167,"(38.99093333, -77.09504167)"
DD5615002R,16051173,Rockville Police Departme,Property Damage Crash,10/05/2016 02:00:00 PM,,,,,PARKING LOT OF MONTGOERY COLLEGE ROCKVILLE.,,PEDESTRIAN,OTHER,CLEAR,,DAYLIGHT,NO CONTROLS,N/A,NONE DETECTED,ABC21282-5864-4EDE-8F26-917D69F25526,PEDESTRIAN,Standing,N/A,OTHER,OTHER,LIGHT CLOTHING,No,NO APPARENT INJURY,NONE,39.10067561,-77.15751886,"(39.10067561, -77.15751886)"
MCP1152000M,190015381,Montgomery County Police,Injury Crash,04/03/2019 07:00:00 AM,Maryland (State),WISCONSIN AVE,County,LELAND ST,,N/A,PEDESTRIAN,OTHER,CLEAR,DRY,DAYLIGHT,TRAFFIC SIGNAL,NONE DETECTED,NONE DETECTED,16802A3C-A4E5-4BEE-834D-A0BDE2D9497F,PEDESTRIAN,Cross/Enter at Intersection,NO IMPROPER ACTIONS,ON ROADWAY AT CROSSWALK,OBEYED PED. SIGNAL,MIXED CLOTHING,No,POSSIBLE INJURY,NONE,38.98007167,-77.09168167,"(38.98007167, -77.09168167)"
MCP21990005,15056281,MONTGOMERY,Injury Crash,11/04/2015 05:35:00 PM,County,MIDDLEBROOK RD,County,FATHER HURLEY BLVD,,N/A,PEDESTRIAN,SINGLE VEHICLE,CLEAR,DRY,DUSK,TRAFFIC SIGNAL,N/A,N/A,47C564AA-8210-4FB4-BCFF-9A7429D53AAD,PEDESTRIAN,Walking to/from school,FAILURE TO OBEY TRAFFIC SIGNS SIGNALS OR OFFICER,AT INTERSECTION MARKED CROSSWALK,DISOBEYED PED. SIGNAL,MIXED CLOTHING,Yes,SUSPECTED MINOR INJURY,N/A,39.18380322,-77.27381945,"(39.18380322, -77.27381945)"
MCP30400029,180025149,Montgomery County Police,Injury Crash,05/22/2018 06:00:00 PM,Maryland (State),NEW HAMPSHIRE AVE,County,SAPLING RIDGE LA,,N/A,PEDESTRIAN,SINGLE VEHICLE,RAINING,WET,DAYLIGHT,N/A,N/A,N/A,F915ADB7-8748-4201-8C8E-EB93DB4F1DB1,PEDESTRIAN,Cross/Enter at Intersection,DART DASH,AT INTERSECTION BUT NO CROSSWALK,NO PED. SIGNAL,MIXED CLOTHING,Yes,SUSPECTED MINOR INJURY,NONE,39.217985,-77.054195,"(39.217985, -77.054195)"
MCP26370013,16056842,Montgomery County Police,Injury Crash,11/04/2016 08:49:00 AM,County,CAVANAUGH DR,County,PINEY MEETINGHOUSE RD,,N/A,PEDESTRIAN,OTHER,CLEAR,DRY,DAYLIGHT,NO CONTROLS,NONE DETECTED,NONE DETECTED,A5B7931D-8B7C-4DDC-BAA7-C46DE49A1624,PEDESTRIAN,Unknown,UNKNOWN,ON ROADWAY NOT AT CROSSWALK,N/A,MIXED CLOTHING,Yes,POSSIBLE INJURY,NONE,39.08221,-77.216605,"(39.08221, -77.216605)"
MCP26390033,180006633,Montgomery County Police,Injury Crash,02/08/2018 09:10:00 AM,,,,,PARKING LOT OF 10300 STRATHMORE HALL ST,,PEDESTRIAN,SAME DIR REAR END,CLEAR,,DAYLIGHT,NO CONTROLS,NONE DETECTED,NONE DETECTED,67B03AA6-9336-4913-B01F-2A2116C12270,PEDESTRIAN,Standing,NO IMPROPER ACTIONS,OTHER,NO PED. SIGNAL,MIXED CLOTHING,No,POSSIBLE INJURY,N/A,39.02597833,-77.101655,"(39.02597833, -77.101655)"
MCP0942000T,16036684,Montgomery County Police,Injury Crash,07/20/2016 09:48:00 AM,Government,CENTER DR,Maryland (State),ROCKVILLE PIKE,,N/A,BICYCLIST,SINGLE VEHICLE,CLEAR,DRY,DAYLIGHT,TRAFFIC SIGNAL,NONE DETECTED,NONE DETECTED,D3823BF6-9827-4C54-AA46-998866E62264,BICYCLIST,Cross/Enter at Intersection,NO IMPROPER ACTIONS,ON ROADWAY AT CROSSWALK,OBEYED PED. SIGNAL,MIXED CLOTHING,No,SUSPECTED MINOR INJURY,MC/BIKE HELMET,38.996685,-77.096815,"(38.996685, -77.096815)"
MCP137800N0,180050552,Montgomery County Police,Injury Crash,10/09/2018 07:02:00 PM,,,,,PARKING LOT OF 422 GIRARD ST,,BICYCLIST,STRAIGHT MOVEMENT ANGLE,CLOUDY,,DUSK,STOP SIGN,NONE DETECTED,NONE DETECTED,A2D70306-CC28-4FEA-B632-30843D4EC9F5,BICYCLIST,Walking/Riding w/Traffic,FAILURE TO OBEY TRAFFIC SIGNS SIGNALS OR OFFICER,ON ROADWAY NOT AT CROSSWALK,N/A,MIXED CLOTHING,Yes,SUSPECTED MINOR INJURY,NONE,39.14838833,-77.186675,"(39.14838833, -77.186675)"
MCP15800035,15021894,Montgomery County Police,Injury Crash,05/08/2015 08:57:00 AM,County,HADLEY FARMS DR,Maryland (State),WOODFIELD RD,,N/A,PEDESTRIAN,OTHER,CLEAR,DRY,DAYLIGHT,TRAFFIC SIGNAL,NONE DETECTED,NONE DETECTED,63608BBA-F97A-484E-83FE-F8082D297CB9,PEDESTRIAN,Cross/Enter at Intersection,NO IMPROPER ACTIONS,AT INTERSECTION MARKED CROSSWALK,OBEYED PED. SIGNAL,MIXED CLOTHING,,SUSPECTED SERIOUS INJURY,N/A,39.18016833,-77.15091667,"(39.18016833, -77.15091667)"
MCP20160014,16036660,Montgomery County Police,Injury Crash,07/20/2016 07:39:00 AM,County,MONTROSE RD,County,E JEFFERSON ST,,N/A,PEDESTRIAN,OTHER,CLEAR,DRY,DAYLIGHT,TRAFFIC SIGNAL,NONE DETECTED,N/A,0AFEB629-C149-4FD1-90EF-F2E944C57014,PEDESTRIAN,Cross/Enter at Intersection,NO IMPROPER ACTIONS,AT INTERSECTION BUT NO CROSSWALK,N/A,MIXED CLOTHING,No,SUSPECTED MINOR INJURY,N/A,39.05497333,-77.12605833,"(39.05497333, -77.12605833)"
MCP3009000J,16055977,Montgomery County Police,Injury Crash,10/30/2016 09:43:00 PM,County,CRYSTAL ROCK DR,County,MIDDLEBROOK RD,,N/A,PEDESTRIAN,OTHER,N/A,N/A,DARK LIGHTS ON,TRAFFIC SIGNAL,N/A,N/A,166A9734-D63B-4F19-B9D1-27114B56E818,PEDESTRIAN,Cross/Enter at Intersection,N/A,AT INTERSECTION MARKED CROSSWALK,OBEYED PED. SIGNAL,DARK CLOTHING,No,POSSIBLE INJURY,NONE,39.1769618,-77.26419166,"(39.1769618, -77.26419166)"
MCP2931002Y,180055752,Montgomery County Police,Injury Crash,11/06/2018 08:36:00 PM,County,E JEFFERSON ST,Unknown,CALIFORNIA CIR,,N/A,PEDESTRIAN,OTHER,FOGGY,WET,DARK LIGHTS ON,TRAFFIC SIGNAL,N/A,N/A,C5B1F8BE-04CC-493B-ADBD-890B14217573,PEDESTRIAN,Cross/Enter at Intersection,UNKNOWN,ON ROADWAY AT CROSSWALK,OBEYED PED. SIGNAL,DARK CLOTHING,No,POSSIBLE INJURY,N/A,39.0562,-77.12626,"(39.0562, -77.12626)"
MCP29050017,15034795,MONTGOMERY,Property Damage Crash,07/15/2015 03:51:00 PM,County,PERSIMMON TREE RD,County,SAUNDERS LA,,N/A,BICYCLIST,SAME DIRECTION SIDESWIPE,CLEAR,DRY,DAYLIGHT,NO CONTROLS,NONE DETECTED,NONE DETECTED,4228B66E-7424-47B1-AFE7-A5D9EC71A9CD,BICYCLIST,Walking/Riding w/Traffic,UNKNOWN,ON ROADWAY NOT AT CROSSWALK,N/A,LIGHT CLOTHING,Unknown,NO APPARENT INJURY,MC/BIKE HELMET,38.99170667,-77.17801333,"(38.99170667, -77.17801333)"
DD5614002X,170514040,Rockville Police Departme,Injury Crash,06/16/2017 01:15:00 PM,Maryland (State),VEIRS MILL RD,Municipality,ATLANTIC AVE,,ROCKVILLE,PEDESTRIAN,STRAIGHT MOVEMENT ANGLE,CLOUDY,DRY,DAYLIGHT,TRAFFIC SIGNAL,NONE DETECTED,NONE DETECTED,2C7E3393-B078-4EB5-BFD4-913D3DAD35BF,PEDESTRIAN,Cross/Enter at Intersection,NO IMPROPER ACTIONS,AT INTERSECTION MARKED CROSSWALK,OBEYED PED. SIGNAL,MIXED CLOTHING,No,SUSPECTED MINOR INJURY,NONE,39.07507685,-77.11564355,"(39.07507685, -77.11564355)"
MCP2889001X,16060101,Montgomery County Police,Injury Crash,11/22/2016 04:00:00 PM,Maryland (State),VEIRS MILL RD,Maryland (State),UNIVERSITY BLVD W,,N/A,PEDESTRIAN,OTHER,CLEAR,DRY,DAYLIGHT,NO CONTROLS,NONE DETECTED,N/A,318BAE19-7318-490D-A4C3-077F553D51F1,PEDESTRIAN,Cross/Enter not at Intersection,IN ROADWAY IMPROPERLY,ON ROADWAY NOT AT CROSSWALK,N/A,MIXED CLOTHING,Yes,POSSIBLE INJURY,NONE,39.039435,-77.05494333,"(39.039435, -77.05494333)"
MCP2689001Y,16032179,Montgomery County Police,Injury Crash,06/25/2016 01:17:00 PM,,,,,IN PARKING LOT TO THE NORTH OF 12216 PARKLAWN DR,,PEDESTRIAN,SINGLE VEHICLE,CLEAR,,DAYLIGHT,NO CONTROLS,NONE DETECTED,NONE DETECTED,EF8E26EF-505B-46B7-B316-B9B2D3344893,PEDESTRIAN,Other,INATTENTIVE,OTHER,NO PED. SIGNAL,LIGHT CLOTHING,Yes,POSSIBLE INJURY,NONE,39.05756292,-77.11069152,"(39.05756292, -77.11069152)"
MCP29080012,15037874,MONTGOMERY,Injury Crash,07/31/2015 09:39:00 AM,US (State),COLESVILLE RD,County,HASTINGS DR,,N/A,"BICYCLIST, OTHER",STRAIGHT MOVEMENT ANGLE,N/A,DRY,DAYLIGHT,YIELD SIGN,NONE DETECTED,NONE DETECTED,83AA1B5E-7850-4AF6-88EE-6C7D7EA48870,BICYCLIST,Cross/Enter at Intersection,NO IMPROPER ACTIONS,ON ROADWAY AT CROSSWALK,NO PED. SIGNAL,MIXED CLOTHING,No,SUSPECTED MINOR INJURY,MC/BIKE HELMET,39.013495,-77.01665167,"(39.013495, -77.01665167)"
MCP3029002H,190009183,Montgomery County Police,Injury Crash,02/26/2019 05:07:00 PM,Maryland (State),NEW HAMPSHIRE AVE,County,LOCKWOOD DR,,N/A,PEDESTRIAN,OTHER,CLEAR,DRY,DAYLIGHT,TRAFFIC SIGNAL,NONE DETECTED,UNKNOWN,EBAA3061-AA47-4FDE-AD4F-FF4F6BCE6D96,PEDESTRIAN,Cross/Enter at Intersection,DART DASH,AT INTERSECTION MARKED CROSSWALK,DISOBEYED PED. SIGNAL,UNKNOWN,Yes,SUSPECTED SERIOUS INJURY,NONE,39.03998,-76.990695,"(39.03998, -76.990695)"
MCP26710014,16030090,Montgomery County Police,Injury Crash,06/14/2016 06:25:00 PM,Maryland (State),GEORGIA AVE,County,FENWICK LA,,N/A,PEDESTRIAN,SINGLE VEHICLE,CLEAR,DRY,DAYLIGHT,NO CONTROLS,NONE DETECTED,NONE DETECTED,59371504-8DDA-4A7B-9CBF-F2B60B8CA4F3,PEDESTRIAN,Cross/Enter at Intersection,IN ROADWAY IMPROPERLY,ON ROADWAY NOT AT CROSSWALK,NO PED. SIGNAL,MIXED CLOTHING,Yes,SUSPECTED MINOR INJURY,NONE,38.99830824,-77.0306021,"(38.99830824, -77.0306021)"
MCP13790042,15051918,MONTGOMERY,Injury Crash,10/13/2015 11:34:00 AM,,,,,"Parking lot of 12021 Georgia Ave Silver Spring, MD 20906",,PEDESTRIAN,OTHER,CLEAR,,DAYLIGHT,NO CONTROLS,NONE DETECTED,NONE DETECTED,45BFEA63-C173-44B2-9F8C-C124D2CEDA2F,PEDESTRIAN,Other,NO IMPROPER ACTIONS,OTHER,NO PED. SIGNAL,MIXED CLOTHING,No,POSSIBLE INJURY,NONE,39.05274667,-77.049875,"(39.05274667, -77.049875)"
MCP1505000H,15034210,MONTGOMERY,Injury Crash,07/12/2015 02:04:00 PM,County,DAVIS MILL RD,County,WILDCAT RD,,N/A,BICYCLIST,STRAIGHT MOVEMENT ANGLE,CLEAR,DRY,DAYLIGHT,NO CONTROLS,N/A,N/A,62B66522-35C0-4221-A98C-1948C1824B61,BICYCLIST,Walking/Riding w/Traffic,NO IMPROPER ACTIONS,SHOULDER,N/A,MIXED CLOTHING,No,SUSPECTED MINOR INJURY,MC/BIKE HELMET,39.219934,-77.221913,"(39.219934, -77.221913)"
MCP28500016,180048206,Montgomery County Police,Injury Crash,09/27/2018 03:35:00 AM,County,STEDWICK RD,County,WATKINS MILL RD,,N/A,PEDESTRIAN,OPPOSITE DIRECTION SIDESWIPE,RAINING,WET,DARK LIGHTS ON,NO CONTROLS,ALCOHOL PRESENT,N/A,604E4CD8-DD38-4753-AA57-914135B35AD0,PEDESTRIAN,Standing,NO IMPROPER ACTIONS,ON ROADWAY NOT AT CROSSWALK,N/A,MIXED CLOTHING,No,SUSPECTED MINOR INJURY,N/A,39.170935,-77.21022167,"(39.170935, -77.21022167)"
MCP2851002H,170515879,Montgomery County Police,Injury Crash,06/26/2017 06:25:00 PM,County,WATERS LANDING DR,County,FATHER HURLEY BLVD,,N/A,PEDESTRIAN,OTHER,CLEAR,DRY,DAYLIGHT,TRAFFIC SIGNAL,NONE DETECTED,NONE DETECTED,FA13BC79-F698-400D-A44A-3FBFB79CEB41,PEDESTRIAN,Cross/Enter at Intersection,NO IMPROPER ACTIONS,ON ROADWAY AT CROSSWALK,OBEYED PED. SIGNAL,MIXED CLOTHING,No,POSSIBLE INJURY,NONE,39.19160167,-77.27207167,"(39.19160167, -77.27207167)"
MCP9442000J,16043623,Montgomery County Police,Injury Crash,08/27/2016 10:14:00 AM,Maryland (State),FREDERICK RD,Municipality,PROFESSIONAL DR,,GAITHERSBURG,BICYCLIST,OTHER,CLEAR,DRY,DAYLIGHT,NO CONTROLS,NONE DETECTED,UNKNOWN,CC5169F5-9D42-489F-BA44-D0CD6CFC49BE,BICYCLIST,Other,UNKNOWN,OTHER,N/A,LIGHT CLOTHING,No,SUSPECTED SERIOUS INJURY,NONE,39.16304833,-77.22577167,"(39.16304833, -77.22577167)"
EJ78530024,17007184,Gaithersburg Police Depar,Injury Crash,02/12/2017 06:30:00 AM,,,,,"408 N. FREDERICK AVE. GAITHERSBURG, MARYLAND 20877",,PEDESTRIAN,OTHER,N/A,,N/A,NO CONTROLS,N/A,NONE DETECTED,666DEC13-F939-4F91-B1C1-7F1C5B0701F3,PEDESTRIAN,Standing,OTHER,OTHER,NO PED. SIGNAL,OTHER,No,POSSIBLE INJURY,NONE,39.139945,-77.19556833,"(39.139945, -77.19556833)"
MCP1580006G,16057394,Montgomery County Police,Injury Crash,11/07/2016 11:16:00 AM,County,SNOUFFERS SCHOOL RD,Maryland (State),WOODFIELD RD,,N/A,PEDESTRIAN,SINGLE VEHICLE,CLEAR,DRY,DAYLIGHT,NO CONTROLS,NONE DETECTED,ALCOHOL PRESENT,386103CF-67FE-4ABA-BF12-9970B2AA9C60,PEDESTRIAN,Cross/Enter not at Intersection,DART DASH,ON ROADWAY NOT AT CROSSWALK,N/A,MIXED CLOTHING,Yes,SUSPECTED SERIOUS INJURY,N/A,39.16039667,-77.16304,"(39.16039667, -77.16304)"
MCP00360063,170500518,Montgomery County Police,Injury Crash,04/05/2017 02:00:00 PM,,,,,PARKING LOT OF WALMART 20910 FREDERICK RD,,PEDESTRIAN,SINGLE VEHICLE,CLEAR,,DAYLIGHT,N/A,NONE DETECTED,UNKNOWN,0F33D870-5BEC-41C9-A752-CF346BE7B655,PEDESTRIAN,Other,OTHER,OTHER,NO PED. SIGNAL,MIXED CLOTHING,Yes,POSSIBLE INJURY,N/A,39.19848077,-77.25158662,"(39.19848077, -77.25158662)"
MCP22980098,16041928,Montgomery County Police,Injury Crash,08/18/2016 01:00:00 PM,County,SHAKESPEARE BLVD,Maryland (State),FREDERICK RD,,N/A,BICYCLIST,OTHER,CLEAR,DRY,N/A,TRAFFIC SIGNAL,NONE DETECTED,N/A,08281D21-C5D4-407C-BA37-460388DBC3FA,BICYCLIST,Cross/Enter at Intersection,NO IMPROPER ACTIONS,ON ROADWAY AT CROSSWALK,OBEYED PED. SIGNAL,MIXED CLOTHING,No,POSSIBLE INJURY,MC/BIKE HELMET,39.19834669,-77.24505812,"(39.19834669, -77.24505812)"
MCP2563000S,180042134,Montgomery County Police,Fatal Crash,08/24/2018 04:05:00 AM,Maryland (State),GEORGIA AVE,County,REEDIE DR,,N/A,PEDESTRIAN,SINGLE VEHICLE,CLEAR,DRY,DARK LIGHTS ON,NO CONTROLS,NONE DETECTED,UNKNOWN,5573539D-F220-48D3-B518-F685AE9FECFE,PEDESTRIAN,Cross/Enter not at Intersection,DART DASH,ON ROADWAY NOT AT CROSSWALK,NO PED. SIGNAL,DARK CLOTHING,Unknown,FATAL INJURY,NONE,39.03912635,-77.05113669,"(39.03912635, -77.05113669)"
MCP2966002M,16060779,Montgomery County Police,Injury Crash,11/26/2016 07:11:00 PM,County,ASPEN HILL RD,Maryland (State),CONNECTICUT AVE,,N/A,PEDESTRIAN,OTHER,CLEAR,DRY,DARK LIGHTS ON,NO CONTROLS,NONE DETECTED,NONE DETECTED,653C17ED-D8A4-404E-846C-9FCFDC0FA949,PEDESTRIAN,Cross/Enter at Intersection,NO IMPROPER ACTIONS,ON ROADWAY AT CROSSWALK,NO PED. SIGNAL,MIXED CLOTHING,No,SUSPECTED SERIOUS INJURY,NONE,39.08068167,-77.07763167,"(39.08068167, -77.07763167)"
HA22900002,16000332,Maryland-National Capital,Injury Crash,03/24/2016 09:02:00 AM,County,KENSINGTON PKWY,Government,BEACH DR,,N/A,BICYCLIST,STRAIGHT MOVEMENT ANGLE,CLEAR,DRY,DAYLIGHT,STOP SIGN,NONE DETECTED,NONE DETECTED,3E29C04B-E2BC-41A8-B4A0-272E98D9EF62,BICYCLIST,Cross/Enter at Intersection,FAILURE TO YIELD RIGHT OF WAY,AT INTERSECTION MARKED CROSSWALK,DISOBEYED PED. SIGNAL,MIXED CLOTHING,Yes,SUSPECTED MINOR INJURY,MC/BIKE HELMET,39.010214,-77.07392246,"(39.010214, -77.07392246)"
DD5614000N,16024847,Rockville Police Departme,Injury Crash,05/19/2016 11:16:00 AM,Maryland (State),E JEFFERSON ST,Municipality,MONROE ST,,ROCKVILLE,PEDESTRIAN,SAME DIRECTION SIDESWIPE,CLOUDY,DRY,DAYLIGHT,TRAFFIC SIGNAL,NONE DETECTED,NONE DETECTED,B2AEEA5B-821B-4F9A-B201-14433270D67F,PEDESTRIAN,Cross/Enter at Intersection,NO IMPROPER ACTIONS,AT INTERSECTION MARKED CROSSWALK,OBEYED PED. SIGNAL,MIXED CLOTHING,No,SUSPECTED MINOR INJURY,NONE,39.08122167,-77.14769,"(39.08122167, -77.14769)"
MCP2654000L,15001472,Montgomery County Police,Injury Crash,01/09/2015 09:23:00 PM,,,,,Parking Lot of 525 Thayer Ave,,PEDESTRIAN,SINGLE VEHICLE,CLEAR,,DARK NO LIGHTS,NO CONTROLS,NONE DETECTED,NONE DETECTED,D607FAFE-C599-4FEC-8448-4F68086C55DF,PEDESTRIAN,Cross/Enter not at Intersection,NOT VISIBLE,OTHER,NO PED. SIGNAL,DARK CLOTHING,,POSSIBLE INJURY,NONE,38.99605167,-77.02778,"(38.99605167, -77.02778)"
MCP3086000W,170548544,Montgomery County Police,Injury Crash,12/14/2017 12:45:00 PM,County,WIGHTMAN RD,County,GOSHEN RD,,N/A,PEDESTRIAN,N/A,CLEAR,DRY,DAYLIGHT,NO CONTROLS,NONE DETECTED,NONE DETECTED,69227D70-DF2A-497B-95F8-01B393535E63,PEDESTRIAN,Cross/Enter at Intersection,NO IMPROPER ACTIONS,ON ROADWAY AT CROSSWALK,OBEYED PED. SIGNAL,DARK CLOTHING,No,SUSPECTED MINOR INJURY,NONE,39.18797267,-77.18702867,"(39.18797267, -77.18702867)"
MCP15800047,15046473,MONTGOMERY,Injury Crash,09/14/2015 11:34:00 AM,,,,,115 S FREDERICK AVE.   ST. MARTINS CATHOLIC CHURCH PARKING  LOT,,PEDESTRIAN,OTHER,CLEAR,,DAYLIGHT,NO CONTROLS,NONE DETECTED,NONE DETECTED,A7975367-F0D8-4D47-892F-EEC42EBC84B7,PEDESTRIAN,Standing,OTHER,OTHER,N/A,MIXED CLOTHING,Unknown,POSSIBLE INJURY,NONE,39.13950667,-77.19561167,"(39.13950667, -77.19561167)"
MCP28820027,180010216,Montgomery County Police,Injury Crash,02/27/2018 03:30:00 PM,,WONDERLAND WAY,,CHALET DRIVE,,N/A,OTHER,SINGLE VEHICLE,CLEAR,DRY,DAYLIGHT,NO CONTROLS,NONE DETECTED,N/A,6F0BCEBC-AD0F-4FFE-8D06-5F295ED47110,OTHER,Cross/Enter at Intersection,INATTENTIVE,ON ROADWAY NOT AT CROSSWALK,NO PED. SIGNAL,DARK CLOTHING,Yes,SUSPECTED MINOR INJURY,NONE,39.1552345,-77.27295712,"(39.1552345, -77.27295712)"
MCP3143000H,180050750,Montgomery County Police,Injury Crash,10/10/2018 04:51:00 PM,Maryland (State),ROCKVILLE PIKE,Government,WILSON DR,,N/A,BICYCLIST,STRAIGHT MOVEMENT ANGLE,CLEAR,N/A,DAYLIGHT,TRAFFIC SIGNAL,NONE DETECTED,NONE DETECTED,2D98DA36-0581-49C7-A9F6-78BFD6B0CD35,BICYCLIST,Walking/Cycling on Sidewalk,NO IMPROPER ACTIONS,AT INTERSECTION MARKED CROSSWALK,OBEYED PED. SIGNAL,LIGHT CLOTHING,No,SUSPECTED MINOR INJURY,MC/BIKE HELMET,39.002625,-77.097675,"(39.002625, -77.097675)"
MCP1389001K,180015217,Montgomery County Police,Injury Crash,03/28/2018 07:55:00 PM,,,,,PARKING LOT OF 7200 MUNCASTER MILL RD (MCDONALD'S),,PEDESTRIAN,SINGLE VEHICLE,RAINING,,DARK LIGHTS ON,N/A,N/A,NONE DETECTED,67BA1FEC-CE1F-48A8-9BA8-70738C361A44,PEDESTRIAN,Other Working,NO IMPROPER ACTIONS,OTHER,N/A,OTHER,No,SUSPECTED MINOR INJURY,N/A,39.14563667,-77.14467333,"(39.14563667, -77.14467333)"