Report Number,Local Case Number,Agency Name,ACRS Report Type,Crash Date/Time,Route Type,Road Name,Cross-Street Type,Cross-Street Name,Off-Road Description,Municipality,Related Non-Motorist,Collision Type,Weather,Surface Condition,Light,Traffic Control,Driver Substance Abuse,Non-Motorist Substance Abuse,Person ID,Pedestrian Type,Pedestrian Movement,Pedestrian Actions,Pedestrian Location,Pedestrian Obeyed Traffic Signal,Pedestrian Visibility,At Fault,Injury Severity,Safety Equipment,Latitude,Longitude,Location
MCP2687001M,16033547,Montgomery County Police,Injury Crash,07/02/2016 04:33:00 PM,Maryland (State),WILSON LA,County,CORDELL AVE,,N/A,PEDESTRIAN,OTHER,N/A,DRY,DAYLIGHT,NO CONTROLS,NONE DETECTED,NONE DETECTED,DA1C00DD-B9D8-4E50-990C-605EB5B98465,PEDESTRIAN,Cross/Enter not at Intersection,IN ROADWAY IMPROPERLY,ON ROADWAY NOT AT CROSSWALK,NO PED. SIGNAL,MIXED CLOTHING,Yes,POSSIBLE INJURY,NONE,38.98731781,-77.0994705,"(38.98731781, -77.0994705)"
MCP26890033,170505880,Montgomery County Police,Injury Crash,05/04/2017 01:24:00 PM,County,E JEFFERSON ST,Unknown,ENT TO FEDERAL PLAZA SC,,N/A,OTHER CONVEYANCE,STRAIGHT MOVEMENT ANGLE,CLEAR,DRY,DAYLIGHT,NO CONTROLS,NONE DETECTED,NONE DETECTED,11CF6C28-F81E-4FA7-A012-C07343FB7F16,OTHER CONVEYANCE,Cross/Enter at Intersection,NO IMPROPER ACTIONS,OTHER,NO PED. SIGNAL,LIGHT CLOTHING,No,POSSIBLE INJURY,NONE,39.05785451,-77.12624967,"(39.05785451, -77.12624967)"
MCP2973000Y,15062871,MONTGOMERY,Injury Crash,12/09/2015 02:20:00 PM,County,ASPEN HILL RD,Maryland (State),CONNECTICUT AVE,,N/A,PEDESTRIAN,OTHER,CLOUDY,DRY,DAYLIGHT,OTHER,NONE DETECTED,NONE DETECTED,84E722CA-5700-4216-87B0-7C9714E1C7C5,PEDESTRIAN,Cross/Enter at Intersection,NO IMPROPER ACTIONS,ON ROADWAY AT CROSSWALK,OBEYED PED. SIGNAL,MIXED CLOTHING,No,POSSIBLE INJURY,NONE,39.08028854,-77.07865119,"(39.08028854, -77.07865119)"
MCP2348002M,170511431,Montgomery County Police,Injury Crash,06/02/2017 08:22:00 PM,County,AMHERST AVE,County,BLUERIDGE AVE,,N/A,PEDESTRIAN,SINGLE VEHICLE,CLEAR,DRY,DAYLIGHT,N/A,NONE DETECTED,NONE DETECTED,EA8A3B91-14E3-4C48-B9B9-ED068A02844E,PEDESTRIAN,Cross/Enter at Intersection,NO IMPROPER ACTIONS,ON ROADWAY AT CROSSWALK,NO PED. SIGNAL,MIXED CLOTHING,No,SUSPECTED MINOR INJURY,N/A,39.04333616,-77.0478715,"(39.04333616, -77.0478715)"
MCP1235001Q,190001836,Montgomery County Police,Injury Crash,01/11/2019 06:59:00 PM,County,LOCKWOOD DR,County,OAK LEAF DR,,N/A,PEDESTRIAN,OTHER,CLEAR,DRY,DARK LIGHTS ON,NO CONTROLS,NONE DETECTED,NONE DETECTED,775AA4C0-A555-4310-9074-0B4E909B517E,PEDESTRIAN,Cross/Enter at Intersection,NO IMPROPER ACTIONS,ON ROADWAY AT CROSSWALK,NO PED. SIGNAL,LIGHT CLOTHING,No,SUSPECTED MINOR INJURY,N/A,39.021135,-77.00824833,"(39.021135, -77.00824833)"
MCP2997000T,170516335,Montgomery County Police,Injury Crash,06/28/2017 10:24:00 PM,County,MACDUFF AVE,Unknown,GALLAGHER WAY,,N/A,PEDESTRIAN,SAME DIRECTION LEFT TURN,CLEAR,DRY,DARK LIGHTS ON,NO CONTROLS,NONE DETECTED,ALCOHOL PRESENT,286F205A-D57F-49EE-8D29-9BC8BA4337B5,PEDESTRIAN,Cross/Enter at Intersection,NO IMPROPER ACTIONS,AT INTERSECTION BUT NO CROSSWALK,NO PED. SIGNAL,DARK CLOTHING,No,POSSIBLE INJURY,NONE,39.14389404,-77.08900586,"(39.14389404, -77.08900586)"
MCP2677000H,16004316,Montgomery County Police,Injury Crash,01/26/2016 11:40:00 PM,County,DAIRYMAID DR,County,METZ DR,,N/A,PEDESTRIAN,OTHER,SNOW,SLUSH,DARK LIGHTS ON,N/A,NONE DETECTED,NONE DETECTED,D7BF4AAF-74BF-44D3-9FB3-3D451E61766C,PEDESTRIAN,Other,IN ROADWAY IMPROPERLY,ON ROADWAY NOT AT CROSSWALK,NO PED. SIGNAL,MIXED CLOTHING,Yes,POSSIBLE INJURY,N/A,39.15559743,-77.27240324,"(39.15559743, -77.27240324)"
MCP2351001G,170534931,Montgomery County Police,Injury Crash,10/05/2017 02:38:00 PM,County,PARKLAWN DR,County,RANDOLPH RD,,N/A,PEDESTRIAN,OTHER,CLEAR,DRY,DAYLIGHT,TRAFFIC SIGNAL,NONE DETECTED,NONE DETECTED,07E5E1EA-91CC-4558-AC07-EFDB787CFB45,PEDESTRIAN,Cross/Enter at Intersection,UNKNOWN,AT INTERSECTION MARKED CROSSWALK,UNKNOWN,MIXED CLOTHING,Unknown,POSSIBLE INJURY,N/A,39.06397,-77.117405,"(39.06397, -77.117405)"
EJ7848000N,16009979,Gaithersburg Police Depar,Injury Crash,02/28/2016 09:00:00 PM,Municipality,OLDE TOWNE AVE,Unknown,ENT TO PARKING,,N/A,PEDESTRIAN,OTHER,CLEAR,DRY,DARK LIGHTS ON,NO CONTROLS,UNKNOWN,ALCOHOL PRESENT,9B495FB7-D12E-4B88-B43A-20B684719456,PEDESTRIAN,Cross/Enter not at Intersection,UNKNOWN,OTHER,NO PED. SIGNAL,UNKNOWN,Unknown,SUSPECTED MINOR INJURY,N/A,39.13994833,-77.19564667,"(39.13994833, -77.19564667)"
MCP2891002P,16042267,Montgomery County Police,Injury Crash,08/21/2016 10:00:00 AM,County,WAYNE AVE,Government,SLIGO CREEK PKWY,,N/A,BICYCLIST,SINGLE VEHICLE,CLEAR,DRY,DAYLIGHT,TRAFFIC SIGNAL,NONE DETECTED,NONE DETECTED,36265B6F-ABC4-4A54-A108-701E5E11B17C,BICYCLIST,Cross/Enter at Intersection,NO IMPROPER ACTIONS,ON ROADWAY AT CROSSWALK,OBEYED PED. SIGNAL,LIGHT CLOTHING,No,SUSPECTED MINOR INJURY,MC/BIKE HELMET,38.99967254,-77.01058879,"(38.99967254, -77.01058879)"
MCP2870000Y,15039510,MONTGOMERY,Injury Crash,08/08/2015 07:24:00 PM,US (State),COLESVILLE RD,Government,SLIGO CREEK PKWY,,N/A,BICYCLIST,STRAIGHT MOVEMENT ANGLE,CLEAR,DRY,DAYLIGHT,TRAFFIC SIGNAL,NONE DETECTED,NONE DETECTED,4AFC97AE-4D8A-4311-AA2D-F5BFF5BCBED8,BICYCLIST,Cross/Enter at Intersection,NO IMPROPER ACTIONS,AT INTERSECTION MARKED CROSSWALK,OBEYED PED. SIGNAL,LIGHT CLOTHING,No,SUSPECTED MINOR INJURY,MC/BIKE HELMET,39.00747333,-77.02022167,"(39.00747333, -77.02022167)"
MCP28000020,15025750,Montgomery County Police,Injury Crash,05/28/2015 03:50:00 PM,Maryland (State),WISCONSIN AVE,County,WOODMONT AVE,,N/A,PEDESTRIAN,OTHER,CLEAR,DRY,DAYLIGHT,NO CONTROLS,NONE DETECTED,NONE DETECTED,710A7903-BD07-482C-B563-197802D1FB65,PEDESTRIAN,Cross/Enter not at Intersection,IMPROPER PASSING,ON ROADWAY NOT AT CROSSWALK,OTHER,MIXED CLOTHING,,SUSPECTED MINOR INJURY,N/A,38.98217167,-77.093205,"(38.98217167, -77.093205)"
MCP2857001Y,170526713,Montgomery County Police,Injury Crash,08/24/2017 11:28:00 PM,Maryland (State),WOODFIELD RD,Maryland (State),MUNCASTER MILL RD,,N/A,PEDESTRIAN,SINGLE VEHICLE,RAINING,WET,DARK LIGHTS ON,TRAFFIC SIGNAL,NONE DETECTED,NONE DETECTED,4A333358-6408-4862-9967-B9D8FA615193,PEDESTRIAN,Cross/Enter at Intersection,IN ROADWAY IMPROPERLY,ON ROADWAY AT CROSSWALK,DISOBEYED PED. SIGNAL,DARK CLOTHING,Yes,SUSPECTED MINOR INJURY,NONE,39.15921167,-77.16006333,"(39.15921167, -77.16006333)"
MCP2384000S,15007500,Montgomery County Police,Injury Crash,02/17/2015 06:14:00 PM,,,,,PARKING LOT OF 5269 RIVER ROAD,,PEDESTRIAN,OTHER,SNOW,,DARK LIGHTS ON,NO CONTROLS,NONE DETECTED,NONE DETECTED,B555A1EE-8F1B-4331-B233-853A93A1A60C,PEDESTRIAN,Other,NO IMPROPER ACTIONS,OTHER,N/A,MIXED CLOTHING,,SUSPECTED MINOR INJURY,N/A,38.96602167,-77.10498833,"(38.96602167, -77.10498833)"
MCP3012000S,16016902,Montgomery County Police,Injury Crash,04/07/2016 07:42:00 AM,,,,,ASPEN HILL SHOPPING CENTER PARKING LOT,,PEDESTRIAN,N/A,RAINING,,DAYLIGHT,NO CONTROLS,NONE DETECTED,NONE DETECTED,EB0FE60D-7D1D-481E-B9D6-F74CC581B516,PEDESTRIAN,Walking/Cycling on Sidewalk,NO IMPROPER ACTIONS,ON ROADWAY AT CROSSWALK,NO PED. SIGNAL,OTHER,No,SUSPECTED MINOR INJURY,NONE,39.07721738,-77.0799011,"(39.07721738, -77.0799011)"
MCP242500BB,170535583,Montgomery County Police,Injury Crash,10/09/2017 07:56:00 AM,County,SCHINDLER DR,County,LA GRANDE RD,,N/A,PEDESTRIAN,SINGLE VEHICLE,N/A,WET,DAYLIGHT,NO CONTROLS,NONE DETECTED,NONE DETECTED,F5066003-F927-4F2F-B5D2-70E7AF21653D,PEDESTRIAN,Cross/Enter not at Intersection,DART DASH,ON ROADWAY NOT AT CROSSWALK,NO PED. SIGNAL,DARK CLOTHING,Yes,POSSIBLE INJURY,UNKNOWN,39.02773833,-76.99080667,"(39.02773833, -76.99080667)"
MCP28130016,15031257,Montgomery County Police,Injury Crash,06/26/2015 03:10:00 PM,,,,,DRIVEWAY OF 10820 GEORGIA AVE,,BICYCLIST,SINGLE VEHICLE,CLEAR,,DAYLIGHT,NO CONTROLS,N/A,N/A,DC2D21EB-E9D6-4D88-8630-6386EC4B7705,BICYCLIST,Walking/Riding against Traffic,WRONG WAY RIDING OR WALKING,SHOULDER,NO PED. SIGNAL,LIGHT CLOTHING,,POSSIBLE INJURY,N/A,39.03275667,-77.04888667,"(39.03275667, -77.04888667)"
DD5604002N,190006963,Rockville Police Departme,Injury Crash,02/13/2019 08:02:00 AM,Municipality,CRABB AVE,Municipality,N HORNERS LA,,ROCKVILLE,PEDESTRIAN,OTHER,CLEAR,WET,DAYLIGHT,STOP SIGN,NONE DETECTED,NONE DETECTED,BD842445-17FE-4816-BDCF-D99B4C6B60CE,PEDESTRIAN,Cross/Enter at Intersection,NO IMPROPER ACTIONS,ON ROADWAY AT CROSSWALK,NO PED. SIGNAL,DARK CLOTHING,No,SUSPECTED MINOR INJURY,NONE,39.088625,-77.14336333,"(39.088625, -77.14336333)"
MCP2969001M,16008349,Montgomery County Police,Injury Crash,02/19/2016 01:50:00 PM,Maryland (State),UNIVERSITY BLVD W,Maryland (State),VEIRS MILL RD,,N/A,PEDESTRIAN,STRAIGHT MOVEMENT ANGLE,CLEAR,DRY,DAYLIGHT,NO CONTROLS,NONE DETECTED,NONE DETECTED,D4177A07-3D58-4297-B761-DF11617ED777,PEDESTRIAN,Cross/Enter not at Intersection,FAILURE TO YIELD RIGHT OF WAY,ON ROADWAY NOT AT CROSSWALK,NO PED. SIGNAL,MIXED CLOTHING,Yes,SUSPECTED MINOR INJURY,NONE,39.03987167,-77.05632667,"(39.03987167, -77.05632667)"
MCP23530053,180011153,Montgomery County Police,Injury Crash,03/05/2018 08:12:00 AM,County,NEWPORT MILL RD,Maryland (State),UNIVERSITY BLVD W,,N/A,PEDESTRIAN,SINGLE VEHICLE,CLEAR,DRY,DAYLIGHT,PERSON,NONE DETECTED,NONE DETECTED,A1321944-CFBF-4285-8BEC-63AC04DD3CCB,PEDESTRIAN,Cross/Enter at Intersection,NO IMPROPER ACTIONS,ON ROADWAY AT CROSSWALK,OBEYED PED. SIGNAL,DARK CLOTHING,No,POSSIBLE INJURY,NONE,39.03391951,-77.07243919,"(39.03391951, -77.07243919)"
MCP93650014,180045668,Montgomery County Police,Injury Crash,09/13/2018 07:19:00 AM,County,GREENCASTLE RD,County,OLD COLUMBIA PIKE,,N/A,PEDESTRIAN,SINGLE VEHICLE,CLEAR,DRY,DAYLIGHT,TRAFFIC SIGNAL,NONE DETECTED,NONE DETECTED,B0B561EE-1E9F-47EA-AD43-4C04C04A4D2F,PEDESTRIAN,Cross/Enter at Intersection,NO IMPROPER ACTIONS,ON ROADWAY AT CROSSWALK,OBEYED PED. SIGNAL,LIGHT CLOTHING,No,SUSPECTED MINOR INJURY,NONE,39.09837054,-76.94428749,"(39.09837054, -76.94428749)"
MCP2564000D,15028672,Montgomery County Police,Property Damage Crash,06/12/2015 06:19:00 PM,County,MONTGOMERY VILLAGE AVE,County,CLUB HOUSE RD,,N/A,BICYCLIST,STRAIGHT MOVEMENT ANGLE,CLOUDY,DRY,DAYLIGHT,TRAFFIC SIGNAL,NONE DETECTED,UNKNOWN,3E57E7F7-43F6-4A85-ADA9-E413319AC081,BICYCLIST,Cross/Enter at Intersection,DART DASH,AT INTERSECTION MARKED CROSSWALK,UNKNOWN,UNKNOWN,,NO APPARENT INJURY,UNKNOWN,39.17453008,-77.2037065,"(39.17453008, -77.2037065)"
MCP23940023,16007106,Montgomery County Police,Injury Crash,02/11/2016 03:07:00 PM,Municipality,EDMONSTON DR,Maryland (State),VEIRS MILL RD,,N/A,PEDESTRIAN,OTHER,CLEAR,DRY,DAYLIGHT,TRAFFIC SIGNAL,NONE DETECTED,NONE DETECTED,CAE9D29F-EA8D-49AA-9653-76EC852868F2,PEDESTRIAN,Cross/Enter not at Intersection,FAILURE TO YIELD RIGHT OF WAY,ON ROADWAY NOT AT CROSSWALK,NO PED. SIGNAL,MIXED CLOTHING,Yes,SUSPECTED MINOR INJURY,NONE,39.053355,-77.12371333,"(39.053355, -77.12371333)"
MCP2182000D,15061921,MONTGOMERY,Injury Crash,12/03/2015 07:30:00 AM,,,,,"Rear parking lot of Sherwood High School
300 Olney Sandy Spring Rd. Olney, MD 20860",,PEDESTRIAN,SINGLE VEHICLE,CLEAR,,DAYLIGHT,N/A,NONE DETECTED,NONE DETECTED,0F5F17EB-81A4-476A-9B08-845FB9C85A73,PEDESTRIAN,Playing,OTHER,CURB,NO PED. SIGNAL,LIGHT CLOTHING,No,SUSPECTED MINOR INJURY,N/A,39.04169,-77.05867833,"(39.04169, -77.05867833)"
MCP1334007D,190003328,Montgomery County Police,Injury Crash,01/22/2019 08:50:00 AM,County,CONTOUR RD,County,HORIZON RUN RD,,N/A,PEDESTRIAN,SINGLE VEHICLE,CLEAR,DRY,DAYLIGHT,NO CONTROLS,NONE DETECTED,NONE DETECTED,A65C97FD-C685-46BE-9350-2E50CFBB59A8,PEDESTRIAN,Cross/Enter not at Intersection,DART DASH,ON ROADWAY NOT AT CROSSWALK,NO PED. SIGNAL,MIXED CLOTHING,Yes,SUSPECTED MINOR INJURY,NONE,39.155385,-77.19765667,"(39.155385, -77.19765667)"
MCP9321001J,170522720,Montgomery County Police,Injury Crash,08/03/2017 11:09:00 AM,County,RANDOLPH RD,Other Public Roadway,GLENMONT CIR #1,,N/A,PEDESTRIAN,SINGLE VEHICLE,CLEAR,DRY,DAYLIGHT,TRAFFIC SIGNAL,NONE DETECTED,NONE DETECTED,74A8726B-ABD9-4831-8419-6C363D99780F,PEDESTRIAN,Cross/Enter at Intersection,NO IMPROPER ACTIONS,ON ROADWAY AT CROSSWALK,OBEYED PED. SIGNAL,LIGHT CLOTHING,No,SUSPECTED SERIOUS INJURY,N/A,39.05913833,-77.047445,"(39.05913833, -77.047445)"
MCP3078002K,180061458,Montgomery County Police,Injury Crash,12/08/2018 09:35:00 PM,Maryland (State),GEORGIA AVE,Maryland (State),CONNECTICUT AVE,,N/A,PEDESTRIAN,SINGLE VEHICLE,CLEAR,DRY,DARK LIGHTS ON,TRAFFIC SIGNAL,NONE DETECTED,NONE DETECTED,D6B33432-EC18-4174-B174-97DAD4F10B26,PEDESTRIAN,Cross/Enter at Intersection,NO IMPROPER ACTIONS,ON ROADWAY AT CROSSWALK,OBEYED PED. SIGNAL,MIXED CLOTHING,No,SUSPECTED MINOR INJURY,N/A,39.08388,-77.077535,"(39.08388, -77.077535)"
DD56050026,16009465,Rockville Police Departme,Injury Crash,02/25/2016 06:26:00 PM,Maryland (State),HUNGERFORD DR,Municipality,N WASHINGTON ST,,ROCKVILLE,PEDESTRIAN,OTHER,CLEAR,DRY,DARK LIGHTS ON,NO CONTROLS,NONE DETECTED,NONE DETECTED,D734021A-D952-46C1-9756-00335B9B2515,PEDESTRIAN,Cross/Enter at Intersection,NO IMPROPER ACTIONS,SIDEWALK,NO PED. SIGNAL,DARK CLOTHING,No,SUSPECTED MINOR INJURY,NONE,39.08986,-77.15252333,"(39.08986, -77.15252333)"
MCP271700MF,190004985,Montgomery County Police,Injury Crash,01/31/2019 07:30:00 PM,,,,,5301 TUCKERMAN LANE (PARKING LOT OF STRATHMORE CONCERT HALL),,PEDESTRIAN,OTHER,N/A,,DARK LIGHTS ON,NO CONTROLS,NONE DETECTED,NONE DETECTED,AC2F2222-F347-4259-BBAC-D79C34C091CD,PEDESTRIAN,Standing,NO IMPROPER ACTIONS,OTHER,N/A,N/A,No,SUSPECTED MINOR INJURY,NONE,39.03139367,-77.10239017,"(39.03139367, -77.10239017)"
DD56040018,16008027,Rockville Police Departme,Injury Crash,02/17/2016 06:35:00 PM,Municipality,VEIRS MILL SERV RD,Municipality,BROADWOOD DR,,ROCKVILLE,PEDESTRIAN,OTHER,CLEAR,DRY,DARK LIGHTS ON,TRAFFIC SIGNAL,NONE DETECTED,NONE DETECTED,BA0ACA24-C608-48CE-8035-6235ECA26CFE,PEDESTRIAN,Cross/Enter not at Intersection,IN ROADWAY IMPROPERLY,ON ROADWAY NOT AT CROSSWALK,UNKNOWN,DARK CLOTHING,Yes,SUSPECTED MINOR INJURY,NONE,39.07730667,-77.12410667,"(39.07730667, -77.12410667)"
MCP22860015,16031224,Montgomery County Police,Injury Crash,06/20/2016 07:06:00 PM,,,,,"16501 SHADY GROVE RD, ROCKVILLE, MD 20850, US POST OFFICE",,PEDESTRIAN,OTHER,N/A,,DAYLIGHT,OTHER,NONE DETECTED,NONE DETECTED,1A5F2681-DEF2-4023-B3E7-715590856EF0,PEDESTRIAN,Cross/Enter not at Intersection,NO IMPROPER ACTIONS,OTHER,NO PED. SIGNAL,LIGHT CLOTHING,No,POSSIBLE INJURY,N/A,39.12679833,-77.17284833,"(39.12679833, -77.17284833)"
DD5595004X,170537601,Rockville Police Departme,Injury Crash,10/19/2017 03:50:00 PM,Municipality,PARK RD,Municipality,N STONESTREET AVE,,ROCKVILLE,PEDESTRIAN,SINGLE VEHICLE,CLEAR,DRY,DAYLIGHT,TRAFFIC SIGNAL,NONE DETECTED,NONE DETECTED,988116AC-0564-4599-A3B4-ED4415B11667,PEDESTRIAN,Cross/Enter at Intersection,DART DASH,AT INTERSECTION BUT NO CROSSWALK,DISOBEYED PED. SIGNAL,LIGHT CLOTHING,Yes,SUSPECTED MINOR INJURY,N/A,39.0851545,-77.146674,"(39.0851545, -77.146674)"
DD5630001D,190022958,Rockville Police Departme,Injury Crash,05/15/2019 04:35:00 PM,County,HALPINE RD,County,PIER DR,,N/A,PEDESTRIAN,OTHER,CLEAR,DRY,DAYLIGHT,NO CONTROLS,NONE DETECTED,NONE DETECTED,7B495280-DE72-491A-A09A-9C81AA2C05D2,PEDESTRIAN,Cross/Enter at Intersection,NO IMPROPER ACTIONS,AT INTERSECTION BUT NO CROSSWALK,NO PED. SIGNAL,MIXED CLOTHING,No,SUSPECTED MINOR INJURY,NONE,39.0663,-77.11594833,"(39.0663, -77.11594833)"
MCP2654000V,15057183,MONTGOMERY,Injury Crash,11/21/2015 06:22:00 PM,County,SILVER SPRING AVE,County,FENTON ST,,N/A,PEDESTRIAN,SINGLE VEHICLE,RAINING,WET,DARK LIGHTS ON,TRAFFIC SIGNAL,UNKNOWN,NONE DETECTED,5418369F-8951-446F-BE21-1B3AEA94CDB8,PEDESTRIAN,Cross/Enter at Intersection,NO IMPROPER ACTIONS,ON ROADWAY AT CROSSWALK,OBEYED PED. SIGNAL,MIXED CLOTHING,No,SUSPECTED MINOR INJURY,NONE,38.99169584,-77.02401996,"(38.99169584, -77.02401996)"
MCP2087000D,16054878,Montgomery County Police,Injury Crash,10/25/2016 11:11:00 AM,County,RANDOLPH RD,County,BUSHEY DR,,N/A,PEDESTRIAN,SINGLE VEHICLE,CLEAR,DRY,DAYLIGHT,NO CONTROLS,NONE DETECTED,NONE DETECTED,DBB10406-E1A0-4687-A577-6C6A3FE9C8D6,PEDESTRIAN,Cross/Enter at Intersection,NO IMPROPER ACTIONS,AT INTERSECTION MARKED CROSSWALK,NO PED. SIGNAL,MIXED CLOTHING,No,SUSPECTED MINOR INJURY,N/A,39.05741713,-77.07781434,"(39.05741713, -77.07781434)"
MCP2436006F,180056096,Montgomery County Police,Injury Crash,11/08/2018 12:30:00 PM,,,,,"REAR PARKING LOT OF 2 UNIVERSITY BLVD W, SILVER SPRING, MD 20903",,PEDESTRIAN,SINGLE VEHICLE,CLEAR,,DAYLIGHT,N/A,NONE DETECTED,NONE DETECTED,CA956A20-A196-4722-BF00-FA9E53440606,PEDESTRIAN,Standing,N/A,OTHER,N/A,LIGHT CLOTHING,No,POSSIBLE INJURY,N/A,39.01997033,-77.01366017,"(39.01997033, -77.01366017)"
MCP2912000P,15010313,Montgomery County Police,Injury Crash,03/05/2015 10:41:00 AM,,,,,parking garage @ 5454 The Hills plz,,PEDESTRIAN,N/A,SNOW,,DAYLIGHT,NO CONTROLS,NONE DETECTED,NONE DETECTED,9AF7ED17-3A87-4F41-A456-5CCEC472D3AD,PEDESTRIAN,Unknown,UNKNOWN,OTHER,NO PED. SIGNAL,DARK CLOTHING,,POSSIBLE INJURY,N/A,38.96288833,-77.08758,"(38.96288833, -77.08758)"
MCP2046009D,190000543,Montgomery County Police,Injury Crash,01/04/2019 07:12:00 AM,,,,,REAR PARKING LOT OF 2 UNIVERSITY BLVD E,,PEDESTRIAN,STRAIGHT MOVEMENT ANGLE,CLEAR,,DAWN,STOP SIGN,NONE DETECTED,NONE DETECTED,FD7B509F-A204-4464-A076-B5CBEF844200,PEDESTRIAN,Walking/Cycling on Sidewalk,NO IMPROPER ACTIONS,SIDEWALK,N/A,MIXED CLOTHING,No,POSSIBLE INJURY,NONE,39.02014667,-77.01345833,"(39.02014667, -77.01345833)"
MCP26930027,170539688,Montgomery County Police,Injury Crash,10/29/2017 06:25:00 PM,Maryland (State),GEORGIA AVE,County,HEWITT AVE,,N/A,PEDESTRIAN,SINGLE VEHICLE,RAINING,WET,DARK LIGHTS ON,TRAFFIC SIGNAL,NONE DETECTED,NONE DETECTED,17F66616-1EAB-4E9E-918C-BA808236038B,PEDESTRIAN,Cross/Enter at Intersection,NO IMPROPER ACTIONS,ON ROADWAY AT CROSSWALK,OBEYED PED. SIGNAL,DARK CLOTHING,No,POSSIBLE INJURY,N/A,39.07737167,-77.07084833,"(39.07737167, -77.07084833)"
MCP2866000W,15008034,Montgomery County Police,Injury Crash,02/18/2015 03:33:00 PM,,,,,"PARKING LOT OF 4968 WYACONDA ROAD, ROCKVILLE, MD",,PEDESTRIAN,OTHER,CLEAR,,DAYLIGHT,NO CONTROLS,NONE DETECTED,NONE DETECTED,60E0E977-F1BD-4412-B92C-C27CC8DABF68,PEDESTRIAN,Push/Work on Vehicle,OTHER,OTHER,N/A,DARK CLOTHING,,SUSPECTED MINOR INJURY,NONE,39.044955,-77.099185,"(39.044955, -77.099185)"
DD55950015,15014635,Rockville Police Departme,Property Damage Crash,03/30/2015 05:09:00 PM,,,,,The parking lot exit located at 1450 Rockville Pike,,"OTHER, OTHER CONVEYANCE",SINGLE VEHICLE,SEVERE WINDS,,DAYLIGHT,N/A,N/A,N/A,1B20D794-839A-4334-8524-17D1B6331D1E,OTHER CONVEYANCE,N/A,OTHER,SIDEWALK,N/A,N/A,,NO APPARENT INJURY,N/A,39.06661406,-77.12771416,"(39.06661406, -77.12771416)"
MCP2639001R,17003191,Montgomery County Police,Injury Crash,01/18/2017 10:06:00 PM,Maryland (State),GEORGIA AVE,County,PRICE AVE,,N/A,PEDESTRIAN,STRAIGHT MOVEMENT ANGLE,CLOUDY,DRY,DARK LIGHTS ON,OTHER,NONE DETECTED,ALCOHOL CONTRIBUTED,44664C05-1C5F-4610-860C-E4EFAFF9259E,PEDESTRIAN,Cross/Enter at Intersection,NOT VISIBLE,ON ROADWAY AT CROSSWALK,NO PED. SIGNAL,DARK CLOTHING,No,POSSIBLE INJURY,NONE,39.03984167,-77.05149333,"(39.03984167, -77.05149333)"
MCP2008003R,170509660,Montgomery County Police,Injury Crash,05/24/2017 05:18:00 PM,County,LONE OAK DR,Maryland (State),OLD GEORGETOWN RD,,N/A,BICYCLIST,STRAIGHT MOVEMENT ANGLE,CLOUDY,DRY,DAYLIGHT,TRAFFIC SIGNAL,NONE DETECTED,NONE DETECTED,A6849E6F-4821-41AD-912A-2820802F5CBC,BICYCLIST,Cross/Enter at Intersection,FAILURE TO OBEY TRAFFIC SIGNS SIGNALS OR OFFICER,AT INTERSECTION MARKED CROSSWALK,DISOBEYED PED. SIGNAL,LIGHT CLOTHING,Yes,SUSPECTED MINOR INJURY,NONE,39.020575,-77.12265667,"(39.020575, -77.12265667)"
MCP3011001W,170538367,Montgomery County Police,Injury Crash,10/23/2017 05:02:00 PM,Maryland (State),BRADLEY BLVD,County,RAYBURN RD,,N/A,BICYCLIST,STRAIGHT MOVEMENT ANGLE,CLEAR,N/A,DAYLIGHT,TRAFFIC SIGNAL,NONE DETECTED,NONE DETECTED,7838D842-AD2B-402D-9EEA-69FA73AFF9B1,BICYCLIST,Cross/Enter at Intersection,NO IMPROPER ACTIONS,SHOULDER,N/A,LIGHT CLOTHING,No,SUSPECTED MINOR INJURY,MC/BIKE HELMET,38.99330333,-77.12057667,"(38.99330333, -77.12057667)"
MCP3029002G,190006893,Montgomery County Police,Injury Crash,02/12/2019 05:00:00 PM,,,,,IHOP PARKING LOT,,PEDESTRIAN,N/A,RAINING,,DAYLIGHT,NO CONTROLS,N/A,NONE DETECTED,60321D68-6F98-479D-B81B-3103086FC32A,PEDESTRIAN,Other,NO IMPROPER ACTIONS,OTHER,NO PED. SIGNAL,LIGHT CLOTHING,No,POSSIBLE INJURY,NONE,39.05631223,-76.96647021,"(39.05631223, -76.96647021)"
MCP27370032,180025601,Montgomery County Police,Injury Crash,05/24/2018 09:15:00 PM,County,BRIGHTWOOD RD,County,BOWIE MILL RD,,N/A,PEDESTRIAN,SINGLE VEHICLE,CLEAR,DRY,DARK LIGHTS ON,NO CONTROLS,NONE DETECTED,NONE DETECTED,936C9D41-EB4C-4B61-93D5-9A3763353318,PEDESTRIAN,Other,DART DASH,ON ROADWAY NOT AT CROSSWALK,NO PED. SIGNAL,UNKNOWN,Yes,SUSPECTED MINOR INJURY,NONE,39.156335,-77.09096333,"(39.156335, -77.09096333)"