Report Number,Local Case Number,Agency Name,ACRS Report Type,Crash Date/Time,Route Type,Road Name,Cross-Street Type,Cross-Street Name,Off-Road Description,Municipality,Related Non-Motorist,Collision Type,Weather,Surface Condition,Light,Traffic Control,Driver Substance Abuse,Non-Motorist Substance Abuse,Person ID,Pedestrian Type,Pedestrian Movement,Pedestrian Actions,Pedestrian Location,Pedestrian Obeyed Traffic Signal,Pedestrian Visibility,At Fault,Injury Severity,Safety Equipment,Latitude,Longitude,Location
EJ7847000V,15008084,Gaithersburg Police Depar,Injury Crash,02/18/2015 09:09:00 PM,Maryland (State),FREDERICK RD,Unknown,SPUR FR MD 124,,N/A,PEDESTRIAN,OTHER,CLOUDY,WET,DARK LIGHTS ON,NO CONTROLS,N/A,ALCOHOL CONTRIBUTED,D7365F4F-19AA-4007-B7D5-EA4CD68DDC02,PEDESTRIAN,Walking/Riding w/Traffic,IN ROADWAY IMPROPERLY,ON ROADWAY NOT AT CROSSWALK,NO PED. SIGNAL,DARK CLOTHING,,SUSPECTED MINOR INJURY,NONE,39.15197167,-77.21152833,"(39.15197167, -77.21152833)"
MCP15500018,15020472,Montgomery County Police,Injury Crash,04/30/2015 07:19:00 PM,Municipality,FREDERICK PL,Municipality,FREDERICK AVE,,KENSINGTON,PEDESTRIAN,SINGLE VEHICLE,CLOUDY,N/A,DAYLIGHT,N/A,NONE DETECTED,NONE DETECTED,77710985-FE06-4BE3-B3C4-F1C8408BAB45,PEDESTRIAN,Standing,N/A,OTHER,N/A,N/A,,SUSPECTED SERIOUS INJURY,N/A,39.020775,-77.07114333,"(39.020775, -77.07114333)"
DD56100032,170522986,Rockville Police Departme,Injury Crash,08/04/2017 03:39:00 PM,Municipality,WATKINS POND BLVD,Maryland (State),FREDERICK RD,,N/A,BICYCLIST,OTHER,CLEAR,DRY,DAYLIGHT,TRAFFIC SIGNAL,N/A,N/A,A5E40AB6-98D1-4600-8763-4AD354E2AF79,BICYCLIST,Cross/Enter at Intersection,UNKNOWN,ON ROADWAY AT CROSSWALK,UNKNOWN,LIGHT CLOTHING,Unknown,POSSIBLE INJURY,NONE,39.11211,-77.161845,"(39.11211, -77.161845)"
MCP30890020,180063667,Montgomery County Police,Injury Crash,12/20/2018 08:33:00 PM,County,BROADBIRCH DR,Other Public Roadway,CALVERTON BLVD (AHEAD),,N/A,PEDESTRIAN,SINGLE VEHICLE,RAINING,WET,DARK LIGHTS ON,TRAFFIC SIGNAL,UNKNOWN,N/A,1B7528F8-1F65-4815-91F3-A832818DC315,PEDESTRIAN,Cross/Enter at Intersection,N/A,AT INTERSECTION MARKED CROSSWALK,NO PED. SIGNAL,DARK CLOTHING,No,SUSPECTED MINOR INJURY,N/A,39.05601667,-76.95441167,"(39.05601667, -76.95441167)"
MCP27120011,16032514,Montgomery County Police,Injury Crash,06/27/2016 12:49:00 PM,US (State),COLUMBIA PIKE,Unknown,END BRIDGE,,N/A,PEDESTRIAN,OTHER,CLEAR,DRY,DAYLIGHT,N/A,NONE DETECTED,NONE DETECTED,29DE9B31-84EB-4E28-B120-BEADAED637B9,PEDESTRIAN,Standing,NO IMPROPER ACTIONS,SHOULDER,N/A,REFLECTIVE MATERIAL,No,POSSIBLE INJURY,REFLECTIVE CLOTHING,39.05207833,-76.978015,"(39.05207833, -76.978015)"
EJ7839001S,16057167,Gaithersburg Police Depar,Property Damage Crash,11/05/2016 10:40:00 PM,Municipality,W DEER PARK RD,Municipality,BUTTRY RD,,GAITHERSBURG,BICYCLIST,OTHER,N/A,DRY,DARK LIGHTS ON,STOP SIGN,NONE DETECTED,NONE DETECTED,257CB38D-45F6-421A-B543-7C46D56522C0,BICYCLIST,Cross/Enter at Intersection,UNKNOWN,UNKNOWN,N/A,DARK CLOTHING,Unknown,NO APPARENT INJURY,NONE,39.13404333,-77.20415333,"(39.13404333, -77.20415333)"
MCP29760024,16050199,Montgomery County Police,Injury Crash,09/30/2016 02:15:00 AM,,,,,PARKING LOT OF 12281 TECH RD,,PEDESTRIAN,OTHER,RAINING,,DARK LIGHTS ON,N/A,ALCOHOL PRESENT,NONE DETECTED,2D29F4DB-70FE-4170-BBD7-3062B89F9124,PEDESTRIAN,Standing,NO IMPROPER ACTIONS,OTHER,N/A,MIXED CLOTHING,No,SUSPECTED MINOR INJURY,N/A,39.05669961,-76.96690366,"(39.05669961, -76.96690366)"
MCP30050009,16001307,Montgomery County Police,Injury Crash,01/08/2016 06:51:00 AM,County,FLACK ST,County,WELLER RD,,N/A,PEDESTRIAN,OTHER,CLOUDY,N/A,DAWN,NO CONTROLS,UNKNOWN,NONE DETECTED,2EC90A5A-E967-4589-84B1-4871A7AA6D2E,PEDESTRIAN,Cross/Enter at Intersection,IN ROADWAY IMPROPERLY,AT INTERSECTION BUT NO CROSSWALK,DISOBEYED PED. SIGNAL,MIXED CLOTHING,Yes,POSSIBLE INJURY,N/A,39.06619131,-77.06094325,"(39.06619131, -77.06094325)"
MCP2398001D,17016355,Montgomery County Police,Injury Crash,03/31/2017 01:13:00 PM,,,,,PARKING LOT 9136 GAITHER RD,,PEDESTRIAN,OTHER,RAINING,,DAYLIGHT,NO CONTROLS,NONE DETECTED,NONE DETECTED,FCDDF913-5814-4DF4-B36E-BC4DE3689CE7,PEDESTRIAN,Other Working,OTHER,OTHER,NO PED. SIGNAL,MIXED CLOTHING,Unknown,POSSIBLE INJURY,NONE,39.11607178,-77.18831862,"(39.11607178, -77.18831862)"
MCP29340017,15062309,MONTGOMERY,Injury Crash,12/06/2015 11:40:00 AM,County,MACARTHUR BLVD,Maryland (State),WILSON LA,,N/A,BICYCLIST,OTHER,CLEAR,DRY,DAYLIGHT,NO CONTROLS,NONE DETECTED,NONE DETECTED,BC06799B-20C3-460D-929C-A764C619F901,BICYCLIST,Walking/Riding w/Traffic,NO IMPROPER ACTIONS,SHOULDER,NO PED. SIGNAL,LIGHT CLOTHING,No,POSSIBLE INJURY,MC/BIKE HELMET,38.972745,-77.14698667,"(38.972745, -77.14698667)"
MCP2982000S,16010869,MONTGOMERY,Injury Crash,03/04/2016 06:28:00 PM,County,FENTON ST,County,WAYNE AVE,,N/A,PEDESTRIAN,SINGLE VEHICLE,CLEAR,DRY,DARK LIGHTS ON,NO CONTROLS,NONE DETECTED,NONE DETECTED,324EAB86-20DF-46F1-B04C-2E9046D98DD8,PEDESTRIAN,Cross/Enter at Intersection,NO IMPROPER ACTIONS,ON ROADWAY AT CROSSWALK,NO PED. SIGNAL,LIGHT CLOTHING,No,SUSPECTED MINOR INJURY,N/A,38.99610696,-77.02476025,"(38.99610696, -77.02476025)"
MCP1475000Q,16015424,Montgomery County Police,Injury Crash,03/29/2016 06:00:00 PM,,,,,PARKING LOT OF 9659 LOST KNIFE ROAD,,PEDESTRIAN,OTHER,CLEAR,,DAYLIGHT,N/A,NONE DETECTED,UNKNOWN,5B9D77E5-AA15-4692-8600-B4C466C77A47,PEDESTRIAN,Cross/Enter not at Intersection,IN ROADWAY IMPROPERLY,ON ROADWAY NOT AT CROSSWALK,NO PED. SIGNAL,UNKNOWN,Yes,SUSPECTED MINOR INJURY,N/A,39.153467,-77.198422,"(39.153467, -77.198422)"
MCP2675000S,15031652,Montgomery County Police,Injury Crash,06/28/2015 09:19:00 PM,County,RANDOLPH RD,County,BLUHILL RD,,N/A,BICYCLIST,HEAD ON LEFT TURN,CLEAR,DRY,DARK LIGHTS ON,NO CONTROLS,NONE DETECTED,NONE DETECTED,EC72741F-4797-441E-A6F3-8FFAA117D007,BICYCLIST,Cross/Enter not at Intersection,IN ROADWAY IMPROPERLY,ON ROADWAY NOT AT CROSSWALK,NO PED. SIGNAL,DARK CLOTHING,,SUSPECTED MINOR INJURY,NONE,39.05903667,-77.06514167,"(39.05903667, -77.06514167)"
DD55220024,15034857,ROCKVILLE,Injury Crash,07/15/2015 09:39:00 PM,Municipality,EDMONSTON DR,Municipality,VEIRS MILL SERV RD,,ROCKVILLE,BICYCLIST,STRAIGHT MOVEMENT ANGLE,CLEAR,DRY,DARK LIGHTS ON,TRAFFIC SIGNAL,ALCOHOL CONTRIBUTED,NONE DETECTED,BEB68C76-406B-4D45-A441-41F606725691,BICYCLIST,Cross/Enter at Intersection,UNKNOWN,MIDBLOCK MARKED CROSSWALK,UNKNOWN,MIXED CLOTHING,No,SUSPECTED MINOR INJURY,NONE,39.07821833,-77.13039667,"(39.07821833, -77.13039667)"
MCP137800LD,180027452,Montgomery County Police,Injury Crash,06/04/2018 01:58:00 PM,,,,,PARKING LOT OF 701 RUSSELL AVE NEXT TO SEARS AUTOMOTIVE,,PEDESTRIAN,SINGLE VEHICLE,CLOUDY,,DAYLIGHT,NO CONTROLS,NONE DETECTED,NONE DETECTED,3BCA003A-B908-46EA-8837-0B2226B10A28,PEDESTRIAN,Other,OTHER,OTHER,N/A,DARK CLOTHING,Yes,POSSIBLE INJURY,N/A,39.15233,-77.20239833,"(39.15233, -77.20239833)"
MCP30160018,170517188,Montgomery County Police,Injury Crash,07/03/2017 10:13:00 PM,Maryland (State),GREAT SENECA HWY,Maryland (State),CLOPPER RD,,N/A,PEDESTRIAN,SINGLE VEHICLE,CLEAR,DRY,DARK LIGHTS ON,TRAFFIC SIGNAL,NONE DETECTED,NONE DETECTED,C735DF1B-EBE4-4BA6-95C5-524DC7105534,PEDESTRIAN,Cross/Enter at Intersection,NO IMPROPER ACTIONS,AT INTERSECTION MARKED CROSSWALK,OBEYED PED. SIGNAL,DARK CLOTHING,No,SUSPECTED MINOR INJURY,N/A,39.15955467,-77.27509717,"(39.15955467, -77.27509717)"
MCP2639000T,15021005,Montgomery County Police,Injury Crash,05/03/2015 11:41:00 PM,Maryland (State),GEORGIA AVE,County,REEDIE DR,,N/A,PEDESTRIAN,STRAIGHT MOVEMENT ANGLE,CLEAR,DRY,DARK LIGHTS ON,NO CONTROLS,NONE DETECTED,NONE DETECTED,ACDCCFCE-699A-492C-AFC0-29E0A22F7EF3,PEDESTRIAN,Cross/Enter not at Intersection,FAILURE TO YIELD RIGHT OF WAY,ON ROADWAY NOT AT CROSSWALK,NO PED. SIGNAL,MIXED CLOTHING,,SUSPECTED SERIOUS INJURY,N/A,39.03910167,-77.05091,"(39.03910167, -77.05091)"
MCP30710013,180062823,Montgomery County Police,Property Damage Crash,12/16/2018 06:01:00 PM,,,,,IN FRONT OF 11408 BROOK RUN DR,,PEDESTRIAN,OTHER,CLEAR,,DARK LIGHTS ON,NO CONTROLS,,NONE DETECTED,309B8CEE-3CB5-4976-8A54-C72814BFAEAF,PEDESTRIAN,Other,NO IMPROPER ACTIONS,SIDEWALK,N/A,N/A,Yes,NO APPARENT INJURY,NONE,39.19364333,-77.23738333,"(39.19364333, -77.23738333)"
MCP9422001H,180025275,Montgomery County Police,Injury Crash,05/23/2018 10:30:00 AM,County,PLUM ORCHARD DR,County,CHERRY HILL RD,,N/A,PEDESTRIAN,STRAIGHT MOVEMENT ANGLE,CLEAR,DRY,DAYLIGHT,TRAFFIC SIGNAL,NONE DETECTED,NONE DETECTED,DD7C0E17-B122-4EB7-B8CE-ACB3341B9240,PEDESTRIAN,Cross/Enter at Intersection,NO IMPROPER ACTIONS,AT INTERSECTION MARKED CROSSWALK,OBEYED PED. SIGNAL,MIXED CLOTHING,No,POSSIBLE INJURY,N/A,39.052505,-76.953375,"(39.052505, -76.953375)"
MCP2966000Z,15043905,MONTGOMERY,Injury Crash,09/01/2015 10:23:00 AM,County,OLD BALTIMORE RD,Maryland (State),GEORGIA AVE,,N/A,BICYCLIST,OTHER,CLEAR,DRY,DAYLIGHT,TRAFFIC SIGNAL,NONE DETECTED,NONE DETECTED,613AB5F9-8B3B-4787-AB53-87D2FEA813F2,BICYCLIST,Cross/Enter at Intersection,N/A,ON ROADWAY AT CROSSWALK,UNKNOWN,DARK CLOTHING,No,SUSPECTED MINOR INJURY,MC/BIKE HELMET,39.13700921,-77.06881285,"(39.13700921, -77.06881285)"
MCP2395000Z,180027653,Montgomery County Police,Property Damage Crash,06/05/2018 12:00:00 AM,,,,,"UNKNOWN LOCATION, POSSIBLY IN PARKING LOT OF REFERENCED ADDRESS",,OTHER,UNKNOWN,N/A,,UNKNOWN,N/A,,N/A,DC6E55CB-3863-42B9-8E4F-FCCF88AE40A9,OTHER,N/A,N/A,N/A,N/A,N/A,No,NO APPARENT INJURY,N/A,39.18042,-77.41190667,"(39.18042, -77.41190667)"
MCP2162000Y,15015053,Montgomery County Police,Injury Crash,04/01/2015 06:51:00 PM,County,ARCOLA AVE,Maryland (State),GEORGIA AVE,,N/A,BICYCLIST,SAME DIR REAR END,CLEAR,DRY,DAYLIGHT,N/A,N/A,N/A,0908D283-F8AA-4555-966B-B311E0E9C11F,BICYCLIST,Walking/Riding w/Traffic,NO IMPROPER ACTIONS,ON ROADWAY NOT AT CROSSWALK,N/A,LIGHT CLOTHING,,SUSPECTED MINOR INJURY,MC/BIKE HELMET,39.04718167,-77.05067833,"(39.04718167, -77.05067833)"
MCP2358003T,170524612,Montgomery County Police,Injury Crash,08/13/2017 12:07:00 PM,,,,,DRIVEWAY 10501 DEMOCRACY LANE,,PEDESTRIAN,SINGLE VEHICLE,CLEAR,,DAYLIGHT,NO CONTROLS,,NONE DETECTED,2F08BA98-195A-413E-8A60-32D049D5D361,PEDESTRIAN,Other,OTHER,OTHER,N/A,N/A,Yes,SUSPECTED SERIOUS INJURY,N/A,39.027483,-77.166076,"(39.027483, -77.166076)"
MCP2850000S,15034760,MONTGOMERY,Injury Crash,07/15/2015 01:07:00 PM,,,,,"Wheaton Plaza Ring Rd, between Target and Giant",,PEDESTRIAN,SINGLE VEHICLE,CLEAR,,DAYLIGHT,N/A,N/A,N/A,895990FA-1CC4-453E-BC13-8705CB20F8E7,PEDESTRIAN,Cross/Enter at Intersection,NO IMPROPER ACTIONS,ON ROADWAY AT CROSSWALK,N/A,MIXED CLOTHING,No,POSSIBLE INJURY,N/A,39.03736333,-77.05747333,"(39.03736333, -77.05747333)"
DD5595002X,16042686,Rockville Police Departme,Injury Crash,08/22/2016 09:51:00 AM,Maryland (State),HUNGERFORD DR,Unknown,ENT TO BUSINESSES,,N/A,PEDESTRIAN,SINGLE VEHICLE,CLEAR,DRY,DARK LIGHTS ON,TRAFFIC SIGNAL,NONE DETECTED,UNKNOWN,E285F94E-2C02-440A-837B-35F0909B33D0,PEDESTRIAN,Cross/Enter at Intersection,FAILURE TO YIELD RIGHT OF WAY,AT INTERSECTION MARKED CROSSWALK,DISOBEYED PED. SIGNAL,UNKNOWN,Yes,SUSPECTED SERIOUS INJURY,NONE,39.08950867,-77.15169083,"(39.08950867, -77.15169083)"
MCP27540018,170505519,Montgomery County Police,Injury Crash,05/02/2017 06:21:00 PM,Maryland (State),PINEY BRANCH RD,Unknown,ENT TO APTS,,N/A,PEDESTRIAN,OTHER,OTHER,DRY,DAYLIGHT,N/A,NONE DETECTED,N/A,775922F7-4D73-41D3-900C-8B9A6E082A50,PEDESTRIAN,Walking/Cycling on Sidewalk,NO IMPROPER ACTIONS,SIDEWALK,N/A,LIGHT CLOTHING,No,POSSIBLE INJURY,N/A,38.99862667,-77.00000667,"(38.99862667, -77.00000667)"
MCP9128000D,16004931,Montgomery County Police,Injury Crash,01/30/2016 01:13:00 PM,,,,,PARKING LOT OF 10901 GEORGIA AVE,,PEDESTRIAN,OTHER,CLEAR,,DAYLIGHT,NO CONTROLS,NONE DETECTED,NONE DETECTED,60FEB910-B12B-429E-ABBC-5183813C1C38,PEDESTRIAN,Other,NO IMPROPER ACTIONS,OTHER,N/A,DARK CLOTHING,No,SUSPECTED MINOR INJURY,N/A,39.03390833,-77.04842,"(39.03390833, -77.04842)"
MCP2948000D,15030901,Montgomery County Police,Injury Crash,06/24/2015 10:00:00 PM,,,,,"exiting the shopping plaza onto Georgia Avenue. Off road, just before Georgia Avenue.",,PEDESTRIAN,OTHER,CLEAR,,DARK LIGHTS ON,NO CONTROLS,NONE DETECTED,NONE DETECTED,9C47C16B-B17A-4E1E-B39D-D1F5AABF932E,PEDESTRIAN,Walking/Cycling on Sidewalk,NO IMPROPER ACTIONS,SIDEWALK,NO PED. SIGNAL,MIXED CLOTHING,,POSSIBLE INJURY,N/A,39.15259507,-77.06695274,"(39.15259507, -77.06695274)"
MCP2969004G,180006100,Montgomery County Police,Injury Crash,02/05/2018 07:25:00 AM,County,TUCKER LA,County,STRILEY DR,,N/A,PEDESTRIAN,SAME DIRECTION SIDESWIPE,SLEET,ICE,DAYLIGHT,NO CONTROLS,NONE DETECTED,NONE DETECTED,75666C6A-CDE6-467C-8638-304A4AE3507E,PEDESTRIAN,Getting off/on Vehicle,NO IMPROPER ACTIONS,ON ROADWAY NOT AT CROSSWALK,N/A,MIXED CLOTHING,No,SUSPECTED SERIOUS INJURY,NONE,39.145495,-76.99159167,"(39.145495, -76.99159167)"
MCP27530027,170504937,Montgomery County Police,Injury Crash,04/29/2017 01:42:00 PM,,,,,IN FRONT OF 3834 INTERNATIONAL DRIVE,,PEDESTRIAN,OTHER,CLEAR,,DAYLIGHT,NO CONTROLS,NONE DETECTED,NONE DETECTED,53376429-D91A-4848-B6C8-E9B2E4D8047B,PEDESTRIAN,Cross/Enter not at Intersection,UNKNOWN,ON ROADWAY NOT AT CROSSWALK,NO PED. SIGNAL,DARK CLOTHING,No,SUSPECTED MINOR INJURY,N/A,39.10255333,-77.07530833,"(39.10255333, -77.07530833)"
MCP27880018,170536709,Montgomery County Police,Injury Crash,10/17/2017 11:23:00 PM,Maryland (State),GEORGIA AVE,Maryland (State),UNIVERSITY BLVD W,,N/A,BICYCLIST,SAME DIRECTION RIGHT TURN,CLEAR,DRY,DARK LIGHTS ON,NO CONTROLS,UNKNOWN,NONE DETECTED,1C49A5D9-5810-4E45-9BD2-D566EA5BF6A1,BICYCLIST,Walking/Riding w/Traffic,UNKNOWN,SHOULDER,NO PED. SIGNAL,DARK CLOTHING,No,SUSPECTED MINOR INJURY,N/A,39.04193729,-77.05223545,"(39.04193729, -77.05223545)"
MCP2964001B,16010290,Montgomery County Police,Injury Crash,03/01/2016 04:47:00 PM,,,,,PARKING LOT AT 19515 FREDERICK RD 20876,,BICYCLIST,STRAIGHT MOVEMENT ANGLE,CLEAR,,DAYLIGHT,STOP SIGN,NONE DETECTED,NONE DETECTED,E1BD3013-7228-42E9-A571-C0022985672B,BICYCLIST,Other,FAILURE TO OBEY TRAFFIC SIGNS SIGNALS OR OFFICER,OUTSIDE RIGHT OF WAY,N/A,MIXED CLOTHING,Yes,POSSIBLE INJURY,NONE,39.17857631,-77.23516345,"(39.17857631, -77.23516345)"
DD5615002Q,16056048,Rockville Police Departme,Injury Crash,10/31/2016 11:41:00 AM,Municipality,WOOTTON PKWY,Maryland (State),ROCKVILLE PIKE,,N/A,PEDESTRIAN,SINGLE VEHICLE,CLEAR,DRY,DAYLIGHT,NO CONTROLS,NONE DETECTED,NONE DETECTED,25D61784-FD7C-4580-8F90-EB99937EF3CB,PEDESTRIAN,Walking to/from school,IN ROADWAY IMPROPERLY,ON ROADWAY NOT AT CROSSWALK,NO PED. SIGNAL,DARK CLOTHING,Yes,POSSIBLE INJURY,NONE,39.076525,-77.13979167,"(39.076525, -77.13979167)"
MCP2348002J,17016091,Montgomery County Police,Injury Crash,03/30/2017 01:20:00 AM,Interstate (State),EISENHOWER MEMORIAL HWY,Ramp,RAMP 7 FR MD 121 WB TO IS 270 SB,,N/A,PEDESTRIAN,SINGLE VEHICLE,CLEAR,DRY,DARK NO LIGHTS,NO CONTROLS,NONE DETECTED,NONE DETECTED,4356AFCA-3494-45C8-9588-4B7EECF6B8FC,PEDESTRIAN,Other,NO IMPROPER ACTIONS,ON ROADWAY NOT AT CROSSWALK,N/A,DARK CLOTHING,No,SUSPECTED SERIOUS INJURY,N/A,39.22098667,-77.27935667,"(39.22098667, -77.27935667)"
MCP2798002Y,170507244,Montgomery County Police,Property Damage Crash,05/11/2017 03:39:00 PM,County,CHERRY HILL RD,County,PLUM ORCHARD DR,,N/A,PEDESTRIAN,SINGLE VEHICLE,RAINING,WET,DAYLIGHT,TRAFFIC SIGNAL,NONE DETECTED,NONE DETECTED,48F63274-57BE-4CC8-BA52-B1A2B340CCC5,PEDESTRIAN,Cross/Enter at Intersection,FAILURE TO OBEY TRAFFIC SIGNS SIGNALS OR OFFICER,AT INTERSECTION MARKED CROSSWALK,DISOBEYED PED. SIGNAL,MIXED CLOTHING,Yes,NO APPARENT INJURY,NONE,39.05293167,-76.95316333,"(39.05293167, -76.95316333)"
MCP2362002S,180002423,Montgomery County Police,Injury Crash,01/16/2018 07:56:00 AM,US (State),COLESVILLE RD,County,CRESTMOOR DR,,N/A,PEDESTRIAN,STRAIGHT MOVEMENT ANGLE,CLEAR,DRY,DAYLIGHT,NO CONTROLS,N/A,N/A,B98F326E-EE7F-4B9C-9C45-1B6B946C3EBF,PEDESTRIAN,Cross/Enter at Intersection,NO IMPROPER ACTIONS,AT INTERSECTION BUT NO CROSSWALK,NO PED. SIGNAL,MIXED CLOTHING,No,POSSIBLE INJURY,N/A,39.02814967,-77.00925817,"(39.02814967, -77.00925817)"
MCP2637000X,16016717,Montgomery County Police,Injury Crash,04/06/2016 05:59:00 AM,Maryland (State),FALLS RD,Municipality,WOOTTON PKWY,,ROCKVILLE,PEDESTRIAN,OTHER,CLEAR,DRY,DARK NO LIGHTS,TRAFFIC SIGNAL,NONE DETECTED,NONE DETECTED,64F14083-39C8-4506-9AB7-0C68AE597AA3,PEDESTRIAN,Cross/Enter at Intersection,FAILURE TO OBEY TRAFFIC SIGNS SIGNALS OR OFFICER,ON ROADWAY NOT AT CROSSWALK,DISOBEYED PED. SIGNAL,DARK CLOTHING,Yes,POSSIBLE INJURY,NONE,39.06994599,-77.16995358,"(39.06994599, -77.16995358)"
MCP27940015,15053515,MONTGOMERY,Injury Crash,10/21/2015 10:13:00 PM,County,WOODMONT AVE,County,BATTERY LA,,N/A,PEDESTRIAN,OTHER,N/A,DRY,DARK NO LIGHTS,TRAFFIC SIGNAL,N/A,NONE DETECTED,B144BFE0-C830-428A-99D3-10C08ABCCC00,PEDESTRIAN,N/A,NO IMPROPER ACTIONS,AT INTERSECTION MARKED CROSSWALK,OBEYED PED. SIGNAL,MIXED CLOTHING,No,SUSPECTED MINOR INJURY,N/A,38.99270484,-77.09711552,"(38.99270484, -77.09711552)"
MCP2987000Q,16023118,Montgomery County Police,Injury Crash,05/10/2016 07:30:00 AM,,,,,"IN DRIVEWAY OF 509 HARDING DR, SILVER SPRING MD 20901",,PEDESTRIAN,SINGLE VEHICLE,CLEAR,,DAYLIGHT,NO CONTROLS,NONE DETECTED,NONE DETECTED,05240AE3-201B-43C4-8CD8-8092A6BD84F2,PEDESTRIAN,Standing,NOT VISIBLE,OTHER,N/A,MIXED CLOTHING,Yes,SUSPECTED MINOR INJURY,NONE,39.01157833,-76.98385667,"(39.01157833, -76.98385667)"
MCP3050002D,180032646,Montgomery County Police,Injury Crash,07/02/2018 07:16:00 PM,,,,,PARKING LOT NEXT TO 14339 GEORGIA AVE SILVER SPRING MD 20906,,PEDESTRIAN,OTHER,CLEAR,,DAYLIGHT,NO CONTROLS,NONE DETECTED,NONE DETECTED,14D14E8B-3539-4246-8875-2DA9A4161CF0,PEDESTRIAN,Other,OTHER,OTHER,N/A,LIGHT CLOTHING,No,SUSPECTED SERIOUS INJURY,N/A,39.09248833,-77.07799,"(39.09248833, -77.07799)"
MCP2845000X,15018338,Montgomery County Police,Injury Crash,04/19/2015 11:54:00 AM,County,LARISTON LA,County,LA GRANDE RD,,N/A,PEDESTRIAN,SINGLE VEHICLE,CLEAR,DRY,DAYLIGHT,NO CONTROLS,NONE DETECTED,NONE DETECTED,79CD1293-01BC-4835-BC78-099F288F3DF8,PEDESTRIAN,Walking/Riding against Traffic,NOT VISIBLE,ON ROADWAY NOT AT CROSSWALK,NO PED. SIGNAL,N/A,,POSSIBLE INJURY,N/A,39.02471833,-76.989235,"(39.02471833, -76.989235)"
MCP3109001S,180063350,Montgomery County Police,Injury Crash,12/19/2018 11:45:00 AM,Maryland (State),EAST WEST HWY,Maryland (State),16TH ST,,N/A,PEDESTRIAN,SAME DIR REAR END,CLEAR,DRY,DAYLIGHT,TRAFFIC SIGNAL,NONE DETECTED,NONE DETECTED,9C9CB870-5BB6-4277-B76C-AF4DD0EBFA2C,PEDESTRIAN,Cross/Enter at Intersection,IN ROADWAY IMPROPERLY,ON ROADWAY AT CROSSWALK,OBEYED PED. SIGNAL,N/A,No,POSSIBLE INJURY,N/A,38.994154,-77.03639133,"(38.994154, -77.03639133)"
MCP1020003M,180044050,Montgomery County Police,Injury Crash,09/04/2018 08:06:00 AM,,,,,DRIVEWAY TO 19910 FREDERICK ROAD,,PEDESTRIAN,OTHER,CLEAR,,DAYLIGHT,NO CONTROLS,NONE DETECTED,NONE DETECTED,ECB9C2FE-25E3-4896-9303-22165E060BE1,PEDESTRIAN,Cross/Enter not at Intersection,DART DASH,OTHER,NO PED. SIGNAL,MIXED CLOTHING,Yes,SUSPECTED MINOR INJURY,N/A,39.1831895,-77.23926717,"(39.1831895, -77.23926717)"
MCP2843000G,15055270,MONTGOMERY,Injury Crash,10/30/2015 07:43:00 PM,Municipality,GIRARD ST,Municipality,VICTORY FARM DR,,GAITHERSBURG,BICYCLIST,STRAIGHT MOVEMENT ANGLE,CLEAR,DRY,DARK LIGHTS ON,NO CONTROLS,NONE DETECTED,NONE DETECTED,D61892CA-144D-452B-AA3F-4D42E184157C,BICYCLIST,Cross/Enter at Intersection,FAILURE TO YIELD RIGHT OF WAY,AT INTERSECTION MARKED CROSSWALK,NO PED. SIGNAL,MIXED CLOTHING,Yes,POSSIBLE INJURY,NONE,39.14664092,-77.18492568,"(39.14664092, -77.18492568)"
MCP2923002F,17004482,Montgomery County Police,Injury Crash,01/26/2017 06:59:00 AM,County,ARCOLA AVE,Maryland (State),GEORGIA AVE,,N/A,BICYCLIST,OTHER,CLOUDY,DRY,DARK LIGHTS ON,FLASHING TRAFFIC SIGNAL,NONE DETECTED,NONE DETECTED,663618DF-3A43-4448-9CD6-95A957A65B08,BICYCLIST,Cross/Enter at Intersection,NO IMPROPER ACTIONS,ON ROADWAY AT CROSSWALK,OBEYED PED. SIGNAL,DARK CLOTHING,No,POSSIBLE INJURY,UNKNOWN,39.04694,-77.05190333,"(39.04694, -77.05190333)"
MCP29710044,180046537,Montgomery County Police,Injury Crash,09/17/2018 03:30:00 PM,,SNOWDEN FARM PARKWAY,,NEWCUT ROAD,,N/A,PEDESTRIAN,OTHER,RAINING,WET,DAYLIGHT,FLASHING TRAFFIC SIGNAL,NONE DETECTED,NONE DETECTED,112BF015-CAFB-4308-8544-489401E51195,PEDESTRIAN,Cross/Enter at Intersection,NO IMPROPER ACTIONS,ON ROADWAY AT CROSSWALK,NO PED. SIGNAL,UNKNOWN,No,POSSIBLE INJURY,NONE,39.22835497,-77.2502234,"(39.22835497, -77.2502234)"
EJ7852001X,180016641,Gaithersburg Police Depar,Injury Crash,04/05/2018 11:20:00 PM,Maryland (State),QUINCE ORCHARD RD,Municipality,FIRSTFIELD RD,,GAITHERSBURG,PEDESTRIAN,N/A,CLEAR,DRY,DARK LIGHTS ON,N/A,NONE DETECTED,NONE DETECTED,AB684A85-0DF5-4498-9605-FBFD361B6EF0,PEDESTRIAN,Unknown,UNKNOWN,N/A,UNKNOWN,DARK CLOTHING,Unknown,POSSIBLE INJURY,N/A,39.14602935,-77.21957445,"(39.14602935, -77.21957445)"