Report Number,Local Case Number,Agency Name,ACRS Report Type,Crash Date/Time,Route Type,Road Name,Cross-Street Type,Cross-Street Name,Off-Road Description,Municipality,Related Non-Motorist,Collision Type,Weather,Surface Condition,Light,Traffic Control,Driver Substance Abuse,Non-Motorist Substance Abuse,Person ID,Pedestrian Type,Pedestrian Movement,Pedestrian Actions,Pedestrian Location,Pedestrian Obeyed Traffic Signal,Pedestrian Visibility,At Fault,Injury Severity,Safety Equipment,Latitude,Longitude,Location
MCP2946002X,180056753,Montgomery County Police,Injury Crash,11/12/2018 02:07:00 PM,,,,,9936 MAIN STREET,,PEDESTRIAN,SINGLE VEHICLE,CLOUDY,,DAYLIGHT,NO CONTROLS,NONE DETECTED,NONE DETECTED,4ECAB87B-955F-4431-9862-E07135F4BDC4,PEDESTRIAN,Cross/Enter at Intersection,UNKNOWN,AT INTERSECTION BUT NO CROSSWALK,NO PED. SIGNAL,DARK CLOTHING,No,POSSIBLE INJURY,N/A,39.2883,-77.20557333,"(39.2883, -77.20557333)"
MCP3019001D,170543446,Montgomery County Police,Injury Crash,11/17/2017 05:15:00 PM,County,SANGAMORE RD,County,MADAWASKA RD,,N/A,BICYCLIST,OTHER,CLEAR,DRY,DUSK,NO CONTROLS,UNKNOWN,NONE DETECTED,6046258E-F858-4594-9B04-BD5D7D065201,BICYCLIST,Walking/Riding w/Traffic,NO IMPROPER ACTIONS,ON ROADWAY NOT AT CROSSWALK,NO PED. SIGNAL,HEAD LIGHT AND REFLECTORS,No,SUSPECTED SERIOUS INJURY,MC/BIKE HELMET,38.99764667,-77.10964,"(38.99764667, -77.10964)"
MCP1305001D,17505422,Montgomery County Police,Injury Crash,04/01/2017 08:15:00 PM,,,,,PARKING LOT OF 18250 FLOWER HILL WAY (GIANT),,PEDESTRIAN,SINGLE VEHICLE,UNKNOWN,,DARK LIGHTS ON,N/A,N/A,N/A,7ED882B2-5095-4C1F-B532-4B3F5049D171,PEDESTRIAN,Getting off/on Vehicle,NO IMPROPER ACTIONS,OTHER,N/A,UNKNOWN,No,POSSIBLE INJURY,N/A,39.15526153,-77.1655789,"(39.15526153, -77.1655789)"
MCP13970012,180004072,Montgomery County Police,Injury Crash,01/24/2018 02:58:00 PM,Maryland (State),FREDERICK RD,County,SHAKESPEARE BLVD,,N/A,PEDESTRIAN,SAME DIRECTION LEFT TURN,CLOUDY,DRY,DAYLIGHT,OTHER,NONE DETECTED,NONE DETECTED,3C7D1894-F0F4-42C2-8EFE-BE72BD8558DD,PEDESTRIAN,Cross/Enter at Intersection,INATTENTIVE,AT INTERSECTION MARKED CROSSWALK,OBEYED PED. SIGNAL,DARK CLOTHING,No,POSSIBLE INJURY,N/A,39.19812948,-77.24464372,"(39.19812948, -77.24464372)"
MCP1233002C,180027204,Montgomery County Police,Injury Crash,06/02/2018 07:44:00 PM,,,,,DRIVE WAY OF 10625 CONNECTICUT AVE.,,PEDESTRIAN,N/A,CLOUDY,,DAYLIGHT,NO CONTROLS,NONE DETECTED,NONE DETECTED,0606246C-B190-49DC-8EF5-5971C0163C4F,PEDESTRIAN,Walking/Cycling on Sidewalk,NO IMPROPER ACTIONS,SIDEWALK,N/A,N/A,No,POSSIBLE INJURY,N/A,39.03041167,-77.07531,"(39.03041167, -77.07531)"
MCP3068000L,170541552,Montgomery County Police,Injury Crash,11/07/2017 07:12:00 PM,Maryland (State),BROOKVILLE RD,Municipality,TAYLOR ST,,CHEVY CHASE #3,PEDESTRIAN,OTHER,RAINING,WET,DARK LIGHTS ON,STOP SIGN,N/A,N/A,71E240BD-CF0F-4B23-A727-C1EE9104BB23,PEDESTRIAN,Cross/Enter at Intersection,NO IMPROPER ACTIONS,ON ROADWAY AT CROSSWALK,NO PED. SIGNAL,MIXED CLOTHING,No,SUSPECTED MINOR INJURY,NONE,38.98126833,-77.07143333,"(38.98126833, -77.07143333)"
MCP2848003N,16063214,Montgomery County Police,Injury Crash,12/09/2016 01:16:00 PM,County,NORFOLK AVE,County,DEL RAY AVE,,N/A,PEDESTRIAN,OTHER,CLEAR,DRY,DAYLIGHT,NO CONTROLS,NONE DETECTED,NONE DETECTED,3777A764-0A0B-427C-80F3-7E4C43A409C1,PEDESTRIAN,Cross/Enter not at Intersection,NO IMPROPER ACTIONS,ON ROADWAY AT CROSSWALK,NO PED. SIGNAL,LIGHT CLOTHING,No,POSSIBLE INJURY,NONE,38.98961833,-77.09863833,"(38.98961833, -77.09863833)"
MCP23960026,170519725,Montgomery County Police,Injury Crash,07/18/2017 10:10:00 AM,County,BEL PRE RD,County,HOMECREST RD,,N/A,PEDESTRIAN,HEAD ON LEFT TURN,CLEAR,DRY,DAYLIGHT,TRAFFIC SIGNAL,NONE DETECTED,NONE DETECTED,21D1978F-14AF-4C43-A1BC-80636F70DEE4,PEDESTRIAN,Cross/Enter at Intersection,NO IMPROPER ACTIONS,ON ROADWAY AT CROSSWALK,OBEYED PED. SIGNAL,MIXED CLOTHING,No,SUSPECTED MINOR INJURY,NONE,39.09161167,-77.06272,"(39.09161167, -77.06272)"
MCP2789000K,15003826,Montgomery County Police,Injury Crash,01/23/2015 08:10:00 PM,Maryland (State),COLESVILLE RD,Maryland (State),GEORGIA AVE,,N/A,PEDESTRIAN,SINGLE VEHICLE,RAINING,WET,DARK LIGHTS ON,TRAFFIC SIGNAL,N/A,N/A,BE95E8A5-2271-404B-9A7E-665E6DAF897F,PEDESTRIAN,Cross/Enter at Intersection,NO IMPROPER ACTIONS,AT INTERSECTION MARKED CROSSWALK,OBEYED PED. SIGNAL,DARK CLOTHING,,SUSPECTED MINOR INJURY,N/A,38.99734667,-77.029575,"(38.99734667, -77.029575)"
MCP10480015,16001954,Montgomery County Police,Injury Crash,01/11/2016 03:20:00 PM,County,SHADY GROVE RD,Municipality,GAITHER RD,,ROCKVILLE,PEDESTRIAN,SINGLE VEHICLE,CLEAR,DRY,DAYLIGHT,TRAFFIC SIGNAL,NONE DETECTED,NONE DETECTED,AE31FB1B-2200-4977-BE05-546F0AF4FDE6,PEDESTRIAN,Cross/Enter at Intersection,NO IMPROPER ACTIONS,AT INTERSECTION MARKED CROSSWALK,OBEYED PED. SIGNAL,LIGHT CLOTHING,No,POSSIBLE INJURY,N/A,39.11768833,-77.18371,"(39.11768833, -77.18371)"
MCP25460027,16066612,Montgomery County Police,Injury Crash,12/27/2016 03:15:00 PM,County,PARKLAND DR,County,INDEPENDENCE ST,,N/A,PEDESTRIAN,OTHER,CLEAR,DRY,DAYLIGHT,STOP SIGN,NONE DETECTED,NONE DETECTED,3BC2AE6A-5DB0-4C59-88FA-8E0BDBA5AC62,PEDESTRIAN,Getting off/on Vehicle,NO IMPROPER ACTIONS,SHOULDER,N/A,LIGHT CLOTHING,Unknown,SUSPECTED SERIOUS INJURY,NONE,39.07271167,-77.08702,"(39.07271167, -77.08702)"
MCP2849001H,15042321,MONTGOMERY,Injury Crash,08/23/2015 07:30:00 PM,Maryland (State),GEORGIA AVE,Unknown,ENT TO BUSINESS,,N/A,OTHER CONVEYANCE,OTHER,N/A,DRY,DAYLIGHT,NO CONTROLS,UNKNOWN,ALCOHOL PRESENT,9CE6EF98-A052-47E9-857A-61BF349FB095,OTHER CONVEYANCE,Other,NO IMPROPER ACTIONS,DRIVEWAY ACCESS MARKED CROSSWALK,NO PED. SIGNAL,UNKNOWN,No,SUSPECTED MINOR INJURY,N/A,39.08513759,-77.07868874,"(39.08513759, -77.07868874)"
MCP27190017,16047966,Montgomery County Police,Injury Crash,09/18/2016 05:41:00 PM,County,PRICE AVE,County,FERN ST,,N/A,PEDESTRIAN,OTHER,CLEAR,DRY,DAYLIGHT,NO CONTROLS,NONE DETECTED,NONE DETECTED,7D5A9ECA-05FC-4276-9DEF-97E20AB3B73D,PEDESTRIAN,Cross/Enter at Intersection,NO IMPROPER ACTIONS,AT INTERSECTION MARKED CROSSWALK,NO PED. SIGNAL,LIGHT CLOTHING,No,SUSPECTED SERIOUS INJURY,NONE,39.0414,-77.048655,"(39.0414, -77.048655)"
MCP9424000H,15050537,MONTGOMERY,Injury Crash,10/06/2015 04:45:00 AM,Maryland (State),WOODFIELD RD,County,CHURCHILL DOWNS RD,,N/A,PEDESTRIAN,SAME DIR REAR END,CLEAR,DRY,DARK LIGHTS ON,N/A,NONE DETECTED,NONE DETECTED,AC96F3E9-E134-42EE-BBA8-2CF7B0725088,PEDESTRIAN,Walking/Riding w/Traffic,NOT VISIBLE,ON ROADWAY NOT AT CROSSWALK,N/A,MIXED CLOTHING,No,POSSIBLE INJURY,N/A,39.21696333,-77.17322,"(39.21696333, -77.17322)"
MCP2773001B,15035200,MONTGOMERY,Property Damage Crash,07/17/2015 02:50:00 PM,,,,,parking lot of 7821 eastern avenue,,OTHER,SINGLE VEHICLE,CLEAR,,DAYLIGHT,NO CONTROLS,NONE DETECTED,NONE DETECTED,3F3021E1-8370-46B1-95EA-9C0E74FCC644,OTHER,Other,NO IMPROPER ACTIONS,INSIDE BUILDING,N/A,N/A,No,NO APPARENT INJURY,N/A,38.98522,-77.027395,"(38.98522, -77.027395)"
MCP1221004S,180013625,Montgomery County Police,Injury Crash,03/19/2018 08:48:00 AM,,,,,PARKING LOT OF 100 TSCHIFFELY SQUARE RD,,PEDESTRIAN,SINGLE VEHICLE,CLEAR,,DAYLIGHT,NO CONTROLS,NONE DETECTED,NONE DETECTED,C6EBDEAA-6365-4BF8-82DB-C73A9E3EEFF7,PEDESTRIAN,Walking to/from school,NO IMPROPER ACTIONS,OTHER,NO PED. SIGNAL,MIXED CLOTHING,No,SUSPECTED MINOR INJURY,N/A,39.11766833,-77.24671667,"(39.11766833, -77.24671667)"
MCP2986000Z,16040906,Montgomery County Police,Injury Crash,08/12/2016 12:20:00 PM,County,CAMERON ST,County,FENTON ST,,N/A,PEDESTRIAN,SINGLE VEHICLE,CLEAR,DRY,DAYLIGHT,TRAFFIC SIGNAL,NONE DETECTED,NONE DETECTED,12313B9D-C120-4EEE-83AC-AFBDEF3E170A,PEDESTRIAN,Cross/Enter at Intersection,UNKNOWN,AT INTERSECTION MARKED CROSSWALK,UNKNOWN,DARK CLOTHING,Unknown,SUSPECTED MINOR INJURY,NONE,38.99834667,-77.02863167,"(38.99834667, -77.02863167)"
MCP3050000N,170502919,Montgomery County Police,Injury Crash,04/19/2017 08:41:00 AM,,,,,DUNKIN DONUTS 13810 CONNECTICUT AVE SILVER SPRING 20906,,OTHER,SINGLE VEHICLE,CLEAR,,DAYLIGHT,N/A,NONE DETECTED,NONE DETECTED,17C4F97E-A440-4304-8218-21F7D6276ED3,OTHER,Other,N/A,INSIDE BUILDING,N/A,MIXED CLOTHING,No,SUSPECTED MINOR INJURY,N/A,39.08526833,-77.07725333,"(39.08526833, -77.07725333)"
MCP30210019,170531310,Montgomery County Police,Injury Crash,09/18/2017 02:55:00 PM,,,,,PARKING LOT OF GIANT / SEARS     11200 NEW HAMPSHIRE AVE,,OTHER CONVEYANCE,SINGLE VEHICLE,CLEAR,,DAYLIGHT,NO CONTROLS,NONE DETECTED,NONE DETECTED,FB894BCC-2431-4173-9F0A-288583808629,OTHER CONVEYANCE,Unknown,UNKNOWN,N/A,N/A,MIXED CLOTHING,No,SUSPECTED MINOR INJURY,NONE,39.04118167,-76.99018833,"(39.04118167, -76.99018833)"
MCP29170021,170538180,Montgomery County Police,Injury Crash,10/22/2017 04:38:00 PM,County,LONGMEAD CROSSING DR,County,VILLAGE GATE DR,,N/A,BICYCLIST,STRAIGHT MOVEMENT ANGLE,CLEAR,DRY,DAYLIGHT,NO CONTROLS,NONE DETECTED,NONE DETECTED,86D45BF4-CC4A-4762-AFE7-89D494B3DBA2,BICYCLIST,Cross/Enter at Intersection,FAILURE TO YIELD RIGHT OF WAY,ON ROADWAY NOT AT CROSSWALK,OTHER,UNKNOWN,Unknown,SUSPECTED MINOR INJURY,MC/BIKE HELMET,39.09674333,-77.04594833,"(39.09674333, -77.04594833)"
EJ7829001N,15057386,GAITHERSBURG,Injury Crash,11/10/2015 05:40:00 PM,Municipality,PALM SPRING DR,Municipality,PALMTREE DR,,GAITHERSBURG,PEDESTRIAN,SINGLE VEHICLE,RAINING,WET,DARK LIGHTS ON,NO CONTROLS,NONE DETECTED,NONE DETECTED,56E96419-7E87-418E-9E15-E50886C20558,PEDESTRIAN,Cross/Enter at Intersection,FAILURE TO YIELD RIGHT OF WAY,ON ROADWAY AT CROSSWALK,NO PED. SIGNAL,DARK CLOTHING,No,SUSPECTED MINOR INJURY,NONE,39.12377667,-77.21204167,"(39.12377667, -77.21204167)"
MCP1301000N,16036204,Montgomery County Police,Fatal Crash,07/17/2016 01:23:00 PM,Maryland (State),VEIRS MILL RD,County,TURKEY BRANCH PKWY,,N/A,BICYCLIST,SINGLE VEHICLE,CLEAR,DRY,DAYLIGHT,OTHER,NONE DETECTED,UNKNOWN,DD07E95B-EF89-4715-A848-564A11BE6CF9,BICYCLIST,Cross/Enter at Intersection,FAILURE TO OBEY TRAFFIC SIGNS SIGNALS OR OFFICER,ON ROADWAY AT CROSSWALK,DISOBEYED PED. SIGNAL,MIXED CLOTHING,Yes,FATAL INJURY,MC/BIKE HELMET,39.05998514,-77.08942294,"(39.05998514, -77.08942294)"
MCP10640043,16013352,Montgomery County Police,Injury Crash,03/18/2016 10:47:00 AM,,,,,"DRIVEWAY- 8728 COLESVILLE RD
SILVER SPRING, MD 20910",,PEDESTRIAN,OTHER,CLEAR,,DAYLIGHT,N/A,N/A,N/A,29AF22AB-D5D8-43BA-92B2-920D707EBE79,PEDESTRIAN,Standing,NO IMPROPER ACTIONS,OTHER,N/A,DARK CLOTHING,No,SUSPECTED SERIOUS INJURY,N/A,38.99820167,-77.02671333,"(38.99820167, -77.02671333)"
MCP2717008V,16065025,Montgomery County Police,Injury Crash,12/19/2016 12:45:00 PM,,,,,10400 OLD GEORGETOWN ROAD (GIANT FOOD PARKING LOT),,PEDESTRIAN,OTHER,CLEAR,,DAYLIGHT,NO CONTROLS,NONE DETECTED,NONE DETECTED,BCFFB152-7A45-4A35-8B48-2C86C1780C74,PEDESTRIAN,Cross/Enter not at Intersection,DART DASH,OUTSIDE RIGHT OF WAY,NO PED. SIGNAL,MIXED CLOTHING,Yes,SUSPECTED MINOR INJURY,NONE,39.02603667,-77.126905,"(39.02603667, -77.126905)"
MCP9386001V,15007255,Montgomery County Police,Injury Crash,02/13/2015 08:52:00 AM,County,WESTPATH WAY,County,SANGAMORE RD,,N/A,PEDESTRIAN,OTHER,CLEAR,DRY,DAYLIGHT,NO CONTROLS,NONE DETECTED,NONE DETECTED,E157C002-7598-4FEA-BB79-2FB54F2B2362,PEDESTRIAN,Cross/Enter not at Intersection,DART DASH,ON ROADWAY NOT AT CROSSWALK,NO PED. SIGNAL,REFLECTIVE MATERIAL,,POSSIBLE INJURY,N/A,38.95641667,-77.12204833,"(38.95641667, -77.12204833)"
DD55950026,16005179,Rockville Police Departme,Injury Crash,02/01/2016 07:15:00 AM,Municipality,MONROE PL,Municipality,MONROE ST,,ROCKVILLE,PEDESTRIAN,SINGLE VEHICLE,CLOUDY,WET,DAYLIGHT,STOP SIGN,UNKNOWN,NONE DETECTED,002E2887-17C8-4249-AF48-F857FB9A2C42,PEDESTRIAN,Cross/Enter at Intersection,NO IMPROPER ACTIONS,ON ROADWAY AT CROSSWALK,N/A,MIXED CLOTHING,No,SUSPECTED MINOR INJURY,N/A,39.08350323,-77.14896128,"(39.08350323, -77.14896128)"
MCP1174002B,170522951,Montgomery County Police,Injury Crash,08/04/2017 12:40:00 PM,Maryland (State),WISCONSIN AVE,County,ELM ST,,N/A,MACHINE OPERATOR/RIDER,SINGLE VEHICLE,CLEAR,DRY,DAYLIGHT,TRAFFIC SIGNAL,NONE DETECTED,NONE DETECTED,2A632BE1-2F27-4423-8DF6-C2228D658E5B,MACHINE OPERATOR/RIDER,Cross/Enter at Intersection,FAILURE TO OBEY TRAFFIC SIGNS SIGNALS OR OFFICER,AT INTERSECTION MARKED CROSSWALK,OTHER,DARK CLOTHING,Yes,POSSIBLE INJURY,NONE,38.98222227,-77.09306002,"(38.98222227, -77.09306002)"
MCP28680026,17003671,Montgomery County Police,Injury Crash,01/21/2017 04:55:00 PM,Maryland (State),WISCONSIN AVE,County,STANFORD ST,,N/A,BICYCLIST,OTHER,CLOUDY,DRY,DUSK,TRAFFIC SIGNAL,NONE DETECTED,NONE DETECTED,1D78D795-D9BF-4C8E-B5B9-C78B6B1C6F40,BICYCLIST,Walking/Riding w/Traffic,IMPROPER PASSING,ON ROADWAY NOT AT CROSSWALK,N/A,MIXED CLOTHING,Yes,POSSIBLE INJURY,MC/BIKE HELMET,38.97847962,-77.09127232,"(38.97847962, -77.09127232)"
MCP2617003V,170519944,Montgomery County Police,Injury Crash,07/19/2017 11:44:00 AM,Municipality,DRUMMOND AVE,Maryland (State),WISCONSIN AVE,,N/A,OTHER,OTHER,CLEAR,DRY,DAYLIGHT,NO CONTROLS,,NONE DETECTED,A3984CB1-0E58-459D-AF28-6F8623D54AB7,OTHER,Getting off/on Vehicle,OTHER,ON ROADWAY NOT AT CROSSWALK,N/A,LIGHT CLOTHING,Yes,SUSPECTED SERIOUS INJURY,NONE,38.997705,-77.09671833,"(38.997705, -77.09671833)"
MCP3132000H,180051293,Montgomery County Police,Injury Crash,10/13/2018 02:18:00 PM,County,FRANKLIN ST,County,EDGEFIELD RD,,N/A,BICYCLIST,OTHER,CLEAR,DRY,DAYLIGHT,NO CONTROLS,N/A,N/A,C17D2FB4-4F86-4DD8-A3DE-D512293ACC72,BICYCLIST,Cross/Enter at Intersection,NO IMPROPER ACTIONS,ON ROADWAY AT CROSSWALK,OBEYED PED. SIGNAL,LIGHT CLOTHING,No,SUSPECTED MINOR INJURY,NONE,39.01996167,-77.09558667,"(39.01996167, -77.09558667)"
MCP9113001W,16046883,Montgomery County Police,Injury Crash,09/13/2016 09:38:00 AM,Maryland (State),CONNECTICUT AVE,County,ISBELL ST,,N/A,PEDESTRIAN,OTHER,CLEAR,DRY,DAYLIGHT,NO CONTROLS,NONE DETECTED,NONE DETECTED,1C6B2FA1-EFB8-4D75-9F02-0DBB523597D0,PEDESTRIAN,Cross/Enter at Intersection,DART DASH,AT INTERSECTION BUT NO CROSSWALK,NO PED. SIGNAL,OTHER,Unknown,POSSIBLE INJURY,N/A,39.06450833,-77.074015,"(39.06450833, -77.074015)"
MCP28750014,15038530,MONTGOMERY,Injury Crash,08/03/2015 07:58:00 PM,,,,,"Parking lot of 13097 Wisteria Dr., Germantown, MD 20874",,PEDESTRIAN,OTHER,CLEAR,,DAYLIGHT,NO CONTROLS,NONE DETECTED,NONE DETECTED,72806004-AFEA-436C-B6BE-9FA95D48BC66,PEDESTRIAN,Cross/Enter at Intersection,NO IMPROPER ACTIONS,SIDEWALK,NO PED. SIGNAL,MIXED CLOTHING,No,POSSIBLE INJURY,NONE,39.17821,-77.27214,"(39.17821, -77.27214)"
EJ77470022,16033848,Gaithersburg Police Depar,Injury Crash,07/04/2016 07:02:00 PM,Municipality,WASHINGTONIAN BLVD,Unknown,BOARDWALK PL,,N/A,PEDESTRIAN,SAME DIR REAR END,RAINING,WET,DAYLIGHT,OTHER,NONE DETECTED,NONE DETECTED,51FC4F60-C974-4690-B6F6-3EF2771CCB42,PEDESTRIAN,Cross/Enter at Intersection,NO IMPROPER ACTIONS,AT INTERSECTION MARKED CROSSWALK,NO PED. SIGNAL,MIXED CLOTHING,No,NO APPARENT INJURY,N/A,39.116595,-77.19954,"(39.116595, -77.19954)"
MCP3063001B,180060695,Montgomery County Police,Injury Crash,12/04/2018 07:52:00 PM,County,MCKNEW RD,Other Public Roadway,CEDAR TREE DR,,N/A,PEDESTRIAN,N/A,CLEAR,N/A,DARK NO LIGHTS,STOP SIGN,N/A,N/A,EDBB1CEB-E55A-4CBA-8346-DB861FBE1859,PEDESTRIAN,Cross/Enter at Intersection,INATTENTIVE,ON ROADWAY AT CROSSWALK,NO PED. SIGNAL,DARK CLOTHING,No,SUSPECTED MINOR INJURY,N/A,39.10219698,-76.92280968,"(39.10219698, -76.92280968)"
MCP229800JX,180035562,Montgomery County Police,Injury Crash,07/18/2018 03:01:00 PM,Maryland (State),FREDERICK RD,County,REDLAND RD,,N/A,PEDESTRIAN,OTHER,N/A,DRY,DAYLIGHT,NO CONTROLS,NONE DETECTED,NONE DETECTED,BB09E9BD-0E3E-4AEF-A2CC-6BDBF6239F07,PEDESTRIAN,Walking/Riding w/Traffic,NO IMPROPER ACTIONS,SIDEWALK,NO PED. SIGNAL,LIGHT CLOTHING,No,SUSPECTED MINOR INJURY,N/A,39.114425,-77.16378333,"(39.114425, -77.16378333)"
MCP2690000N,15000473,Montgomery County Police,Injury Crash,01/03/2015 08:31:00 PM,,,,,Parking Lot 13 at 11219 Grandview Ave,,PEDESTRIAN,SINGLE VEHICLE,RAINING,,DARK LIGHTS ON,NO CONTROLS,ALCOHOL CONTRIBUTED,NONE DETECTED,4D6B0D8F-90B1-4BF0-9D2E-3A831F578D44,PEDESTRIAN,Standing,NO IMPROPER ACTIONS,OTHER,N/A,DARK CLOTHING,,SUSPECTED MINOR INJURY,N/A,39.03882591,-77.05136508,"(39.03882591, -77.05136508)"
MCP3148000S,180058223,Montgomery County Police,Injury Crash,11/20/2018 02:08:00 PM,County,EXECUTIVE BLVD,County,MARINELLI RD,,N/A,PEDESTRIAN,HEAD ON,CLEAR,DRY,DAYLIGHT,TRAFFIC SIGNAL,N/A,N/A,2F07F928-FDA2-4527-8D86-2CC04FC215D4,PEDESTRIAN,Cross/Enter at Intersection,NO IMPROPER ACTIONS,ON ROADWAY AT CROSSWALK,OBEYED PED. SIGNAL,MIXED CLOTHING,No,POSSIBLE INJURY,N/A,39.04627333,-77.11695833,"(39.04627333, -77.11695833)"
DD5606001N,15005935,Rockville Police Departme,Injury Crash,02/05/2015 06:19:00 PM,Maryland (State),HUNGERFORD DR,Service Road,N CAMPUS DR,,N/A,PEDESTRIAN,SINGLE VEHICLE,N/A,N/A,DARK LIGHTS ON,TRAFFIC SIGNAL,NONE DETECTED,NONE DETECTED,064367B1-3B0A-4BBF-9D51-30BFFB226580,PEDESTRIAN,Cross/Enter at Intersection,FAILURE TO YIELD RIGHT OF WAY,ON ROADWAY AT CROSSWALK,DISOBEYED PED. SIGNAL,DARK CLOTHING,,SUSPECTED MINOR INJURY,NONE,39.10074333,-77.15465,"(39.10074333, -77.15465)"
DD5527001Z,180063320,Rockville Police Departme,Injury Crash,12/19/2018 08:33:00 AM,Municipality,SUNRISE DR,Municipality,CRESTVIEW DR,,ROCKVILLE,PEDESTRIAN,OTHER,CLEAR,DRY,DAYLIGHT,NO CONTROLS,NONE DETECTED,NONE DETECTED,12D266AE-AB8D-4CC4-84F5-5ECCFAEEA46D,PEDESTRIAN,Cross/Enter at Intersection,NO IMPROPER ACTIONS,AT INTERSECTION BUT NO CROSSWALK,NO PED. SIGNAL,MIXED CLOTHING,No,SUSPECTED MINOR INJURY,NONE,39.09916,-77.15928333,"(39.09916, -77.15928333)"
MCP1366005N,17004075,Montgomery County Police,Injury Crash,01/24/2017 06:47:00 AM,Municipality,PLEASANT DR,Municipality,CROOKED CREEK DR,,ROCKVILLE,PEDESTRIAN,SINGLE VEHICLE,RAINING,WET,DARK LIGHTS ON,STOP SIGN,NONE DETECTED,NONE DETECTED,25601E8A-8A63-4818-9EF7-773CB2E72A9C,PEDESTRIAN,Cross/Enter at Intersection,FAILURE TO YIELD RIGHT OF WAY,AT INTERSECTION BUT NO CROSSWALK,NO PED. SIGNAL,MIXED CLOTHING,Yes,SUSPECTED SERIOUS INJURY,NONE,39.11268,-77.16970167,"(39.11268, -77.16970167)"
MCP9390000L,16010150,Montgomery County Police,Injury Crash,02/29/2016 06:53:00 PM,Maryland (State),CLOPPER RD,Municipality,METROPOLITAN GROVE RD,,GAITHERSBURG,PEDESTRIAN,OTHER,CLEAR,DRY,DARK LIGHTS ON,TRAFFIC SIGNAL,N/A,N/A,3BB2A7F7-F150-4FCA-B19A-2253460EDB75,PEDESTRIAN,Cross/Enter at Intersection,FAILURE TO OBEY TRAFFIC SIGNS SIGNALS OR OFFICER,AT INTERSECTION MARKED CROSSWALK,DISOBEYED PED. SIGNAL,DARK CLOTHING,Yes,SUSPECTED MINOR INJURY,N/A,39.14603767,-77.22830772,"(39.14603767, -77.22830772)"
MCP2953000L,15052867,MONTGOMERY,Injury Crash,10/18/2015 01:02:00 PM,,,,,Northgate Shopping Center,,PEDESTRIAN,OTHER,CLEAR,,DAYLIGHT,NO CONTROLS,NONE DETECTED,NONE DETECTED,52E6B298-8A74-462A-BA2F-255D7AC6DF2A,PEDESTRIAN,Cross/Enter not at Intersection,FAILURE TO YIELD RIGHT OF WAY,OUTSIDE RIGHT OF WAY,N/A,LIGHT CLOTHING,Yes,SUSPECTED SERIOUS INJURY,N/A,39.08131,-77.07788833,"(39.08131, -77.07788833)"
MCP2889003H,180058839,Montgomery County Police,Injury Crash,11/24/2018 05:42:00 PM,Maryland (State),GEORGIA AVE,County,BLUERIDGE AVE,,N/A,PEDESTRIAN,OTHER,RAINING,WET,DARK LIGHTS ON,TRAFFIC SIGNAL,NONE DETECTED,NONE DETECTED,C1B9F296-8C35-433C-A46A-355371852554,PEDESTRIAN,Cross/Enter at Intersection,NO IMPROPER ACTIONS,ON ROADWAY AT CROSSWALK,OBEYED PED. SIGNAL,DARK CLOTHING,No,POSSIBLE INJURY,NONE,39.04306621,-77.05194301,"(39.04306621, -77.05194301)"
MCP2987001K,17009316,Montgomery County Police,Injury Crash,02/21/2017 10:40:00 AM,Maryland (State),PINEY BRANCH RD,County,ARLISS ST,,N/A,PEDESTRIAN,STRAIGHT MOVEMENT ANGLE,CLEAR,DRY,DAYLIGHT,TRAFFIC SIGNAL,NONE DETECTED,NONE DETECTED,FFBFAEFF-90EC-44BD-9556-3EDA9AA47C56,PEDESTRIAN,Cross/Enter at Intersection,NO IMPROPER ACTIONS,ON ROADWAY AT CROSSWALK,OBEYED PED. SIGNAL,MIXED CLOTHING,No,SUSPECTED MINOR INJURY,NONE,38.99820667,-77.00123167,"(38.99820667, -77.00123167)"
MCP2974001L,180002145,Montgomery County Police,Injury Crash,01/14/2018 02:05:00 AM,Maryland (State),PINEY BRANCH RD,County,ARLISS ST,,N/A,PEDESTRIAN,OTHER,CLEAR,N/A,DARK LIGHTS ON,FLASHING TRAFFIC SIGNAL,ILLEGAL DRUG PRESENT,ALCOHOL PRESENT,ABC4C28D-5D11-4895-9DAE-050142ACFE7D,PEDESTRIAN,Cross/Enter not at Intersection,IN ROADWAY IMPROPERLY,ON ROADWAY NOT AT CROSSWALK,NO PED. SIGNAL,DARK CLOTHING,Yes,SUSPECTED MINOR INJURY,N/A,38.99842602,-77.0010978,"(38.99842602, -77.0010978)"
MCP2947000J,15027847,Montgomery County Police,Injury Crash,06/09/2015 07:38:00 AM,County,FRANKFORT DR,County,MARIANNA DR,,N/A,PEDESTRIAN,SINGLE VEHICLE,CLEAR,DRY,DAYLIGHT,STOP SIGN,NONE DETECTED,NONE DETECTED,30A11FB8-0B5F-4443-99C7-6754B468BF10,PEDESTRIAN,Unknown,NO IMPROPER ACTIONS,SIDEWALK,N/A,UNKNOWN,,NO APPARENT INJURY,N/A,39.08461293,-77.08991647,"(39.08461293, -77.08991647)"
MCP2720002P,17011450,Montgomery County Police,Injury Crash,03/05/2017 02:48:00 AM,County,WINDMILL LA,County,ROSSITER CT,,N/A,PEDESTRIAN,SINGLE VEHICLE,CLEAR,DRY,DARK -- UNKNOWN LIGHTING,NO CONTROLS,UNKNOWN,NONE DETECTED,1EB10340-F9FC-42DA-B2A2-F4AC99F81092,PEDESTRIAN,Other,NO IMPROPER ACTIONS,CURB,N/A,N/A,No,SUSPECTED MINOR INJURY,NONE,39.09209167,-77.06885333,"(39.09209167, -77.06885333)"