Report Number,Local Case Number,Agency Name,ACRS Report Type,Crash Date/Time,Route Type,Road Name,Cross-Street Type,Cross-Street Name,Off-Road Description,Municipality,Related Non-Motorist,Collision Type,Weather,Surface Condition,Light,Traffic Control,Driver Substance Abuse,Non-Motorist Substance Abuse,Person ID,Pedestrian Type,Pedestrian Movement,Pedestrian Actions,Pedestrian Location,Pedestrian Obeyed Traffic Signal,Pedestrian Visibility,At Fault,Injury Severity,Safety Equipment,Latitude,Longitude,Location
EJ78520018,15064548,GAITHERSBURG,Injury Crash,12/17/2015 06:36:00 PM,Municipality,BOOTH ST,Municipality,KENTLANDS BLVD,,GAITHERSBURG,PEDESTRIAN,HEAD ON LEFT TURN,FOGGY,WET,DARK LIGHTS ON,STOP SIGN,NONE DETECTED,NONE DETECTED,1F5EACAB-907B-4C5D-8204-5C438E54178E,PEDESTRIAN,Cross/Enter at Intersection,UNKNOWN,UNKNOWN,UNKNOWN,DARK CLOTHING,Unknown,POSSIBLE INJURY,NONE,39.12469833,-77.24017833,"(39.12469833, -77.24017833)"
MCP26080012,15043981,MONTGOMERY,Injury Crash,09/01/2015 05:33:00 PM,Maryland (State),GEORGIA AVE,County,AUGUST DR,,N/A,PEDESTRIAN,STRAIGHT MOVEMENT ANGLE,CLEAR,DRY,DAYLIGHT,TRAFFIC SIGNAL,NONE DETECTED,NONE DETECTED,8C3A2386-E400-48E8-944D-C0D1611E0D13,PEDESTRIAN,Cross/Enter at Intersection,NO IMPROPER ACTIONS,ON ROADWAY AT CROSSWALK,OBEYED PED. SIGNAL,MIXED CLOTHING,No,POSSIBLE INJURY,N/A,39.02128167,-77.04459667,"(39.02128167, -77.04459667)"
EJ7863000Q,17002486,Gaithersburg Police Depar,Injury Crash,01/14/2017 07:04:00 PM,County,CONTOUR RD,County,LOST KNIFE RD,,N/A,PEDESTRIAN,SINGLE VEHICLE,RAINING,WET,DARK LIGHTS ON,NO CONTROLS,NONE DETECTED,NONE DETECTED,491F4EAD-630D-4B1A-801B-BB4368B3F9CA,PEDESTRIAN,Cross/Enter at Intersection,NO IMPROPER ACTIONS,AT INTERSECTION MARKED CROSSWALK,NO PED. SIGNAL,DARK CLOTHING,No,POSSIBLE INJURY,NONE,39.15495683,-77.20097065,"(39.15495683, -77.20097065)"
EJ7829001R,15063391,GAITHERSBURG,Injury Crash,12/11/2015 06:50:00 PM,Municipality,W DEER PARK RD,Municipality,DUVALL LA,,GAITHERSBURG,PEDESTRIAN,SINGLE VEHICLE,CLEAR,DRY,DARK LIGHTS ON,STOP SIGN,NONE DETECTED,NONE DETECTED,F7888C59-A21D-404F-9A30-868A47C1F47B,PEDESTRIAN,Cross/Enter at Intersection,IN ROADWAY IMPROPERLY,AT INTERSECTION BUT NO CROSSWALK,N/A,DARK CLOTHING,Yes,SUSPECTED MINOR INJURY,N/A,39.12748,-77.19744,"(39.12748, -77.19744)"
MCP2717008F,16056696,Montgomery County Police,Injury Crash,11/03/2016 01:20:00 PM,County,BETHESDA AVE,County,ARLINGTON RD,,N/A,PEDESTRIAN,OTHER,RAINING,WET,DAYLIGHT,NO CONTROLS,UNKNOWN,NONE DETECTED,59D49454-E5C2-4728-BC3F-D2D49D3566E1,PEDESTRIAN,Other Working,OTHER,OUTSIDE RIGHT OF WAY,NO PED. SIGNAL,MIXED CLOTHING,No,SUSPECTED MINOR INJURY,NONE,38.99738167,-77.10942667,"(38.99738167, -77.10942667)"
MCP1438006J,180034462,Montgomery County Police,Injury Crash,07/12/2018 01:30:00 PM,Maryland (State),QUINCE ORCHARD RD,Municipality,LITTLE QUARRY RD,,GAITHERSBURG,BICYCLIST,OTHER,CLEAR,DRY,DAYLIGHT,NO CONTROLS,NONE DETECTED,NONE DETECTED,035DE86D-08E8-4E98-A75E-2B3FD6CEF30A,BICYCLIST,Cross/Enter at Intersection,INATTENTIVE,AT INTERSECTION MARKED CROSSWALK,NO PED. SIGNAL,LIGHT CLOTHING,Yes,POSSIBLE INJURY,NONE,39.12455333,-77.24697667,"(39.12455333, -77.24697667)"
MCP3162000G,180045182,Montgomery County Police,Property Damage Crash,09/10/2018 03:56:00 PM,Maryland (State),NEW HAMPSHIRE AVE,Ramp,RAMP 4 FR MD 650 NB TO IS 495 EB,,N/A,PEDESTRIAN,SAME DIR REAR END,RAINING,WET,DAYLIGHT,NO CONTROLS,NONE DETECTED,N/A,494CC876-4091-49AA-AC7A-43607BD5FC19,PEDESTRIAN,Standing,NO IMPROPER ACTIONS,ON ROADWAY AT CROSSWALK,NO PED. SIGNAL,LIGHT CLOTHING,No,NO APPARENT INJURY,N/A,39.01603667,-76.97742833,"(39.01603667, -76.97742833)"
MCP1202000K,15030096,Montgomery County Police,Injury Crash,06/20/2015 08:06:00 AM,County,MACARTHUR BLVD,County,MOHICAN RD,,N/A,BICYCLIST,HEAD ON LEFT TURN,CLEAR,DRY,DAYLIGHT,NO CONTROLS,NONE DETECTED,NONE DETECTED,51461ADE-EFB9-4089-BA20-37F3FE918622,BICYCLIST,Walking/Riding w/Traffic,NO IMPROPER ACTIONS,IN BIKEWAY,N/A,N/A,,SUSPECTED MINOR INJURY,MC/BIKE HELMET,38.95980667,-77.13144167,"(38.95980667, -77.13144167)"
MCP2008000M,15002220,Montgomery County Police,Injury Crash,01/14/2015 05:17:00 PM,County,SANGAMORE RD,County,BROOKES LA,,N/A,PEDESTRIAN,OTHER,CLOUDY,DRY,DUSK,STOP SIGN,UNKNOWN,NONE DETECTED,7A26980B-BFE5-42F4-9E96-BA18E59616C6,PEDESTRIAN,Cross/Enter at Intersection,NO IMPROPER ACTIONS,ON ROADWAY AT CROSSWALK,NO PED. SIGNAL,MIXED CLOTHING,,POSSIBLE INJURY,N/A,38.94900833,-77.12020333,"(38.94900833, -77.12020333)"
MCP2357003H,190001755,Montgomery County Police,Injury Crash,01/11/2019 12:53:00 PM,Maryland (State),PINEY BRANCH RD,County,DALE DR,,N/A,BICYCLIST,OTHER,CLEAR,DRY,DAYLIGHT,N/A,NONE DETECTED,NONE DETECTED,1004EAEA-6EFC-4D97-A8F9-4CB8493F322B,BICYCLIST,Unknown,NO IMPROPER ACTIONS,OTHER,N/A,DARK CLOTHING,Yes,SUSPECTED MINOR INJURY,NONE,38.99345833,-77.00918667,"(38.99345833, -77.00918667)"
MCP2942001L,16026975,Montgomery County Police,Injury Crash,05/30/2016 06:15:00 PM,,,,,PARKING LOT IN FRONT OF 4978 SENTINEL DRIVE,,PEDESTRIAN,OTHER,CLEAR,,DAYLIGHT,NO CONTROLS,UNKNOWN,NONE DETECTED,6FEDB32A-6306-4C91-B71A-92A984153177,PEDESTRIAN,Getting off/on Vehicle,NO IMPROPER ACTIONS,ON ROADWAY NOT AT CROSSWALK,N/A,LIGHT CLOTHING,No,SUSPECTED MINOR INJURY,REFLECTIVE CLOTHING,38.95066,-77.11489,"(38.95066, -77.11489)"
MCP2492000M,16027601,Montgomery County Police,Fatal Crash,06/02/2016 02:34:00 PM,Maryland (State),S FREDERICK RD,Municipality,CEDAR AVE,,GAITHERSBURG,BICYCLIST,OTHER,CLEAR,DRY,DAYLIGHT,N/A,NONE DETECTED,NONE DETECTED,3F1F9428-760A-415F-8919-D5DCFF5B63A2,BICYCLIST,Other,OTHER,ON ROADWAY NOT AT CROSSWALK,NO PED. SIGNAL,LIGHT CLOTHING,Unknown,FATAL INJURY,NONE,39.13928333,-77.196055,"(39.13928333, -77.196055)"
MCP2722002F,170504449,Montgomery County Police,Injury Crash,04/27/2017 05:47:00 AM,County,ASPEN HILL RD,County,PARKLAND DR,,N/A,PEDESTRIAN,STRAIGHT MOVEMENT ANGLE,FOGGY,DRY,DARK LIGHTS ON,TRAFFIC SIGNAL,N/A,N/A,39BB0265-5932-4DCB-B7A8-A2628564940A,PEDESTRIAN,Cross/Enter at Intersection,NO IMPROPER ACTIONS,ON ROADWAY AT CROSSWALK,OBEYED PED. SIGNAL,DARK CLOTHING,No,SUSPECTED MINOR INJURY,NONE,39.079225,-77.0874,"(39.079225, -77.0874)"
MCP2016001C,16052613,Montgomery County Police,Injury Crash,10/13/2016 09:12:00 AM,,,,,"DRIVEWAY OF 11105 POTOMAC CREST DR
POTOMAC, MD 20854",,PEDESTRIAN,OTHER,CLEAR,,DAYLIGHT,N/A,NONE DETECTED,N/A,49B53CD8-B9D6-435F-A172-86F04B84F083,PEDESTRIAN,Standing,NO IMPROPER ACTIONS,N/A,OTHER,MIXED CLOTHING,No,SUSPECTED MINOR INJURY,N/A,39.038255,-77.1602,"(39.038255, -77.1602)"
MCP2492000Z,180030762,Montgomery County Police,Fatal Crash,06/21/2018 11:19:00 PM,Maryland (State),NEW HAMPSHIRE AVE,County,OAKVIEW DR,,N/A,PEDESTRIAN,OTHER,CLEAR,DRY,DARK LIGHTS ON,TRAFFIC SIGNAL,NONE DETECTED,UNKNOWN,5FA9C5FD-2A14-48E0-8BC4-2A12F31C791C,PEDESTRIAN,Cross/Enter at Intersection,UNKNOWN,ON ROADWAY AT CROSSWALK,UNKNOWN,DARK CLOTHING,Unknown,FATAL INJURY,NONE,39.0153591,-76.97775856,"(39.0153591, -76.97775856)"
MCP13660064,170502538,Montgomery County Police,Injury Crash,04/17/2017 07:25:00 AM,County,CRABBS BRANCH WAY,County,REDLAND RD,,N/A,PEDESTRIAN,SINGLE VEHICLE,CLOUDY,DRY,DAYLIGHT,TRAFFIC SIGNAL,NONE DETECTED,NONE DETECTED,4D153426-C241-422C-93D9-121652736A22,PEDESTRIAN,Cross/Enter at Intersection,NO IMPROPER ACTIONS,ON ROADWAY AT CROSSWALK,OBEYED PED. SIGNAL,MIXED CLOTHING,No,SUSPECTED MINOR INJURY,N/A,39.12081,-77.158815,"(39.12081, -77.158815)"
MCP3112000T,180043077,Montgomery County Police,Injury Crash,08/29/2018 03:58:00 PM,,,,,"PARKING LOT OF 4111 HOWARD AVE, KENSINGTON MD 20895",,PEDESTRIAN,OTHER,CLEAR,,DAYLIGHT,NO CONTROLS,N/A,NONE DETECTED,06BAB8F8-F1BD-49C4-A11C-1318C97F0006,PEDESTRIAN,Standing,NO IMPROPER ACTIONS,N/A,N/A,LIGHT CLOTHING,No,SUSPECTED MINOR INJURY,NONE,39.03049,-77.080705,"(39.03049, -77.080705)"
MCP1210002N,180028543,Montgomery County Police,Injury Crash,06/09/2018 06:30:00 PM,County,TREYFORD TERR,County,TUNSTALL DR,,N/A,PEDESTRIAN,OTHER,CLOUDY,DRY,DAYLIGHT,N/A,NONE DETECTED,NONE DETECTED,D55088B8-3E5B-49A7-8F16-3D5E832D2F14,PEDESTRIAN,Other,DART DASH,ON ROADWAY NOT AT CROSSWALK,N/A,LIGHT CLOTHING,Yes,SUSPECTED MINOR INJURY,N/A,39.15401983,-77.19593883,"(39.15401983, -77.19593883)"
MCP2351000T,16049336,Montgomery County Police,Injury Crash,09/25/2016 02:20:00 PM,County,RANDOLPH RD,County,PARKLAWN DR,,N/A,PEDESTRIAN,OTHER,CLEAR,DRY,DAYLIGHT,OTHER,,NONE DETECTED,C1AAE386-641A-403B-BA01-39CF52D7BD94,PEDESTRIAN,Other,ENTERING EXITING PARKED STANDING VEHICLE,MIDBLOCK MARKED CROSSWALK,OTHER,OTHER,Yes,POSSIBLE INJURY,NONE,39.05361179,-77.10564762,"(39.05361179, -77.10564762)"
MCP23580025,16042259,Montgomery County Police,Injury Crash,08/20/2016 07:10:00 AM,County,DEMOCRACY BLVD,Ramp,RAMP 2 FR DEMOCRACY BLVD TO IS 270Y NB,,N/A,BICYCLIST,OTHER,CLEAR,DRY,DAYLIGHT,N/A,NONE DETECTED,NONE DETECTED,C25F76CE-397F-4B74-AE45-739FB95C24AB,BICYCLIST,Walking/Riding w/Traffic,NO IMPROPER ACTIONS,OTHER,N/A,UNKNOWN,No,SUSPECTED SERIOUS INJURY,UNKNOWN,38.99748,-77.10974,"(38.99748, -77.10974)"
DD56100022,16053860,Rockville Police Departme,Injury Crash,10/19/2016 06:43:00 PM,Municipality,ASTER BLVD,Municipality,NELSON ST,,ROCKVILLE,OTHER,SAME DIR REAR END,N/A,DRY,DARK LIGHTS ON,NO CONTROLS,N/A,N/A,8AF156C3-D7ED-4B60-8F19-86055C12599D,OTHER,Other,UNKNOWN,OTHER,N/A,N/A,No,NO APPARENT INJURY,N/A,39.09565533,-77.170941,"(39.09565533, -77.170941)"
MCP1342001Y,180003303,Montgomery County Police,Injury Crash,01/20/2018 02:10:00 PM,County,CARRY BACK DR,County,NATIVE DANCER RD,,N/A,BICYCLIST,SAME DIRECTION RIGHT TURN,CLEAR,DRY,DAYLIGHT,NO CONTROLS,MEDICATION PRESENT,NONE DETECTED,E843508C-1B39-4BD8-BE2A-4812D5B7BFC2,BICYCLIST,Walking/Riding w/Traffic,NO IMPROPER ACTIONS,OTHER,N/A,REFLECTIVE MATERIAL,No,SUSPECTED MINOR INJURY,MC/BIKE HELMET,39.10126333,-77.26250333,"(39.10126333, -77.26250333)"
MCP27470014,15039852,MONTGOMERY,Injury Crash,08/10/2015 08:45:00 PM,Maryland (State),GEORGIA AVE,Maryland (State),CONNECTICUT AVE,,N/A,PEDESTRIAN,STRAIGHT MOVEMENT ANGLE,CLOUDY,WET,DARK LIGHTS ON,NO CONTROLS,NONE DETECTED,NONE DETECTED,5F2768FD-35AD-4114-8C9D-1168AAFDC609,PEDESTRIAN,Cross/Enter at Intersection,DART DASH,ON ROADWAY AT CROSSWALK,NO PED. SIGNAL,MIXED CLOTHING,No,SUSPECTED MINOR INJURY,N/A,39.0841,-77.08213833,"(39.0841, -77.08213833)"
DD5617000V,170512462,Rockville Police Departme,Injury Crash,06/08/2017 10:45:00 AM,Municipality,RESEARCH CT,Municipality,RESEARCH BLVD,,ROCKVILLE,PEDESTRIAN,N/A,CLEAR,N/A,DAYLIGHT,N/A,UNKNOWN,UNKNOWN,FE8E7145-9E4F-43A0-BE3E-61ECCEBE8427,PEDESTRIAN,Cross/Enter not at Intersection,UNKNOWN,ON ROADWAY NOT AT CROSSWALK,N/A,N/A,Unknown,SUSPECTED MINOR INJURY,NONE,39.10516667,-77.19007833,"(39.10516667, -77.19007833)"
MCP14360002,180037248,Montgomery County Police,Injury Crash,07/27/2018 01:04:00 PM,,,,,PARKING LOT AT 1911 ROCKVILLE PIKE,,PEDESTRIAN,SINGLE VEHICLE,CLEAR,,DAYLIGHT,N/A,NONE DETECTED,NONE DETECTED,C5E07693-0C26-482F-81F2-ED7635DDEEEB,PEDESTRIAN,Walking/Cycling on Sidewalk,N/A,SIDEWALK,NO PED. SIGNAL,LIGHT CLOTHING,No,POSSIBLE INJURY,N/A,39.05841581,-77.12148607,"(39.05841581, -77.12148607)"
HA22800004,15000228,Maryland-National Capital,Injury Crash,03/23/2015 08:25:00 AM,Municipality,DORSET AVE,Government,LITTLE FALLS PKWY,,N/A,BICYCLIST,STRAIGHT MOVEMENT ANGLE,CLEAR,DRY,DAYLIGHT,YIELD SIGN,NONE DETECTED,NONE DETECTED,145B10AC-7F8B-4D90-9035-63CF23C7DCD3,BICYCLIST,Cross/Enter at Intersection,NO IMPROPER ACTIONS,ON ROADWAY AT CROSSWALK,NO PED. SIGNAL,LIGHT CLOTHING,,SUSPECTED MINOR INJURY,MC/BIKE HELMET,38.968515,-77.10124167,"(38.968515, -77.10124167)"
MCP10220036,15050564,MONTGOMERY,Injury Crash,10/06/2015 07:30:00 AM,Maryland (State),GREAT SENECA HWY,County,WISTERIA DR,,N/A,BICYCLIST,SINGLE VEHICLE,N/A,DRY,DAYLIGHT,TRAFFIC SIGNAL,,NONE DETECTED,D0FB7959-855C-4F89-970D-7EAD2438051D,BICYCLIST,Cross/Enter at Intersection,NO IMPROPER ACTIONS,ON ROADWAY AT CROSSWALK,OBEYED PED. SIGNAL,DARK CLOTHING,No,SUSPECTED MINOR INJURY,MC/BIKE HELMET,39.17105338,-77.26269364,"(39.17105338, -77.26269364)"
MCP3041000D,170504434,Montgomery County Police,Injury Crash,04/26/2017 11:18:00 PM,Municipality,ROLLINS AVE,Unknown,ROAD END,,N/A,PEDESTRIAN,SINGLE VEHICLE,CLEAR,DRY,DARK -- UNKNOWN LIGHTING,N/A,N/A,ALCOHOL PRESENT,027D9AB4-A0F2-4BCA-9368-CAA4DA3F9561,PEDESTRIAN,Standing,UNKNOWN,OTHER,N/A,UNKNOWN,Unknown,POSSIBLE INJURY,N/A,39.05758375,-77.13183403,"(39.05758375, -77.13183403)"
DD56050038,17008304,Rockville Police Departme,Injury Crash,02/15/2017 07:49:00 PM,County,SHADY GROVE RD,Municipality,FALLSGROVE BLVD,,ROCKVILLE,PEDESTRIAN,OTHER,CLEAR,DRY,DARK LIGHTS ON,OTHER,NONE DETECTED,NONE DETECTED,804CEEDC-D86B-4747-B706-CBD6751AB020,PEDESTRIAN,Cross/Enter not at Intersection,FAILURE TO YIELD RIGHT OF WAY,OUTSIDE RIGHT OF WAY,DISOBEYED PED. SIGNAL,DARK CLOTHING,Yes,POSSIBLE INJURY,N/A,39.09768883,-77.19250517,"(39.09768883, -77.19250517)"
MCP2727001D,170504059,Montgomery County Police,Injury Crash,04/25/2017 08:44:00 AM,Maryland (State),FREDERICK RD,County,LITTLE SENECA PKWY,,N/A,PEDESTRIAN,OTHER,N/A,DRY,DAYLIGHT,TRAFFIC SIGNAL,NONE DETECTED,NONE DETECTED,3780A9FD-FFF2-4108-8C4A-FEC2B24A59DE,PEDESTRIAN,Cross/Enter at Intersection,FAILURE TO OBEY TRAFFIC SIGNS SIGNALS OR OFFICER,AT INTERSECTION MARKED CROSSWALK,DISOBEYED PED. SIGNAL,MIXED CLOTHING,Yes,SUSPECTED MINOR INJURY,NONE,39.22321833,-77.26053333,"(39.22321833, -77.26053333)"
MCP2546002K,180050432,Montgomery County Police,Injury Crash,10/09/2018 06:56:00 AM,Maryland (State),GEORGIA AVE,County,WENDY LA,,N/A,PEDESTRIAN,ANGLE MEETS RIGHT TURN,CLEAR,DRY,DAWN,NO CONTROLS,NONE DETECTED,NONE DETECTED,289867B4-07A3-4948-9FCE-51F48A573E2D,PEDESTRIAN,Standing,NO IMPROPER ACTIONS,SIDEWALK,N/A,DARK CLOTHING,No,SUSPECTED SERIOUS INJURY,N/A,39.078979,-77.07256,"(39.078979, -77.07256)"
DD5583000N,15041103,ROCKVILLE,Injury Crash,08/17/2015 01:28:00 PM,,,,,PARKING LOT OF THE GIANT FOODS 625 HUNGERFORD DR ROCKVILLE,,PEDESTRIAN,SINGLE VEHICLE,CLEAR,,DAYLIGHT,N/A,NONE DETECTED,NONE DETECTED,8AAF039C-42B9-43F7-9666-A6F1FDDF0A76,PEDESTRIAN,Other,NO IMPROPER ACTIONS,OTHER,N/A,MIXED CLOTHING,No,SUSPECTED MINOR INJURY,N/A,39.09248235,-77.15241194,"(39.09248235, -77.15241194)"
MCP15950005,15011709,Montgomery County Police,Injury Crash,03/14/2015 12:34:00 AM,Maryland (State),GEORGIA AVE,County,ENNALLS AVE,,N/A,PEDESTRIAN,SINGLE VEHICLE,RAINING,WET,DARK LIGHTS ON,NO CONTROLS,NONE DETECTED,UNKNOWN,15AC7B49-4BA4-4FF6-94B9-9CB234FBB13D,PEDESTRIAN,Cross/Enter not at Intersection,UNKNOWN,ON ROADWAY NOT AT CROSSWALK,NO PED. SIGNAL,DARK CLOTHING,,SUSPECTED SERIOUS INJURY,NONE,39.04081129,-77.05160379,"(39.04081129, -77.05160379)"
MCP29590009,15022132,Montgomery County Police,Injury Crash,05/09/2015 03:05:00 PM,County,BLUHILL RD,County,RANDOLPH RD,,N/A,PEDESTRIAN,SINGLE VEHICLE,CLEAR,DRY,DAYLIGHT,NO CONTROLS,NONE DETECTED,NONE DETECTED,DB5113B9-D4CB-40F3-9EC6-BD96ED4B270E,PEDESTRIAN,Cross/Enter not at Intersection,INATTENTIVE,ON ROADWAY NOT AT CROSSWALK,NO PED. SIGNAL,DARK CLOTHING,,POSSIBLE INJURY,NONE,39.05903334,-77.06491828,"(39.05903334, -77.06491828)"
MCP24270004,16006138,Montgomery County Police,Injury Crash,02/05/2016 09:30:00 PM,County,MAYOR LA,County,SLIGO AVE,,N/A,PEDESTRIAN,SINGLE VEHICLE,CLEAR,DRY,DARK LIGHTS ON,NO CONTROLS,UNKNOWN,N/A,56AC267D-1468-4F07-BC6F-873F2BE8442C,PEDESTRIAN,Cross/Enter not at Intersection,OTHER,OTHER,N/A,DARK CLOTHING,Yes,POSSIBLE INJURY,NONE,38.99231917,-77.02590019,"(38.99231917, -77.02590019)"
MCP29190008,15022769,Montgomery County Police,Injury Crash,05/13/2015 07:21:00 AM,County,WAYNE AVE,US (State),GEORGIA AVE,,N/A,PEDESTRIAN,SINGLE VEHICLE,CLEAR,DRY,DAYLIGHT,TRAFFIC SIGNAL,NONE DETECTED,NONE DETECTED,F4F465F5-B7D9-4AC8-AE1B-BE620F892D7C,PEDESTRIAN,Cross/Enter at Intersection,FAILURE TO OBEY TRAFFIC SIGNS SIGNALS OR OFFICER,AT INTERSECTION MARKED CROSSWALK,DISOBEYED PED. SIGNAL,LIGHT CLOTHING,,SUSPECTED MINOR INJURY,N/A,38.9945977,-77.02675581,"(38.9945977, -77.02675581)"
MCP29730009,15020978,Montgomery County Police,Injury Crash,05/03/2015 12:00:00 AM,Maryland (State),GEORGIA AVE,Maryland (State),UNIVERSITY BLVD W,,N/A,BICYCLIST,STRAIGHT MOVEMENT ANGLE,CLEAR,DRY,DARK LIGHTS ON,NO CONTROLS,NONE DETECTED,NONE DETECTED,09D8C04D-DFC5-47B0-A49A-A12235F568DC,BICYCLIST,Walking/Riding against Traffic,NO IMPROPER ACTIONS,SIDEWALK,NO PED. SIGNAL,N/A,,POSSIBLE INJURY,NONE,39.04195667,-77.051715,"(39.04195667, -77.051715)"
HA23680008,16000440,Maryland-National Capital,Injury Crash,04/16/2016 11:00:00 AM,Government,LITTLE FALLS PKWY,Government,HILLANDALE RD,,N/A,BICYCLIST,STRAIGHT MOVEMENT ANGLE,CLEAR,DRY,DAYLIGHT,OTHER,NONE DETECTED,NONE DETECTED,371634CF-EE91-44E7-9241-8DE7758A79A3,BICYCLIST,Other,NO IMPROPER ACTIONS,ON ROADWAY AT CROSSWALK,N/A,MIXED CLOTHING,No,POSSIBLE INJURY,NONE,38.9733897,-77.10132122,"(38.9733897, -77.10132122)"
MCP3084000G,170534481,Montgomery County Police,Injury Crash,10/03/2017 09:04:00 AM,,,,,PARKING GARAGE AT 5430 WISCONSIN AVE.,,PEDESTRIAN,OTHER,N/A,,OTHER,N/A,NONE DETECTED,NONE DETECTED,5CFEC3B3-5237-40A9-8EB0-0DF9059409E4,PEDESTRIAN,Other,NO IMPROPER ACTIONS,INSIDE BUILDING,NO PED. SIGNAL,MIXED CLOTHING,No,POSSIBLE INJURY,N/A,38.96248633,-77.087057,"(38.96248633, -77.087057)"
MCP2347000B,16015117,Montgomery County Police,Injury Crash,03/28/2016 09:44:00 AM,County,GRACEFIELD RD,Other Public Roadway,CALVERTON BLVD,,N/A,PEDESTRIAN,OTHER,CLEAR,DRY,DAYLIGHT,STOP SIGN,N/A,NONE DETECTED,4CB5A2DD-5229-41D1-BE88-E5DC7A4BCE96,PEDESTRIAN,Cross/Enter at Intersection,DART DASH,AT INTERSECTION MARKED CROSSWALK,OTHER,N/A,Yes,SUSPECTED MINOR INJURY,NONE,39.04097167,-76.98741333,"(39.04097167, -76.98741333)"
DD5604002L,190005952,Rockville Police Departme,Injury Crash,02/06/2019 06:04:00 PM,Municipality,NELSON ST,Municipality,AZALEA DR,,ROCKVILLE,PEDESTRIAN,OTHER,RAINING,WET,DARK LIGHTS ON,N/A,NONE DETECTED,NONE DETECTED,43FBAC98-C589-4446-8F7C-D3E7006EBD1B,PEDESTRIAN,N/A,DART DASH,ON ROADWAY AT CROSSWALK,OBEYED PED. SIGNAL,DARK CLOTHING,No,SUSPECTED MINOR INJURY,N/A,39.09211,-77.17369,"(39.09211, -77.17369)"
MCP20460098,180059937,Montgomery County Police,Injury Crash,11/30/2018 05:32:00 PM,County,BRIGGS CHANEY RD,County,ASTON MANOR DR,,N/A,PEDESTRIAN,OTHER,CLEAR,DRY,DARK LIGHTS ON,NO CONTROLS,NONE DETECTED,NONE DETECTED,9A37E85E-CAB4-48ED-841F-E9862B93C8D0,PEDESTRIAN,Cross/Enter at Intersection,NO IMPROPER ACTIONS,AT INTERSECTION BUT NO CROSSWALK,NO PED. SIGNAL,DARK CLOTHING,No,POSSIBLE INJURY,N/A,39.07589015,-76.94114938,"(39.07589015, -76.94114938)"
MCP26670027,16001316,Montgomery County Police,Injury Crash,01/08/2016 08:45:00 AM,,,,,"PARKING LOT OF 8751 SNOUFFER SCHOOL RD 
(NEW PSTA)",,PEDESTRIAN,SINGLE VEHICLE,CLOUDY,,DAYLIGHT,NO CONTROLS,NONE DETECTED,NONE DETECTED,10CBDF7F-6B3A-4AD2-9BB6-2B22AA3F7C08,PEDESTRIAN,Standing,NO IMPROPER ACTIONS,OTHER,N/A,REFLECTIVE MATERIAL,No,SUSPECTED MINOR INJURY,REFLECTIVE CLOTHING,39.171245,-77.17567,"(39.171245, -77.17567)"
MCP3019000M,17015274,Montgomery County Police,Injury Crash,03/25/2017 12:47:00 PM,County,MACARTHUR BLVD,Interstate (State),CABIN JOHN PKWY,,N/A,BICYCLIST,SAME DIRECTION RIGHT TURN,CLEAR,DRY,DAYLIGHT,TRAFFIC SIGNAL,NONE DETECTED,NONE DETECTED,F2FDD694-2FDB-459A-BDF2-167A11335DCA,BICYCLIST,Walking/Riding w/Traffic,UNKNOWN,ON ROADWAY NOT AT CROSSWALK,UNKNOWN,N/A,No,SUSPECTED MINOR INJURY,MC/BIKE HELMET,38.972765,-77.147305,"(38.972765, -77.147305)"
DD5601002Y,170513709,Rockville Police Departme,Injury Crash,06/14/2017 07:16:00 PM,Municipality,PASTURE BROOK WAY,Municipality,WOOTTON PKWY,,ROCKVILLE,BICYCLIST,OTHER,CLEAR,DRY,DAYLIGHT,STOP SIGN,N/A,N/A,D2762516-ADF6-4E7F-80AF-50E582B10DC2,BICYCLIST,Cross/Enter at Intersection,UNKNOWN,ON ROADWAY AT CROSSWALK,N/A,MIXED CLOTHING,Unknown,SUSPECTED MINOR INJURY,MC/BIKE HELMET,39.06825333,-77.16766,"(39.06825333, -77.16766)"
MCP2934001P,16030855,Montgomery County Police,Injury Crash,06/18/2016 01:05:00 PM,County,SANGAMORE RD,County,SENTINEL RD,,N/A,PEDESTRIAN,OTHER,CLEAR,DRY,DAYLIGHT,STOP SIGN,NONE DETECTED,NONE DETECTED,DF869967-4F30-4159-A165-8B5B8D02C13E,PEDESTRIAN,Cross/Enter at Intersection,NO IMPROPER ACTIONS,AT INTERSECTION MARKED CROSSWALK,NO PED. SIGNAL,LIGHT CLOTHING,No,POSSIBLE INJURY,NONE,38.95043049,-77.12047085,"(38.95043049, -77.12047085)"
DD5621001F,170529129,Rockville Police Departme,Injury Crash,09/07/2017 08:55:00 AM,Maryland (State),ROCKVILLE PIKE,Maryland (State),DODGE ST,,N/A,PEDESTRIAN,SINGLE VEHICLE,CLEAR,DRY,DAYLIGHT,TRAFFIC SIGNAL,NONE DETECTED,NONE DETECTED,C33EB9B5-50A5-4844-9B6E-3BAEDE04C61B,PEDESTRIAN,Cross/Enter at Intersection,FAILURE TO OBEY TRAFFIC SIGNS SIGNALS OR OFFICER,ON ROADWAY AT CROSSWALK,DISOBEYED PED. SIGNAL,MIXED CLOTHING,Yes,SUSPECTED MINOR INJURY,NONE,39.08011233,-77.14363067,"(39.08011233, -77.14363067)"