Report Number,Local Case Number,Agency Name,ACRS Report Type,Crash Date/Time,Route Type,Road Name,Cross-Street Type,Cross-Street Name,Off-Road Description,Municipality,Related Non-Motorist,Collision Type,Weather,Surface Condition,Light,Traffic Control,Driver Substance Abuse,Non-Motorist Substance Abuse,Person ID,Pedestrian Type,Pedestrian Movement,Pedestrian Actions,Pedestrian Location,Pedestrian Obeyed Traffic Signal,Pedestrian Visibility,At Fault,Injury Severity,Safety Equipment,Latitude,Longitude,Location
MCP28790010,16019873,Montgomery County Police,Injury Crash,04/22/2016 07:05:00 PM,County,REDLAND RD,County,CRABBS BRANCH WAY,,N/A,PEDESTRIAN,N/A,CLEAR,DRY,DAYLIGHT,TRAFFIC SIGNAL,NONE DETECTED,NONE DETECTED,F44FA641-0B63-4F9D-A433-E6BFAC290A08,PEDESTRIAN,Cross/Enter at Intersection,NO IMPROPER ACTIONS,AT INTERSECTION MARKED CROSSWALK,OBEYED PED. SIGNAL,MIXED CLOTHING,No,SUSPECTED MINOR INJURY,NONE,39.12080667,-77.15868,"(39.12080667, -77.15868)"
MCP2363000M,15063599,Montgomery County Police,Fatal Crash,12/12/2015 06:54:00 PM,County,E GUDE DR,County,SOUTHLAWN LA,,N/A,BICYCLIST,STRAIGHT MOVEMENT ANGLE,CLEAR,DRY,DARK LIGHTS ON,TRAFFIC SIGNAL,NONE DETECTED,ALCOHOL PRESENT,BC2ACF21-39F0-44D4-A3A5-EE5F0C7898D6,BICYCLIST,Cross/Enter at Intersection,IN ROADWAY IMPROPERLY,AT INTERSECTION MARKED CROSSWALK,DISOBEYED PED. SIGNAL,DARK CLOTHING,Yes,FATAL INJURY,NONE,39.09762823,-77.13656545,"(39.09762823, -77.13656545)"
MCP28050020,16044966,Montgomery County Police,Injury Crash,09/02/2016 08:19:00 PM,County,LOST KNIFE RD,County,CONTOUR RD,,N/A,PEDESTRIAN,SINGLE VEHICLE,CLEAR,DRY,DARK LIGHTS ON,NO CONTROLS,NONE DETECTED,NONE DETECTED,7AEE0F89-3DAA-4EAE-A76E-1DF59E40B893,PEDESTRIAN,Cross/Enter at Intersection,N/A,ON ROADWAY AT CROSSWALK,NO PED. SIGNAL,N/A,No,SUSPECTED MINOR INJURY,N/A,39.15483167,-77.20111,"(39.15483167, -77.20111)"
MCP2848005S,170549495,Montgomery County Police,Injury Crash,12/19/2017 12:39:00 PM,Municipality,FRIENDSHIP BLVD,Municipality,S PARK AVE,,FRIENDSHIP HEIGHTS,PEDESTRIAN,OTHER,CLEAR,DRY,DAYLIGHT,STOP SIGN,NONE DETECTED,NONE DETECTED,5872F59C-D61E-476A-8862-B97A111979A8,PEDESTRIAN,Cross/Enter at Intersection,NO IMPROPER ACTIONS,AT INTERSECTION MARKED CROSSWALK,NO PED. SIGNAL,DARK CLOTHING,No,POSSIBLE INJURY,NONE,38.96318,-77.08932167,"(38.96318, -77.08932167)"
MCP26080016,15061219,MONTGOMERY,Injury Crash,11/30/2015 09:00:00 PM,County,FENTON ST,County,WAYNE AVE,,N/A,PEDESTRIAN,STRAIGHT MOVEMENT ANGLE,RAINING,WET,DARK LIGHTS ON,TRAFFIC SIGNAL,NONE DETECTED,NONE DETECTED,8B288893-493E-40F7-80F4-414D4BEF8D00,PEDESTRIAN,Cross/Enter at Intersection,NO IMPROPER ACTIONS,ON ROADWAY AT CROSSWALK,OBEYED PED. SIGNAL,MIXED CLOTHING,No,POSSIBLE INJURY,NONE,38.99559333,-77.024345,"(38.99559333, -77.024345)"
EJ7851000Z,15049380,GAITHERSBURG,Property Damage Crash,09/29/2015 12:22:00 PM,Municipality,TREWORTHY RD,Maryland (State),DARNESTOWN RD,,N/A,OTHER,OTHER,CLOUDY,N/A,DAYLIGHT,NO CONTROLS,,NONE DETECTED,FBCDC999-810D-4EC2-8B13-9F1392D9F69D,OTHER,N/A,N/A,N/A,N/A,N/A,No,NO APPARENT INJURY,N/A,39.10428067,-77.22552896,"(39.10428067, -77.22552896)"
MCP2687001T,17013092,Montgomery County Police,Injury Crash,03/13/2017 01:25:00 PM,County,ARLINGTON RD,County,ELM ST,,N/A,PEDESTRIAN,OTHER,CLEAR,DRY,DAYLIGHT,PERSON,NONE DETECTED,NONE DETECTED,D9491654-04AD-4BA7-877C-FA80CC4D038A,PEDESTRIAN,Cross/Enter at Intersection,NO IMPROPER ACTIONS,ON ROADWAY AT CROSSWALK,OBEYED PED. SIGNAL,LIGHT CLOTHING,No,NO APPARENT INJURY,NONE,38.98206798,-77.09851563,"(38.98206798, -77.09851563)"
MCP23530051,180003044,Montgomery County Police,Injury Crash,01/19/2018 07:32:00 AM,County,WESTLAKE TERR,County,ROCKLEDGE DR,,N/A,BICYCLIST,STRAIGHT MOVEMENT ANGLE,CLOUDY,DRY,DAYLIGHT,PERSON,NONE DETECTED,NONE DETECTED,183130D5-88F6-4492-9466-7F1E0FFCDFC1,BICYCLIST,Cross/Enter at Intersection,FAILURE TO OBEY TRAFFIC SIGNS SIGNALS OR OFFICER,AT INTERSECTION MARKED CROSSWALK,DISOBEYED PED. SIGNAL,MIXED CLOTHING,Yes,SUSPECTED MINOR INJURY,MC/BIKE HELMET,39.02642071,-77.13919133,"(39.02642071, -77.13919133)"
MCP2565002G,15065549,Montgomery County Police,Injury Crash,12/22/2015 05:15:00 PM,Maryland (State),OLD GEORGETOWN RD,County,TILDEN LA,,N/A,PEDESTRIAN,SINGLE VEHICLE,RAINING,WET,DARK LIGHTS ON,TRAFFIC SIGNAL,NONE DETECTED,NONE DETECTED,3FE115DE-8FB9-4197-9979-66DF6C3522A0,PEDESTRIAN,Cross/Enter at Intersection,NO IMPROPER ACTIONS,AT INTERSECTION MARKED CROSSWALK,OBEYED PED. SIGNAL,DARK CLOTHING,No,SUSPECTED MINOR INJURY,NONE,39.04474491,-77.12067738,"(39.04474491, -77.12067738)"
MCP2357001V,16053572,Montgomery County Police,Injury Crash,10/18/2016 09:30:00 AM,,,,,7740 FENTON ST. PARKING GARAGE LEVEL 3,,PEDESTRIAN,OTHER,N/A,,DAYLIGHT,N/A,N/A,NONE DETECTED,6B0B752C-9DA9-46AA-B917-DDFDF21A5308,PEDESTRIAN,N/A,UNKNOWN,N/A,N/A,MIXED CLOTHING,Yes,POSSIBLE INJURY,NONE,38.98682667,-77.02328833,"(38.98682667, -77.02328833)"
MCP3082000J,170531762,Montgomery County Police,Injury Crash,09/20/2017 01:06:00 PM,,,,,FRONT OF HOSPITAL ROAUNDABOUT,,PEDESTRIAN,SINGLE VEHICLE,CLEAR,,DAYLIGHT,NO CONTROLS,N/A,N/A,DBE1F78E-B2BC-418D-A7CB-AB5043AC358B,PEDESTRIAN,Standing,NO IMPROPER ACTIONS,OTHER,N/A,MIXED CLOTHING,No,SUSPECTED MINOR INJURY,N/A,39.01526584,-77.03566074,"(39.01526584, -77.03566074)"
MCP28050021,16050164,Montgomery County Police,Injury Crash,09/29/2016 08:07:00 PM,County,CONTOUR RD,County,ODENDHAL AVE,,N/A,BICYCLIST,SINGLE VEHICLE,RAINING,WET,DARK LIGHTS ON,TRAFFIC SIGNAL,NONE DETECTED,NONE DETECTED,8F613DB2-FE19-456A-B4A0-8FD459481906,BICYCLIST,Cross/Enter not at Intersection,NOT VISIBLE,ON ROADWAY AT CROSSWALK,UNKNOWN,DARK CLOTHING,Unknown,POSSIBLE INJURY,NONE,39.15244,-77.19595667,"(39.15244, -77.19595667)"
MCP0961000N,15007939,Montgomery County Police,Injury Crash,02/18/2015 07:21:00 AM,County,LOST KNIFE RD,County,CONTOUR RD,,N/A,PEDESTRIAN,SINGLE VEHICLE,CLEAR,SLUSH,DAYLIGHT,OTHER,NONE DETECTED,NONE DETECTED,8C5D11E2-FB88-4676-83FC-32BEA8408637,PEDESTRIAN,Cross/Enter at Intersection,NO IMPROPER ACTIONS,ON ROADWAY AT CROSSWALK,NO PED. SIGNAL,DARK CLOTHING,,SUSPECTED MINOR INJURY,NONE,39.15461,-77.20116833,"(39.15461, -77.20116833)"
MCP2923000Z,15045892,MONTGOMERY,Injury Crash,09/11/2015 08:32:00 AM,County,ASPEN HILL RD,Maryland (State),VEIRS MILL RD,,N/A,PEDESTRIAN,OTHER,CLEAR,DRY,DAYLIGHT,TRAFFIC SIGNAL,NONE DETECTED,NONE DETECTED,B4A7CCF7-679C-4606-8EED-4C8BD17089BE,PEDESTRIAN,Cross/Enter at Intersection,NO IMPROPER ACTIONS,ON ROADWAY AT CROSSWALK,OBEYED PED. SIGNAL,N/A,No,SUSPECTED MINOR INJURY,NONE,39.06912833,-77.104945,"(39.06912833, -77.104945)"
MCP2907000W,15004097,Montgomery County Police,Injury Crash,01/25/2015 09:04:00 PM,County,ELM ST,Maryland (State),WISCONSIN AVE,,N/A,PEDESTRIAN,OTHER,CLEAR,DRY,DARK LIGHTS ON,TRAFFIC SIGNAL,NONE DETECTED,NONE DETECTED,509DF3AE-1744-469E-AA63-0CDDEBB262B4,PEDESTRIAN,Cross/Enter at Intersection,NO IMPROPER ACTIONS,ON ROADWAY AT CROSSWALK,OBEYED PED. SIGNAL,DARK CLOTHING,,SUSPECTED MINOR INJURY,N/A,38.98287833,-77.09362,"(38.98287833, -77.09362)"
DD56010010,15033268,ROCKVILLE,Injury Crash,07/07/2015 07:05:00 PM,Maryland (State),NORBECK RD,County,BALTIMORE RD,,N/A,BICYCLIST,STRAIGHT MOVEMENT ANGLE,CLEAR,DRY,DAYLIGHT,TRAFFIC SIGNAL,N/A,N/A,E98A687F-2E95-42B7-A90D-DEB4324A8DE3,BICYCLIST,Walking/Riding w/Traffic,NO IMPROPER ACTIONS,ON ROADWAY AT CROSSWALK,OBEYED PED. SIGNAL,LIGHT CLOTHING,No,SUSPECTED MINOR INJURY,MC/BIKE HELMET,39.08491333,-77.13606167,"(39.08491333, -77.13606167)"
MCP3065000B,170525195,Montgomery County Police,Injury Crash,08/16/2017 04:46:00 PM,Maryland (State),NEW HAMPSHIRE AVE,County,NORTHAMPTON DR,,N/A,BICYCLIST,SINGLE VEHICLE,CLEAR,DRY,DAYLIGHT,N/A,NONE DETECTED,ALCOHOL PRESENT,3F6F20BA-E788-4E3A-AD98-B1C7C2CAC2ED,BICYCLIST,Cross/Enter not at Intersection,FAILURE TO YIELD RIGHT OF WAY,ON ROADWAY NOT AT CROSSWALK,NO PED. SIGNAL,LIGHT CLOTHING,Yes,SUSPECTED SERIOUS INJURY,NONE,39.00792333,-76.97992,"(39.00792333, -76.97992)"
MCP27530018,16039020,Montgomery County Police,Injury Crash,08/02/2016 09:15:00 AM,,,,,"PARKING LOT OF 3876 INTERNATIONAL DRIVE, SILVER SPRING MD 20906",,OTHER,OTHER,CLEAR,,DAYLIGHT,NO CONTROLS,NONE DETECTED,NONE DETECTED,E0EDD0A5-0C05-43CB-B008-55D4469CEED6,OTHER,N/A,N/A,OTHER,N/A,N/A,No,NO APPARENT INJURY,N/A,39.103295,-77.07598,"(39.103295, -77.07598)"
MCP229800K3,180040231,Montgomery County Police,Injury Crash,08/13/2018 02:45:00 PM,County,WARING STATION RD,Unknown,WINDING CREEK WAY,,N/A,PEDESTRIAN,OTHER,CLOUDY,DRY,DAYLIGHT,N/A,NONE DETECTED,NONE DETECTED,75231928-DCAD-406F-8F18-71751E3975D9,PEDESTRIAN,Other,DART DASH,OUTSIDE RIGHT OF WAY,N/A,DARK CLOTHING,Yes,POSSIBLE INJURY,N/A,39.16323667,-77.24913167,"(39.16323667, -77.24913167)"
MCP2909001B,17012671,Montgomery County Police,Injury Crash,03/10/2017 04:31:00 PM,,,,,PARKING LOT 6930 ARLINGTON RD,,PEDESTRIAN,SINGLE VEHICLE,N/A,,DAYLIGHT,NO CONTROLS,NONE DETECTED,N/A,36A344A9-BC2F-461E-9B73-8A14771F0AFD,PEDESTRIAN,Other,NO IMPROPER ACTIONS,OTHER,N/A,DARK CLOTHING,No,SUSPECTED MINOR INJURY,N/A,38.97935327,-77.09904671,"(38.97935327, -77.09904671)"
MCP2959002C,17013049,Montgomery County Police,Injury Crash,03/13/2017 06:44:00 AM,Maryland (State),VEIRS MILL RD,County,GAIL ST,,N/A,PEDESTRIAN,STRAIGHT MOVEMENT ANGLE,CLEAR,DRY,DARK LIGHTS ON,NO CONTROLS,NONE DETECTED,NONE DETECTED,A358E38D-D9BD-4995-A9FE-63601C52D138,PEDESTRIAN,Cross/Enter at Intersection,NO IMPROPER ACTIONS,AT INTERSECTION MARKED CROSSWALK,NO PED. SIGNAL,DARK CLOTHING,No,POSSIBLE INJURY,NONE,39.04942333,-77.07088667,"(39.04942333, -77.07088667)"
EJ78580016,170530283,Gaithersburg Police Depar,Injury Crash,09/13/2017 07:58:00 AM,Maryland (State),FREDERICK RD,Municipality,MONTGOMERY AVE,,GAITHERSBURG,PEDESTRIAN,OTHER,RAINING,WET,DAYLIGHT,NO CONTROLS,NONE DETECTED,NONE DETECTED,F6373F7F-D10A-4324-B7FF-0FE6E159AED4,PEDESTRIAN,Cross/Enter not at Intersection,FAILURE TO YIELD RIGHT OF WAY,ON ROADWAY NOT AT CROSSWALK,NO PED. SIGNAL,DARK CLOTHING,Yes,SUSPECTED MINOR INJURY,N/A,39.14555667,-77.20349667,"(39.14555667, -77.20349667)"
EJ78600020,190009244,Gaithersburg Police Depar,Injury Crash,02/26/2019 10:52:00 PM,County,MUDDY BRANCH RD,County,HARMONY HALL RD,,N/A,PEDESTRIAN,N/A,CLEAR,DRY,DARK LIGHTS ON,NO CONTROLS,NONE DETECTED,ALCOHOL PRESENT,697667B5-63A8-4EC8-9726-B719C5708FB0,PEDESTRIAN,Cross/Enter not at Intersection,IN ROADWAY IMPROPERLY,ON ROADWAY NOT AT CROSSWALK,NO PED. SIGNAL,MIXED CLOTHING,Yes,POSSIBLE INJURY,NONE,39.136855,-77.20563167,"(39.136855, -77.20563167)"
MCP05390027,16039408,Montgomery County Police,Injury Crash,08/04/2016 08:26:00 AM,County,OREBAUGH AVE,County,ARCOLA AVE,,N/A,BICYCLIST,HEAD ON LEFT TURN,CLEAR,DRY,DAYLIGHT,NO CONTROLS,NONE DETECTED,NONE DETECTED,B41EA458-8ED1-4E6C-A6C7-623B30EB172E,BICYCLIST,Cross/Enter at Intersection,OTHER,ON ROADWAY AT CROSSWALK,NO PED. SIGNAL,MIXED CLOTHING,No,SUSPECTED SERIOUS INJURY,MC/BIKE HELMET,39.12033667,-77.09731833,"(39.12033667, -77.09731833)"
MCP27980017,15057637,MONTGOMERY,Injury Crash,11/11/2015 09:28:00 PM,,,,,"rear parking lot of 15503 Old Columbia Pike, Burtonsville, MD 20866",,PEDESTRIAN,OTHER,CLEAR,,DARK LIGHTS ON,N/A,UNKNOWN,NONE DETECTED,2C8A55B1-15C6-4D92-B749-306581014270,PEDESTRIAN,Other,OTHER,OTHER,NO PED. SIGNAL,DARK CLOTHING,No,POSSIBLE INJURY,NONE,39.04617333,-76.990255,"(39.04617333, -76.990255)"
DD5583003M,170550116,Rockville Police Departme,Injury Crash,12/22/2017 10:37:00 AM,Maryland (State),ROCKVILLE PIKE,Unknown,SPUR TO MONROE PL,,N/A,PEDESTRIAN,SINGLE VEHICLE,CLEAR,DRY,DAYLIGHT,TRAFFIC SIGNAL,NONE DETECTED,N/A,D967854E-A8FA-4BBA-B457-319882FFEE41,PEDESTRIAN,Cross/Enter at Intersection,NO IMPROPER ACTIONS,AT INTERSECTION MARKED CROSSWALK,OBEYED PED. SIGNAL,MIXED CLOTHING,No,SUSPECTED MINOR INJURY,N/A,39.0835152,-77.14699253,"(39.0835152, -77.14699253)"
MCP29600027,170534273,Montgomery County Police,Injury Crash,10/02/2017 07:23:00 AM,County,HOMECREST RD,County,LONGMEAD CROSSING DR,,N/A,PEDESTRIAN,OTHER,N/A,DRY,DAWN,STOP SIGN,N/A,N/A,DC761DAF-6236-4EDE-8B43-E8D5A308F7C5,PEDESTRIAN,Cross/Enter at Intersection,NO IMPROPER ACTIONS,ON ROADWAY AT CROSSWALK,NO PED. SIGNAL,LIGHT CLOTHING,No,POSSIBLE INJURY,NONE,39.10357,-77.05400333,"(39.10357, -77.05400333)"
MCP27450027,190012266,Montgomery County Police,Injury Crash,03/16/2019 11:25:00 PM,,,,,IN FRONT OF 9708 DIGGING RD,,PEDESTRIAN,SINGLE VEHICLE,CLEAR,,DARK LIGHTS ON,NO CONTROLS,,NONE DETECTED,FB572AF2-26EB-4F62-8597-521F4E23982F,PEDESTRIAN,Other,INATTENTIVE,OTHER,N/A,DARK CLOTHING,Yes,SUSPECTED SERIOUS INJURY,N/A,39.16843084,-77.19982469,"(39.16843084, -77.19982469)"
MCP11230021,180036808,Montgomery County Police,Injury Crash,07/25/2018 11:08:00 AM,Maryland (State),LAYHILL RD,County,MIDDLEBRIDGE DR,,N/A,PEDESTRIAN,SINGLE VEHICLE,CLOUDY,DRY,DAYLIGHT,NO CONTROLS,NONE DETECTED,NONE DETECTED,C507E5CD-8691-4C97-A621-CC5561811C07,PEDESTRIAN,Cross/Enter at Intersection,DART DASH,AT INTERSECTION BUT NO CROSSWALK,NO PED. SIGNAL,MIXED CLOTHING,Unknown,SUSPECTED MINOR INJURY,NONE,39.072865,-77.0455,"(39.072865, -77.0455)"
MCP2001000T,170546565,Montgomery County Police,Injury Crash,12/04/2017 03:50:00 PM,Maryland (State),GEORGIA AVE,County,INTERNATIONAL DR,,N/A,PEDESTRIAN,SINGLE VEHICLE,CLEAR,DRY,DAYLIGHT,NO CONTROLS,NONE DETECTED,UNKNOWN,D05EC724-C6F2-48F8-B770-9D3E4CF2CBF5,PEDESTRIAN,Cross/Enter not at Intersection,UNKNOWN,ON ROADWAY NOT AT CROSSWALK,NO PED. SIGNAL,DARK CLOTHING,Unknown,SUSPECTED SERIOUS INJURY,NONE,39.10367082,-77.07682192,"(39.10367082, -77.07682192)"
MCP27170025,15038663,MONTGOMERY,Injury Crash,08/04/2015 01:00:00 PM,County,MACARTHUR BLVD,County,EGGERT DR,,N/A,BICYCLIST,OTHER,CLEAR,DRY,DAYLIGHT,NO CONTROLS,NONE DETECTED,NONE DETECTED,A2C63B3A-82A9-4A7F-BB9E-C4564A4EE6FB,BICYCLIST,Cross/Enter not at Intersection,DART DASH,ON ROADWAY NOT AT CROSSWALK,NO PED. SIGNAL,MIXED CLOTHING,Yes,SUSPECTED MINOR INJURY,MC/BIKE HELMET,38.98549667,-77.32862333,"(38.98549667, -77.32862333)"
EJ78390025,170516483,Gaithersburg Police Depar,Injury Crash,06/29/2017 06:15:00 PM,County,GAME PRESERVE RD,County,ARROWSMITH CT,,N/A,BICYCLIST,OTHER,CLEAR,DRY,DAYLIGHT,NO CONTROLS,NONE DETECTED,NONE DETECTED,85CEF4F4-67A2-46AA-A43A-ACEC40102C88,BICYCLIST,Cross/Enter at Intersection,IN ROADWAY IMPROPERLY,OUTSIDE RIGHT OF WAY,NO PED. SIGNAL,DARK CLOTHING,Yes,SUSPECTED MINOR INJURY,NONE,39.16404333,-77.22304167,"(39.16404333, -77.22304167)"
MCP1554001L,16052519,Montgomery County Police,Injury Crash,10/12/2016 05:33:00 PM,County,REDLAND RD,Other Public Roadway,SOMERVILLE DR,,N/A,PEDESTRIAN,SAME DIRECTION SIDESWIPE,CLEAR,DRY,DAYLIGHT,NO CONTROLS,NONE DETECTED,ALCOHOL PRESENT,44897226-993D-497F-990C-96CBE74D781C,PEDESTRIAN,Walking/Riding w/Traffic,IN ROADWAY IMPROPERLY,SHOULDER,N/A,UNKNOWN,Yes,POSSIBLE INJURY,NONE,39.11629,-77.16580833,"(39.11629, -77.16580833)"
MCP2831002G,170548149,Montgomery County Police,Injury Crash,12/12/2017 02:13:00 PM,,,,,PARKING LOT OF 20944 FREDERICK ROAD (GIANT SUPERMARKET),,PEDESTRIAN,SINGLE VEHICLE,CLEAR,,DAYLIGHT,NO CONTROLS,N/A,NONE DETECTED,30A61293-C3B5-4DAB-9A14-ACE9F3CF94AF,PEDESTRIAN,Other,N/A,OTHER,NO PED. SIGNAL,LIGHT CLOTHING,No,POSSIBLE INJURY,NONE,39.18349833,-77.275365,"(39.18349833, -77.275365)"
MCP29230045,180024852,Montgomery County Police,Injury Crash,05/21/2018 08:27:00 AM,County,HILLSDALE DR,County,MIDVAIL AVE,,N/A,PEDESTRIAN,OTHER,CLEAR,DRY,DAYLIGHT,NO CONTROLS,NONE DETECTED,NONE DETECTED,185217E2-51CC-4C41-B246-F56DD520695F,PEDESTRIAN,Standing,NO IMPROPER ACTIONS,CURB,N/A,UNKNOWN,No,SUSPECTED SERIOUS INJURY,N/A,39.03928333,-77.06077,"(39.03928333, -77.06077)"
MCP1213003P,180015705,Montgomery County Police,Injury Crash,03/31/2018 09:00:00 PM,Maryland (State),NEW HAMPSHIRE AVE,County,TREE LAWN DR,,N/A,PEDESTRIAN,SAME DIR REAR END,CLEAR,DRY,DARK LIGHTS ON,NO CONTROLS,NONE DETECTED,NONE DETECTED,B7661987-D701-4BDD-9A04-35EFE2AF35E4,PEDESTRIAN,Standing,NO IMPROPER ACTIONS,ON ROADWAY NOT AT CROSSWALK,N/A,REFLECTIVE MATERIAL,No,SUSPECTED SERIOUS INJURY,REFLECTIVE CLOTHING,39.14524833,-77.00562,"(39.14524833, -77.00562)"
MCP2749000R,15005961,Montgomery County Police,Injury Crash,02/05/2015 09:33:00 PM,,,,,Driveway entrance at Post gate,,PEDESTRIAN,STRAIGHT MOVEMENT ANGLE,CLEAR,,DARK LIGHTS ON,NO CONTROLS,NONE DETECTED,NONE DETECTED,1E175D8E-9980-4257-BFE2-ED9562D107EA,PEDESTRIAN,Walking/Cycling on Sidewalk,INATTENTIVE,SIDEWALK,NO PED. SIGNAL,DARK CLOTHING,,POSSIBLE INJURY,N/A,39.08676333,-77.07918,"(39.08676333, -77.07918)"
MCP2829001K,15042332,MONTGOMERY,Injury Crash,08/23/2015 10:02:00 PM,County,LOCKWOOD DR,Maryland (State),NEW HAMPSHIRE AVE,,N/A,PEDESTRIAN,OTHER,CLOUDY,DRY,DARK LIGHTS ON,NO CONTROLS,NONE DETECTED,NONE DETECTED,5FD5C1A0-941B-49B2-9125-9BB56E61A992,PEDESTRIAN,Cross/Enter not at Intersection,IN ROADWAY IMPROPERLY,ON ROADWAY NOT AT CROSSWALK,NO PED. SIGNAL,DARK CLOTHING,Yes,SUSPECTED MINOR INJURY,NONE,39.03932833,-76.99142,"(39.03932833, -76.99142)"
MCP26860027,170548353,Montgomery County Police,Injury Crash,12/13/2017 03:10:00 PM,County,WARING STATION RD,County,STONEY BOTTOM RD,,N/A,PEDESTRIAN,SINGLE VEHICLE,CLEAR,DRY,DAYLIGHT,OTHER,N/A,N/A,9768BC9D-F4D2-4378-9F0D-00EF1399BE94,PEDESTRIAN,Getting off/on Vehicle,DART DASH,ON ROADWAY AT CROSSWALK,NO PED. SIGNAL,MIXED CLOTHING,No,SUSPECTED MINOR INJURY,NONE,39.17321667,-77.253455,"(39.17321667, -77.253455)"
DD5611000B,15034736,ROCKVILLE,Injury Crash,07/15/2015 03:40:00 PM,Maryland (State),ROCKVILLE PIKE,Unknown,CONGRESSIONAL LA,,N/A,PEDESTRIAN,SINGLE VEHICLE,CLEAR,DRY,DAYLIGHT,NO CONTROLS,N/A,NONE DETECTED,B01A66B1-FEBC-4BDE-B999-7178D6C1091A,PEDESTRIAN,Other,INATTENTIVE,ON ROADWAY NOT AT CROSSWALK,N/A,LIGHT CLOTHING,No,SUSPECTED MINOR INJURY,N/A,39.06934167,-77.161965,"(39.06934167, -77.161965)"
MCP14530052,180004871,Montgomery County Police,Injury Crash,01/29/2018 06:57:00 AM,County,AIRCRAFT DR,County,CENTURY BLVD,,N/A,PEDESTRIAN,SINGLE VEHICLE,CLOUDY,DRY,DARK LIGHTS ON,TRAFFIC SIGNAL,NONE DETECTED,NONE DETECTED,A59FDFB3-9543-417D-B43B-DB8CD6AE3ED4,PEDESTRIAN,Cross/Enter at Intersection,FAILURE TO YIELD RIGHT OF WAY,ON ROADWAY AT CROSSWALK,UNKNOWN,MIXED CLOTHING,Unknown,SUSPECTED MINOR INJURY,NONE,39.18380167,-77.26145333,"(39.18380167, -77.26145333)"
MCP1512000J,15040629,MONTGOMERY,Injury Crash,08/14/2015 07:00:00 PM,,,,,Parking Lot of 50 Bureau Dr. Gaithersburg,,PEDESTRIAN,SINGLE VEHICLE,CLEAR,,DAYLIGHT,NO CONTROLS,NONE DETECTED,NONE DETECTED,05A667B7-7F62-422A-A125-EE292710D63F,PEDESTRIAN,Other,NO IMPROPER ACTIONS,N/A,NO PED. SIGNAL,MIXED CLOTHING,No,SUSPECTED MINOR INJURY,NONE,39.14424667,-77.21852833,"(39.14424667, -77.21852833)"
MCP2978000T,15058952,MONTGOMERY,Injury Crash,11/18/2015 10:00:00 PM,County,PLATINUM DR,County,OUTPOST DR,,N/A,PEDESTRIAN,SINGLE VEHICLE,CLEAR,DRY,DARK LIGHTS ON,STOP SIGN,NONE DETECTED,NONE DETECTED,B12627B4-2935-4228-AED2-4B4BAC35E24F,PEDESTRIAN,Cross/Enter at Intersection,FAILURE TO YIELD RIGHT OF WAY,ON ROADWAY NOT AT CROSSWALK,NO PED. SIGNAL,MIXED CLOTHING,Yes,SUSPECTED MINOR INJURY,NONE,39.09175374,-77.21927136,"(39.09175374, -77.21927136)"
MCP2298006Q,15056003,MONTGOMERY,Injury Crash,11/03/2015 03:25:00 PM,Maryland (State),FREDERICK RD,County,BRINK RD,,N/A,PEDESTRIAN,SAME DIR REAR END,CLEAR,DRY,DAYLIGHT,NO CONTROLS,"NONE DETECTED, UNKNOWN",NONE DETECTED,53C626E7-E07D-4B71-A08A-ECC687C2D27B,PEDESTRIAN,Standing,OTHER,ON ROADWAY NOT AT CROSSWALK,N/A,DARK CLOTHING,No,NO APPARENT INJURY,N/A,39.21385143,-77.24928796,"(39.21385143, -77.24928796)"
MCP2362000K,15007717,Montgomery County Police,Injury Crash,02/16/2015 10:05:00 AM,,,,,Parking lot of 10121 New Hampshire Ave,,PEDESTRIAN,OTHER,CLOUDY,,DAYLIGHT,N/A,NONE DETECTED,NONE DETECTED,CBF3C8C1-EB3A-46E0-93F6-F0198D6A72DB,PEDESTRIAN,Standing,OTHER,OTHER,N/A,LIGHT CLOTHING,,SUSPECTED MINOR INJURY,N/A,39.02194,-76.97585333,"(39.02194, -76.97585333)"
MCP3148000T,180058375,Montgomery County Police,Injury Crash,11/21/2018 07:10:00 AM,County,BANGOR DR,County,WAYCROSS WAY,,N/A,PEDESTRIAN,HEAD ON,CLEAR,N/A,DAYLIGHT,N/A,UNKNOWN,N/A,E8E679AC-4B45-4214-9C0C-CD11D33728E4,PEDESTRIAN,Standing,NO IMPROPER ACTIONS,ON ROADWAY NOT AT CROSSWALK,N/A,MIXED CLOTHING,No,SUSPECTED MINOR INJURY,N/A,38.99745167,-77.1098,"(38.99745167, -77.1098)"
MCP2866001J,15042115,MONTGOMERY,Injury Crash,08/22/2015 04:58:00 PM,County,TUCKERMAN LA,County,MONTROSE AVE,,N/A,BICYCLIST,STRAIGHT MOVEMENT ANGLE,CLEAR,DRY,DAYLIGHT,STOP SIGN,NONE DETECTED,NONE DETECTED,56E02D29-11B2-4D99-9FDF-405A71DE190C,BICYCLIST,Cross/Enter at Intersection,NO IMPROPER ACTIONS,AT INTERSECTION MARKED CROSSWALK,NO PED. SIGNAL,DARK CLOTHING,No,POSSIBLE INJURY,MC/BIKE HELMET,39.02618333,-77.10142833,"(39.02618333, -77.10142833)"