Report Number,Local Case Number,Agency Name,ACRS Report Type,Crash Date/Time,Route Type,Road Name,Cross-Street Type,Cross-Street Name,Off-Road Description,Municipality,Related Non-Motorist,Collision Type,Weather,Surface Condition,Light,Traffic Control,Driver Substance Abuse,Non-Motorist Substance Abuse,Person ID,Pedestrian Type,Pedestrian Movement,Pedestrian Actions,Pedestrian Location,Pedestrian Obeyed Traffic Signal,Pedestrian Visibility,At Fault,Injury Severity,Safety Equipment,Latitude,Longitude,Location
MCP22030029,170549506,Montgomery County Police,Injury Crash,12/19/2017 01:35:00 PM,County,AMHERST AVE,Maryland (State),UNIVERSITY BLVD W,,N/A,PEDESTRIAN,ANGLE MEETS RIGHT TURN,CLEAR,DRY,DAYLIGHT,TRAFFIC SIGNAL,NONE DETECTED,NONE DETECTED,8121C4DF-8D1F-4E59-B879-5A66EE8A587D,PEDESTRIAN,Cross/Enter at Intersection,NO IMPROPER ACTIONS,ON ROADWAY AT CROSSWALK,OBEYED PED. SIGNAL,DARK CLOTHING,No,SUSPECTED MINOR INJURY,NONE,39.04075833,-77.04814833,"(39.04075833, -77.04814833)"
MCP3188000L,190023386,Montgomery County Police,Injury Crash,05/17/2019 06:12:00 PM,,,,,PARKING LOT OF STROSNIDERS HARDWARE,,PEDESTRIAN,STRAIGHT MOVEMENT ANGLE,CLEAR,,DAYLIGHT,TRAFFIC SIGNAL,UNKNOWN,NONE DETECTED,0457BF95-2024-48B3-ACE4-66AB520515CA,PEDESTRIAN,Cross/Enter at Intersection,NO IMPROPER ACTIONS,AT INTERSECTION MARKED CROSSWALK,OBEYED PED. SIGNAL,UNKNOWN,No,SUSPECTED MINOR INJURY,NONE,38.97939135,-77.09878308,"(38.97939135, -77.09878308)"
MCP1205001L,15059306,MONTGOMERY,Injury Crash,11/20/2015 01:36:00 PM,,,,,Parking area of 7851 Old Georgetown Road.,,PEDESTRIAN,OTHER,CLEAR,,DAYLIGHT,N/A,NONE DETECTED,NONE DETECTED,742381F1-6DE6-42A6-B5F0-312A65D25D6C,PEDESTRIAN,Other,NO IMPROPER ACTIONS,OTHER,N/A,MIXED CLOTHING,No,SUSPECTED MINOR INJURY,N/A,38.98836856,-77.10028052,"(38.98836856, -77.10028052)"
MCP20460098,180059937,Montgomery County Police,Injury Crash,11/30/2018 05:32:00 PM,County,BRIGGS CHANEY RD,County,ASTON MANOR DR,,N/A,PEDESTRIAN,OTHER,CLEAR,DRY,DARK LIGHTS ON,NO CONTROLS,NONE DETECTED,NONE DETECTED,7179F634-96B1-4A6B-9C35-DB20847FDD6B,PEDESTRIAN,Cross/Enter at Intersection,NO IMPROPER ACTIONS,AT INTERSECTION BUT NO CROSSWALK,NO PED. SIGNAL,DARK CLOTHING,No,POSSIBLE INJURY,N/A,39.07589015,-76.94114938,"(39.07589015, -76.94114938)"
MCP3054000B,170526568,Montgomery County Police,Injury Crash,08/24/2017 08:37:00 AM,Municipality,N VAN BUREN ST,Municipality,W MIDDLE LA,,ROCKVILLE,PEDESTRIAN,SINGLE VEHICLE,CLEAR,DRY,DAYLIGHT,N/A,NONE DETECTED,NONE DETECTED,6F56C650-7178-4C49-824F-FE630319AA92,PEDESTRIAN,Cross/Enter at Intersection,NO IMPROPER ACTIONS,AT INTERSECTION MARKED CROSSWALK,NO PED. SIGNAL,LIGHT CLOTHING,No,SUSPECTED MINOR INJURY,NONE,39.08495177,-77.15656668,"(39.08495177, -77.15656668)"
MCP2693002G,180015547,Montgomery County Police,Injury Crash,03/30/2018 07:54:00 PM,County,ASPEN HILL RD,County,FRANKFORT DR,,N/A,PEDESTRIAN,SINGLE VEHICLE,CLEAR,DRY,DARK LIGHTS ON,NO CONTROLS,NONE DETECTED,NONE DETECTED,6BC79343-D2B1-420B-88BB-EA9ED47498FB,PEDESTRIAN,Cross/Enter at Intersection,NO IMPROPER ACTIONS,ON ROADWAY AT CROSSWALK,NO PED. SIGNAL,DARK CLOTHING,No,SUSPECTED MINOR INJURY,N/A,39.07955,-77.08385333,"(39.07955, -77.08385333)"
MCP13780088,15053037,MONTGOMERY,Injury Crash,10/19/2015 02:58:00 PM,County,MONTGOMERY VILLAGE AVE,County,CLUB HOUSE RD,,N/A,PEDESTRIAN,SINGLE VEHICLE,CLEAR,DRY,DAYLIGHT,TRAFFIC SIGNAL,NONE DETECTED,NONE DETECTED,F2E845F5-2146-45F6-BC67-A49D091649B0,PEDESTRIAN,Cross/Enter at Intersection,NO IMPROPER ACTIONS,ON ROADWAY AT CROSSWALK,OBEYED PED. SIGNAL,MIXED CLOTHING,No,POSSIBLE INJURY,N/A,39.17440667,-77.20350833,"(39.17440667, -77.20350833)"
MCP3059001D,180002551,Montgomery County Police,Injury Crash,01/16/2018 06:30:00 PM,County,RANDOLPH RD,County,DALEWOOD DR,,N/A,PEDESTRIAN,OTHER,CLEAR,DRY,DARK LIGHTS ON,TRAFFIC SIGNAL,NONE DETECTED,NONE DETECTED,5611F368-8854-40C2-9F9C-D8467E7C70F8,PEDESTRIAN,Cross/Enter at Intersection,NO IMPROPER ACTIONS,ON ROADWAY AT CROSSWALK,OBEYED PED. SIGNAL,MIXED CLOTHING,No,POSSIBLE INJURY,N/A,39.05900333,-77.069125,"(39.05900333, -77.069125)"
MCP2598002Q,190013677,Montgomery County Police,Injury Crash,03/25/2019 07:47:00 AM,County,CASTLE BLVD,Unknown,TEAGARDEN CIR,,N/A,PEDESTRIAN,STRAIGHT MOVEMENT ANGLE,CLEAR,DRY,DAYLIGHT,NO CONTROLS,NONE DETECTED,NONE DETECTED,ACA66B1C-CED5-4A00-AEE4-8AE97A5BD90C,PEDESTRIAN,Cross/Enter not at Intersection,DART DASH,ON ROADWAY NOT AT CROSSWALK,NO PED. SIGNAL,DARK CLOTHING,Yes,POSSIBLE INJURY,NONE,39.08490667,-76.940445,"(39.08490667, -76.940445)"
MCP24730004,15017267,Montgomery County Police,Property Damage Crash,04/13/2015 08:43:00 AM,County,OLNEY MILL RD,County,MT OLNEY LA,,N/A,OTHER,SINGLE VEHICLE,CLEAR,DRY,DAYLIGHT,N/A,N/A,N/A,A40B9701-4274-4757-9611-985037802365,OTHER,N/A,NO IMPROPER ACTIONS,N/A,N/A,N/A,,NO APPARENT INJURY,N/A,39.172903,-77.07902201,"(39.172903, -77.07902201)"
MCP1121003L,180003360,Montgomery County Police,Injury Crash,01/20/2018 07:25:00 PM,Maryland (State),MUNCASTER MILL RD,County,REDLAND RD,,N/A,PEDESTRIAN,SINGLE VEHICLE,CLEAR,DRY,DARK LIGHTS ON,TRAFFIC SIGNAL,NONE DETECTED,NONE DETECTED,022045FD-765B-488E-B0B8-20ADAE64215B,PEDESTRIAN,Cross/Enter at Intersection,DART DASH,AT INTERSECTION MARKED CROSSWALK,DISOBEYED PED. SIGNAL,MIXED CLOTHING,Yes,POSSIBLE INJURY,NONE,39.14544,-77.14410167,"(39.14544, -77.14410167)"
MCP31500006,180012483,Montgomery County Police,Injury Crash,03/12/2018 06:08:00 PM,County,WAYNE AVE,County,CEDAR ST,,N/A,PEDESTRIAN,N/A,CLEAR,DRY,DAYLIGHT,NO CONTROLS,NONE DETECTED,NONE DETECTED,563E2646-6FA0-4FAE-BD5B-58F56A582213,PEDESTRIAN,Other,UNKNOWN,ON ROADWAY AT CROSSWALK,DISOBEYED PED. SIGNAL,MIXED CLOTHING,No,SUSPECTED MINOR INJURY,NONE,38.99688,-77.022125,"(38.99688, -77.022125)"
MCP1425000B,170528335,Montgomery County Police,Property Damage Crash,09/02/2017 01:51:00 PM,Maryland (State),FALLS RD,County,GLEN RD,,N/A,OTHER,SINGLE VEHICLE,RAINING,WET,DAYLIGHT,NO CONTROLS,N/A,N/A,6467E07E-6858-429C-924D-394EC1E80AE4,OTHER,N/A,N/A,N/A,N/A,N/A,No,NO APPARENT INJURY,N/A,39.04686,-77.19077667,"(39.04686, -77.19077667)"
MCP27800042,180040949,Montgomery County Police,Injury Crash,08/17/2018 02:43:00 PM,Maryland (State),CLOPPER RD,County,KINGSVIEW VILLAGE AVE,,N/A,BICYCLIST,OTHER,N/A,DRY,DAYLIGHT,TRAFFIC SIGNAL,N/A,NONE DETECTED,A7A87082-6B23-4493-A978-F50BDD417792,BICYCLIST,Walking/Cycling on Sidewalk,IN ROADWAY IMPROPERLY,AT INTERSECTION MARKED CROSSWALK,OBEYED PED. SIGNAL,LIGHT CLOTHING,Yes,SUSPECTED MINOR INJURY,MC/BIKE HELMET,39.16089167,-77.27955,"(39.16089167, -77.27955)"
MCP3021000F,17011682,Montgomery County Police,Injury Crash,03/05/2017 05:13:00 PM,County,SILVER SPRING AVE,US (State),GEORGIA AVE,,N/A,PEDESTRIAN,SINGLE VEHICLE,CLEAR,DRY,DAYLIGHT,NO CONTROLS,NONE DETECTED,NONE DETECTED,4D224526-10CF-46A3-886B-969487044F9E,PEDESTRIAN,Cross/Enter not at Intersection,IN ROADWAY IMPROPERLY,ON ROADWAY NOT AT CROSSWALK,NO PED. SIGNAL,DARK CLOTHING,No,SUSPECTED MINOR INJURY,NONE,38.99167708,-77.02522025,"(38.99167708, -77.02522025)"
MCP2968001V,170545631,Montgomery County Police,Property Damage Crash,11/29/2017 05:38:00 PM,County,TRAVILAH RD,County,STONEBRIDGE VIEW DR,,N/A,PEDESTRIAN,OTHER,CLEAR,DRY,DARK LIGHTS ON,NO CONTROLS,N/A,N/A,7D75ABCF-A360-4375-953A-D9A94239E0CD,PEDESTRIAN,Cross/Enter at Intersection,N/A,AT INTERSECTION MARKED CROSSWALK,NO PED. SIGNAL,MIXED CLOTHING,No,NO APPARENT INJURY,N/A,39.08924,-77.21421667,"(39.08924, -77.21421667)"
MCP28480032,16027760,Montgomery County Police,Injury Crash,06/03/2016 12:03:00 PM,County,EXECUTIVE BLVD,Maryland (State),OLD GEORGETOWN RD,,N/A,BICYCLIST,STRAIGHT MOVEMENT ANGLE,CLOUDY,DRY,DAYLIGHT,NO CONTROLS,NONE DETECTED,NONE DETECTED,F6BECD71-9C52-4DD4-B4BB-1A0C26208BB0,BICYCLIST,Cross/Enter at Intersection,NO IMPROPER ACTIONS,SIDEWALK,NO PED. SIGNAL,LIGHT CLOTHING,No,SUSPECTED MINOR INJURY,MC/BIKE HELMET,39.04729,-77.11769,"(39.04729, -77.11769)"
MCP94280013,16023526,Montgomery County Police,Property Damage Crash,05/12/2016 05:35:00 AM,Maryland (State),DAMASCUS RD,County,CHROME MINE RD,,N/A,IN ANIMAL-DRAWN VEH,STRAIGHT MOVEMENT ANGLE,FOGGY,N/A,DAWN,NO CONTROLS,N/A,N/A,A8C041DC-35A9-405B-8DF4-3B1CC356ABB4,IN ANIMAL-DRAWN VEH,Other,DART DASH,SHOULDER,N/A,N/A,No,NO APPARENT INJURY,N/A,39.26200167,-77.14981667,"(39.26200167, -77.14981667)"
MCP29670022,170507915,Montgomery County Police,Injury Crash,05/15/2017 04:52:00 PM,County,FALLS RD,Maryland (State),RIVER RD,,N/A,PEDESTRIAN,OTHER,CLEAR,DRY,DAYLIGHT,TRAFFIC SIGNAL,N/A,N/A,5946CC77-76F1-444A-97B7-D87F824058D2,PEDESTRIAN,Cross/Enter at Intersection,NO IMPROPER ACTIONS,AT INTERSECTION MARKED CROSSWALK,OBEYED PED. SIGNAL,MIXED CLOTHING,No,SUSPECTED MINOR INJURY,NONE,39.01734833,-77.21019167,"(39.01734833, -77.21019167)"
MCP2001000J,16039546,Montgomery County Police,Fatal Crash,08/04/2016 09:20:00 PM,Maryland (State),LAYHILL RD,Unknown,ENT TO LAYHILL SHOPPING CENTER,,N/A,PEDESTRIAN,SINGLE VEHICLE,CLEAR,DRY,DARK NO LIGHTS,NO CONTROLS,UNKNOWN,UNKNOWN,07F64B53-C239-459E-B8B4-0FBC327C182A,PEDESTRIAN,Unknown,UNKNOWN,ON ROADWAY NOT AT CROSSWALK,NO PED. SIGNAL,UNKNOWN,Unknown,FATAL INJURY,UNKNOWN,39.09240845,-77.04520404,"(39.09240845, -77.04520404)"
MCP2008002J,16040174,Montgomery County Police,Injury Crash,08/08/2016 03:07:00 PM,County,CORDELL AVE,County,WOODMONT AVE,,N/A,PEDESTRIAN,OTHER,N/A,DRY,DAYLIGHT,N/A,UNKNOWN,NONE DETECTED,653E79CC-6353-4AEC-A084-9E499EB5CBB7,PEDESTRIAN,Cross/Enter not at Intersection,IN ROADWAY IMPROPERLY,ON ROADWAY NOT AT CROSSWALK,NO PED. SIGNAL,MIXED CLOTHING,No,SUSPECTED MINOR INJURY,N/A,38.99047667,-77.09696167,"(38.99047667, -77.09696167)"
MCP3078002L,180061491,Montgomery County Police,Injury Crash,12/09/2018 02:23:00 AM,,,,,14400 TAOS COURT,,PEDESTRIAN,OTHER,CLEAR,,DARK LIGHTS ON,N/A,UNKNOWN,NONE DETECTED,D456826E-F980-45C2-880C-0ACE34EE5999,PEDESTRIAN,Standing,NO IMPROPER ACTIONS,OTHER,NO PED. SIGNAL,REFLECTIVE MATERIAL,No,SUSPECTED MINOR INJURY,N/A,39.03722,-77.04036,"(39.03722, -77.04036)"
MCP2789002Z,16061280,Montgomery County Police,Injury Crash,11/29/2016 05:16:00 PM,County,LINDEN LA,County,SECOND AVE,,N/A,PEDESTRIAN,SINGLE VEHICLE,RAINING,WET,DARK LIGHTS ON,TRAFFIC SIGNAL,N/A,N/A,D0D3EADF-11E3-4B7D-B279-5EAB73B17069,PEDESTRIAN,Cross/Enter at Intersection,FAILURE TO OBEY TRAFFIC SIGNS SIGNALS OR OFFICER,ON ROADWAY AT CROSSWALK,DISOBEYED PED. SIGNAL,MIXED CLOTHING,Yes,POSSIBLE INJURY,N/A,38.99923,-77.02607167,"(38.99923, -77.02607167)"
MCP2889001N,16046757,Montgomery County Police,Injury Crash,09/12/2016 03:40:00 PM,Maryland (State),GEORGIA AVE,Maryland (State),UNIVERSITY BLVD W,,N/A,PEDESTRIAN,SINGLE VEHICLE,N/A,N/A,DAYLIGHT,N/A,NONE DETECTED,NONE DETECTED,B4B73ECE-AFEF-42BE-AC68-970D5ADC3F09,PEDESTRIAN,Cross/Enter not at Intersection,FAILURE TO YIELD RIGHT OF WAY,ON ROADWAY NOT AT CROSSWALK,N/A,LIGHT CLOTHING,Yes,POSSIBLE INJURY,NONE,39.04182333,-77.05241167,"(39.04182333, -77.05241167)"
MCP2764000R,15032702,MONTGOMERY,Injury Crash,07/04/2015 07:04:00 PM,Maryland (State),VEIRS MILL RD,County,VALLEYWOOD DR,,N/A,PEDESTRIAN,OTHER,N/A,N/A,DAYLIGHT,NO CONTROLS,NONE DETECTED,NONE DETECTED,D7EF38EC-C4E7-4D7D-BA33-25E6CEAC3240,PEDESTRIAN,Cross/Enter not at Intersection,DART DASH,ON ROADWAY AT CROSSWALK,NO PED. SIGNAL,MIXED CLOTHING,Unknown,POSSIBLE INJURY,NONE,39.04960212,-77.0709157,"(39.04960212, -77.0709157)"
MCP2756000X,15046374,MONTGOMERY,Injury Crash,09/13/2015 07:19:00 PM,Maryland (State),UNIVERSITY BLVD W,County,INWOOD AVE,,N/A,PEDESTRIAN,SINGLE VEHICLE,CLEAR,DRY,DUSK,TRAFFIC SIGNAL,NONE DETECTED,NONE DETECTED,E088262F-2BCD-499D-89B0-5ECAF2F1CFEE,PEDESTRIAN,Cross/Enter at Intersection,N/A,ON ROADWAY AT CROSSWALK,OBEYED PED. SIGNAL,LIGHT CLOTHING,No,SUSPECTED SERIOUS INJURY,N/A,39.036108,-77.036404,"(39.036108, -77.036404)"
MCP2378000P,16041783,Montgomery County Police,Property Damage Crash,08/17/2016 05:23:00 PM,Municipality,DORSET AVE,Municipality,WARWICK PL,,SOMERSET,BICYCLIST,HEAD ON LEFT TURN,CLEAR,DRY,DAYLIGHT,STOP SIGN,NONE DETECTED,NONE DETECTED,BB349278-7CA9-4DC8-A632-1FE317B6C6FA,BICYCLIST,Walking/Riding w/Traffic,FAILURE TO YIELD RIGHT OF WAY,AT INTERSECTION MARKED CROSSWALK,N/A,MIXED CLOTHING,Yes,NO APPARENT INJURY,NONE,38.96773219,-77.09322497,"(38.96773219, -77.09322497)"
MCP15540018,16012852,MONTGOMERY,Injury Crash,03/15/2016 08:33:00 PM,County,REDLAND RD,Maryland (State),FREDERICK RD,,N/A,PEDESTRIAN,OTHER,CLEAR,DRY,DARK LIGHTS ON,TRAFFIC SIGNAL,NONE DETECTED,NONE DETECTED,215C76F2-7863-4B2E-93D5-EB8B9CD814B0,PEDESTRIAN,Cross/Enter at Intersection,NO IMPROPER ACTIONS,ON ROADWAY AT CROSSWALK,OBEYED PED. SIGNAL,DARK CLOTHING,No,SUSPECTED MINOR INJURY,N/A,39.11576833,-77.165735,"(39.11576833, -77.165735)"
MCP2959003X,180008331,Montgomery County Police,Injury Crash,02/17/2018 05:59:00 AM,,,,,DRIVEWAY OF 2305 SHOREFIELD ROAD,,PEDESTRIAN,STRAIGHT MOVEMENT ANGLE,CLEAR,,DARK LIGHTS ON,NO CONTROLS,NONE DETECTED,NONE DETECTED,504C9C76-F58B-4874-8B64-52E4C2AAB74A,PEDESTRIAN,Walking/Cycling on Sidewalk,NO IMPROPER ACTIONS,SIDEWALK,NO PED. SIGNAL,DARK CLOTHING,No,POSSIBLE INJURY,NONE,39.05302858,-77.05005616,"(39.05302858, -77.05005616)"
MCP2588002R,170516788,Montgomery County Police,Injury Crash,07/01/2017 10:50:00 AM,,,,,PARKING LOT OF 14000 GEORGIA AVE (HOME DEPOT),,PEDESTRIAN,OTHER,CLEAR,,DAYLIGHT,NO CONTROLS,NONE DETECTED,NONE DETECTED,92C62169-C7D5-4E0C-9142-CB2E230E3875,PEDESTRIAN,Other,INATTENTIVE,OTHER,N/A,LIGHT CLOTHING,Yes,POSSIBLE INJURY,N/A,39.084425,-77.07824333,"(39.084425, -77.07824333)"
MCP2952001X,16024236,Montgomery County Police,Injury Crash,05/16/2016 07:36:00 AM,Maryland (State),16TH ST,Maryland (State),EAST WEST HWY,,N/A,BICYCLIST,HEAD ON LEFT TURN,CLEAR,DRY,DAYLIGHT,TRAFFIC SIGNAL,NONE DETECTED,NONE DETECTED,9A1BC954-DCA3-4202-A7D6-830D9F402958,BICYCLIST,Other,NO IMPROPER ACTIONS,SIDEWALK,OBEYED PED. SIGNAL,DARK CLOTHING,No,SUSPECTED MINOR INJURY,NONE,38.99429,-77.03634833,"(38.99429, -77.03634833)"
MCP28940030,16051577,Montgomery County Police,Property Damage Crash,10/07/2016 01:12:00 PM,County,BREEZEWOOD TERR,County,STONEWOOD LA,,N/A,PEDESTRIAN,SINGLE VEHICLE,CLOUDY,DRY,DAYLIGHT,NO CONTROLS,NONE DETECTED,NONE DETECTED,3E6E439D-EB48-4BB8-97C4-C4D7B9389C6D,PEDESTRIAN,Other,NO IMPROPER ACTIONS,ON ROADWAY NOT AT CROSSWALK,NO PED. SIGNAL,REFLECTIVE MATERIAL,No,NO APPARENT INJURY,REFLECTIVE CLOTHING,39.04810234,-77.14024544,"(39.04810234, -77.14024544)"
MCP2837000W,16017365,Montgomery County Police,Injury Crash,04/09/2016 02:13:00 PM,,,,,PARKING LOT IN FRONT OF CICI'S PIZZA AT 12111 ROCKVILLE PIKE,,PEDESTRIAN,OTHER,CLOUDY,,DAYLIGHT,NO CONTROLS,NONE DETECTED,NONE DETECTED,9D703D64-815F-4497-87A6-5233D66A6EF1,PEDESTRIAN,Other,OTHER,OTHER,NO PED. SIGNAL,OTHER,No,POSSIBLE INJURY,N/A,39.05717667,-77.11872,"(39.05717667, -77.11872)"
MCP13660042,16002287,Montgomery County Police,Injury Crash,01/13/2016 06:55:00 AM,Maryland (State),ROCKVILLE PIKE,Municipality,HALPINE RD,,ROCKVILLE,PEDESTRIAN,SINGLE VEHICLE,CLEAR,DRY,DARK LIGHTS ON,TRAFFIC SIGNAL,NONE DETECTED,NONE DETECTED,ED457798-7874-4AF6-8C2F-75EC13A2855E,PEDESTRIAN,Cross/Enter at Intersection,NO IMPROPER ACTIONS,AT INTERSECTION MARKED CROSSWALK,OBEYED PED. SIGNAL,MIXED CLOTHING,No,SUSPECTED SERIOUS INJURY,N/A,39.06215333,-77.12398333,"(39.06215333, -77.12398333)"
MCP2001000K,16053275,Montgomery County Police,Fatal Crash,10/16/2016 08:49:00 PM,Maryland (State),NORBECK RD,County,BALTIMORE RD,,N/A,PEDESTRIAN,SINGLE VEHICLE,CLEAR,DRY,DARK LIGHTS ON,TRAFFIC SIGNAL,NONE DETECTED,ALCOHOL PRESENT,90C3335F-C3EF-4E26-90ED-619899FCD0DF,PEDESTRIAN,Cross/Enter at Intersection,DART DASH,ON ROADWAY NOT AT CROSSWALK,DISOBEYED PED. SIGNAL,DARK CLOTHING,Yes,FATAL INJURY,NONE,39.09517243,-77.11253889,"(39.09517243, -77.11253889)"
DD5603003J,16064126,Rockville Police Departme,Injury Crash,12/14/2016 09:15:00 AM,,,,,1600 BLK OF YALE PLACE (RESIDENTIAL PARKING LOT),,PEDESTRIAN,OTHER,CLEAR,,DAYLIGHT,NO CONTROLS,UNKNOWN,NONE DETECTED,20CD2DF7-BC07-4849-9FCF-821A4D3351D7,PEDESTRIAN,Walking to/from school,NO IMPROPER ACTIONS,OTHER,NO PED. SIGNAL,DARK CLOTHING,No,POSSIBLE INJURY,N/A,39.10448361,-77.16208801,"(39.10448361, -77.16208801)"
MCP3184000J,190019033,Montgomery County Police,Injury Crash,04/23/2019 01:50:00 PM,Maryland (State),GEORGIA AVE,Maryland (State),UNIVERSITY BLVD W,,N/A,PEDESTRIAN,SINGLE VEHICLE,CLEAR,DRY,DAYLIGHT,N/A,N/A,N/A,45FA0818-B5C4-4B8C-B9DE-665D00994A99,PEDESTRIAN,Cross/Enter not at Intersection,INATTENTIVE,ON ROADWAY NOT AT CROSSWALK,NO PED. SIGNAL,N/A,Yes,SUSPECTED MINOR INJURY,NONE,39.04134636,-77.05164483,"(39.04134636, -77.05164483)"
EJ7858002K,180045275,Gaithersburg Police Depar,Injury Crash,09/11/2018 04:59:00 AM,Maryland (State),S FREDERICK RD,Municipality,EDUCATION BLVD,,GAITHERSBURG,PEDESTRIAN,SINGLE VEHICLE,RAINING,WET,DARK LIGHTS ON,FLASHING TRAFFIC SIGNAL,NONE DETECTED,NONE DETECTED,281750AA-2123-4F38-87A0-13BE976C054F,PEDESTRIAN,Cross/Enter at Intersection,NOT VISIBLE,ON ROADWAY AT CROSSWALK,NO PED. SIGNAL,DARK CLOTHING,No,SUSPECTED MINOR INJURY,N/A,39.13599833,-77.19226833,"(39.13599833, -77.19226833)"
MCP2941003D,190023030,Montgomery County Police,Injury Crash,05/15/2019 11:02:00 PM,Maryland (State),EAST WEST HWY,County,BLAIR MILL RD,,N/A,PEDESTRIAN,N/A,CLEAR,DRY,DUSK,OTHER,NONE DETECTED,NONE DETECTED,890C0F1D-3E80-4862-B5AD-B1217D49EB30,PEDESTRIAN,Cross/Enter at Intersection,NO IMPROPER ACTIONS,AT INTERSECTION MARKED CROSSWALK,OBEYED PED. SIGNAL,MIXED CLOTHING,No,POSSIBLE INJURY,NONE,38.98902667,-77.0279,"(38.98902667, -77.0279)"
MCP2244000R,15062552,MONTGOMERY,Injury Crash,12/07/2015 07:00:00 PM,County,TIMBERWOOD AVE,County,SUTHERLAND RD,,N/A,PEDESTRIAN,OTHER,CLEAR,DRY,DARK NO LIGHTS,NO CONTROLS,NONE DETECTED,NONE DETECTED,401FD56A-FFCE-4A78-8586-15572C6D821E,PEDESTRIAN,Cross/Enter at Intersection,NO IMPROPER ACTIONS,ON ROADWAY AT CROSSWALK,NO PED. SIGNAL,DARK CLOTHING,No,SUSPECTED MINOR INJURY,NONE,39.02183436,-77.01278687,"(39.02183436, -77.01278687)"
MCP26120018,15059112,MONTGOMERY,Injury Crash,11/19/2015 02:47:00 PM,County,INTERNATIONAL DR,Maryland (State),GEORGIA AVE,,N/A,PEDESTRIAN,SINGLE VEHICLE,RAINING,WET,DAYLIGHT,STOP SIGN,NONE DETECTED,NONE DETECTED,B3EB9EB8-302D-46D9-B0A0-F55C50235E28,PEDESTRIAN,Cross/Enter at Intersection,IN ROADWAY IMPROPERLY,ON ROADWAY NOT AT CROSSWALK,NO PED. SIGNAL,MIXED CLOTHING,Yes,SUSPECTED MINOR INJURY,NONE,39.10398167,-77.07608667,"(39.10398167, -77.07608667)"
MCP3075001C,180026815,Montgomery County Police,Injury Crash,05/31/2018 06:00:00 PM,County,STRINGTOWN RD,Maryland (State),FREDERICK RD,,N/A,PEDESTRIAN,SINGLE VEHICLE,RAINING,WET,DAYLIGHT,TRAFFIC SIGNAL,UNKNOWN,N/A,BF1BAC3D-4E80-4AF1-B3ED-C8C14D6E9EE7,PEDESTRIAN,Cross/Enter at Intersection,NO IMPROPER ACTIONS,ON ROADWAY AT CROSSWALK,OBEYED PED. SIGNAL,UNKNOWN,No,SUSPECTED MINOR INJURY,NONE,39.23751864,-77.27794737,"(39.23751864, -77.27794737)"
MCP2832003G,170544784,Montgomery County Police,Injury Crash,11/25/2017 09:09:00 AM,Maryland (State),WISCONSIN AVE,County,ELM ST,,N/A,PEDESTRIAN,OTHER,CLEAR,DRY,DAYLIGHT,TRAFFIC SIGNAL,NONE DETECTED,NONE DETECTED,7FFA95D5-FB7F-4543-8369-1361B9C68D17,PEDESTRIAN,Cross/Enter at Intersection,DART DASH,AT INTERSECTION MARKED CROSSWALK,DISOBEYED PED. SIGNAL,MIXED CLOTHING,Yes,SUSPECTED MINOR INJURY,NONE,38.98257167,-77.09351833,"(38.98257167, -77.09351833)"
DD5603005P,180015684,Rockville Police Departme,Injury Crash,03/31/2018 06:00:00 PM,,,,,1643B ROCKVILLE PIKE (PARKING LOT/STORE),,PEDESTRIAN,SINGLE VEHICLE,CLEAR,,DAYLIGHT,NO CONTROLS,NONE DETECTED,NONE DETECTED,0D61A38D-32E9-48CD-AAF0-24BD4C7C062F,PEDESTRIAN,Walking/Cycling on Sidewalk,NO IMPROPER ACTIONS,SIDEWALK,N/A,DARK CLOTHING,No,SUSPECTED MINOR INJURY,N/A,39.06219902,-77.12715626,"(39.06219902, -77.12715626)"
MCP3112000F,180020794,Montgomery County Police,Injury Crash,04/28/2018 02:07:00 PM,County,CORDELL AVE,County,WOODMONT AVE,,N/A,PEDESTRIAN,STRAIGHT MOVEMENT ANGLE,CLEAR,DRY,DAYLIGHT,TRAFFIC SIGNAL,N/A,UNKNOWN,3E87B20D-ABB0-4CDA-8C48-8E308EFC1307,PEDESTRIAN,Cross/Enter not at Intersection,DART DASH,ON ROADWAY NOT AT CROSSWALK,UNKNOWN,MIXED CLOTHING,Yes,SUSPECTED MINOR INJURY,NONE,38.99080879,-77.09667027,"(38.99080879, -77.09667027)"
MCP2885002V,180051502,Montgomery County Police,Injury Crash,10/14/2018 09:40:00 PM,,,,,"1121 UNIVERSITY BLVD W SILVER SPRING MD
IN PARKING LOT IN FRONT OF MAIN ENTRANCE",,PEDESTRIAN,OTHER,CLEAR,,DARK LIGHTS ON,NO CONTROLS,UNKNOWN,NONE DETECTED,179740E6-13A5-4005-8B47-99AC86A46E0E,PEDESTRIAN,Standing,NO IMPROPER ACTIONS,OTHER,N/A,MIXED CLOTHING,No,SUSPECTED MINOR INJURY,NONE,39.03841,-77.02874,"(39.03841, -77.02874)"