Report Number,Local Case Number,Agency Name,ACRS Report Type,Crash Date/Time,Route Type,Road Name,Cross-Street Type,Cross-Street Name,Off-Road Description,Municipality,Related Non-Motorist,Collision Type,Weather,Surface Condition,Light,Traffic Control,Driver Substance Abuse,Non-Motorist Substance Abuse,Person ID,Pedestrian Type,Pedestrian Movement,Pedestrian Actions,Pedestrian Location,Pedestrian Obeyed Traffic Signal,Pedestrian Visibility,At Fault,Injury Severity,Safety Equipment,Latitude,Longitude,Location
MCP23300011,170513717,Montgomery County Police,Injury Crash,06/14/2017 07:22:00 PM,Maryland (State),GEORGIA AVE,County,ARCOLA AVE,,N/A,BICYCLIST,OTHER,CLEAR,DRY,DAYLIGHT,TRAFFIC SIGNAL,NONE DETECTED,NONE DETECTED,6103949E-024E-4911-8552-3849DFE81757,BICYCLIST,Cross/Enter at Intersection,N/A,AT INTERSECTION MARKED CROSSWALK,OBEYED PED. SIGNAL,LIGHT CLOTHING,No,POSSIBLE INJURY,MC/BIKE HELMET,39.0470806,-77.05194443,"(39.0470806, -77.05194443)"
MCP1123001M,170531903,Montgomery County Police,Injury Crash,09/21/2017 09:56:00 AM,County,OLNEY MILL RD,County,BLOOMFIELD RD,,N/A,BICYCLIST,SAME DIRECTION LEFT TURN,CLEAR,DRY,DAYLIGHT,NO CONTROLS,NONE DETECTED,NONE DETECTED,267EC49B-799C-49C7-81EA-AABF7DB71E9B,BICYCLIST,Walking/Riding w/Traffic,OTHER,OTHER,N/A,UNKNOWN,Yes,SUSPECTED SERIOUS INJURY,MC/BIKE HELMET,39.17079817,-77.0810895,"(39.17079817, -77.0810895)"
MCP2398000P,15067004,MONTGOMERY,Property Damage Crash,12/30/2015 07:26:00 PM,,,,,PARKING LOT OF 19328 MONTGOMERY VILLAGE AVE (S.S VAPE STORE),,MACHINE OPERATOR/RIDER,SAME DIR REAR END,RAINING,,DARK LIGHTS ON,OTHER,ALCOHOL PRESENT,NONE DETECTED,B72D12A7-6303-494B-8B27-85ADB6B7BC4D,MACHINE OPERATOR/RIDER,Standing,NO IMPROPER ACTIONS,N/A,N/A,N/A,No,NO APPARENT INJURY,N/A,39.17306167,-77.204825,"(39.17306167, -77.204825)"
MCP2492000J,15066635,MONTGOMERY,Fatal Crash,12/28/2015 07:28:00 PM,Maryland (State),VEIRS MILL RD,County,TURKEY BRANCH PKWY,,N/A,BICYCLIST,OTHER,RAINING,WET,DARK LIGHTS ON,WARNING SIGN,NONE DETECTED,UNKNOWN,3FF25FAE-8BD6-4A28-9777-7A88AE8666C6,BICYCLIST,Cross/Enter at Intersection,UNKNOWN,ON ROADWAY AT CROSSWALK,NO PED. SIGNAL,DARK CLOTHING,Unknown,FATAL INJURY,MC/BIKE HELMET,39.06005167,-77.089165,"(39.06005167, -77.089165)"
MCP30840018,180015790,Montgomery County Police,Injury Crash,04/01/2018 02:29:00 PM,Maryland (State),OLD GEORGETOWN RD,County,BEECH AVE,,N/A,PEDESTRIAN,OTHER,CLEAR,DRY,DAYLIGHT,N/A,NONE DETECTED,NONE DETECTED,340DEE90-79E9-4AE6-9EF9-E69452B4681B,PEDESTRIAN,Other,IN ROADWAY IMPROPERLY,ON ROADWAY NOT AT CROSSWALK,NO PED. SIGNAL,MIXED CLOTHING,Yes,POSSIBLE INJURY,NONE,39.01048417,-77.11502183,"(39.01048417, -77.11502183)"
MCP2879000R,15029216,Montgomery County Police,Injury Crash,06/13/2015 12:00:00 PM,County,RIFFLE FORD RD,County,RIFFLE FORD CT,,N/A,BICYCLIST,OTHER,N/A,UNKNOWN,DAYLIGHT,STOP SIGN,UNKNOWN,UNKNOWN,2122ED64-BC3F-417C-A534-B1DAE4C55068,BICYCLIST,Unknown,NO IMPROPER ACTIONS,ON ROADWAY NOT AT CROSSWALK,UNKNOWN,MIXED CLOTHING,,SUSPECTED MINOR INJURY,MC/BIKE HELMET,39.12073008,-77.26696372,"(39.12073008, -77.26696372)"
MCP2456001P,17016557,Montgomery County Police,Property Damage Crash,04/01/2017 10:49:00 AM,,,,,PARKING LOT OF 8703 PINEY BRANCH RD,,OTHER,UNKNOWN,CLEAR,,DAYLIGHT,NO CONTROLS,UNKNOWN,N/A,C753ECF5-3590-4E99-9183-2C9CD230F607,OTHER,Unknown,UNKNOWN,UNKNOWN,N/A,UNKNOWN,No,NO APPARENT INJURY,N/A,38.99861167,-77.00399667,"(38.99861167, -77.00399667)"
MCP28660054,180063057,Montgomery County Police,Injury Crash,12/17/2018 07:56:00 PM,County,CEDAR LA,County,SAUL RD,,N/A,PEDESTRIAN,OTHER,CLEAR,DRY,DARK LIGHTS ON,TRAFFIC SIGNAL,UNKNOWN,NONE DETECTED,18FF8A9B-CC47-4E6E-A8E3-E89F1D975197,PEDESTRIAN,Cross/Enter at Intersection,NO IMPROPER ACTIONS,AT INTERSECTION MARKED CROSSWALK,OBEYED PED. SIGNAL,DARK CLOTHING,No,SUSPECTED MINOR INJURY,NONE,39.01665342,-77.08789371,"(39.01665342, -77.08789371)"
DD55750011,17000889,Rockville Police Departme,Injury Crash,01/05/2017 10:03:00 PM,Municipality,CLAGETT DR,Municipality,WADE AVE,,ROCKVILLE,PEDESTRIAN,OTHER,CLOUDY,DRY,DARK LIGHTS ON,NO CONTROLS,UNKNOWN,NONE DETECTED,A9602910-919E-40C8-B4CB-12A6DCBCB06B,PEDESTRIAN,Walking/Cycling on Sidewalk,N/A,SIDEWALK,N/A,REFLECTIVE MATERIAL,No,SUSPECTED MINOR INJURY,REFLECTIVE CLOTHING,39.07458,-77.13156333,"(39.07458, -77.13156333)"
MCP23720007,180007020,Montgomery County Police,Injury Crash,02/10/2018 07:59:00 AM,County,MACARTHUR BLVD,County,79TH ST,,N/A,BICYCLIST,SAME DIRECTION SIDESWIPE,CLOUDY,DRY,DAYLIGHT,N/A,UNKNOWN,NONE DETECTED,9164AABF-FF04-4F27-BB16-1ED47FE64EE2,BICYCLIST,Walking/Riding w/Traffic,NO IMPROPER ACTIONS,ON ROADWAY NOT AT CROSSWALK,NO PED. SIGNAL,DARK CLOTHING,No,SUSPECTED MINOR INJURY,MC/BIKE HELMET,38.97479,-77.16275,"(38.97479, -77.16275)"
MCP2639001F,16035359,Montgomery County Police,Injury Crash,07/12/2016 09:35:00 PM,Maryland (State),UNIVERSITY BLVD W,County,DRUMM AVE,,N/A,PEDESTRIAN,STRAIGHT MOVEMENT ANGLE,CLEAR,DRY,DARK LIGHTS ON,NO CONTROLS,NONE DETECTED,NONE DETECTED,ED69502E-E9D2-40A3-90CE-719AD1AC6D34,PEDESTRIAN,Other,IN ROADWAY IMPROPERLY,ON ROADWAY NOT AT CROSSWALK,DISOBEYED PED. SIGNAL,MIXED CLOTHING,Yes,POSSIBLE INJURY,N/A,39.036605,-77.06172,"(39.036605, -77.06172)"
MCP3064001T,190007943,Montgomery County Police,Injury Crash,02/19/2019 07:30:00 AM,County,MONTICELLO AVE,County,KERSEY RD,,N/A,PEDESTRIAN,SINGLE VEHICLE,CLEAR,DRY,DAYLIGHT,STOP SIGN,NONE DETECTED,NONE DETECTED,D1D9EDFB-7C38-4B77-A3C2-8B4801E49747,PEDESTRIAN,Cross/Enter at Intersection,OTHER,AT INTERSECTION BUT NO CROSSWALK,NO PED. SIGNAL,MIXED CLOTHING,No,SUSPECTED MINOR INJURY,NONE,39.043759,-77.02953433,"(39.043759, -77.02953433)"
MCP1417006T,17011079,Montgomery County Police,Injury Crash,03/02/2017 12:18:00 PM,County,LOST KNIFE RD,Other Public Roadway,ODENDHAL AVE,,N/A,PEDESTRIAN,STRAIGHT MOVEMENT ANGLE,N/A,DRY,DAYLIGHT,N/A,NONE DETECTED,NONE DETECTED,E28BDDB1-8A5E-4935-B13E-3E2ABB9366AB,PEDESTRIAN,Cross/Enter at Intersection,NO IMPROPER ACTIONS,ON ROADWAY AT CROSSWALK,NO PED. SIGNAL,MIXED CLOTHING,No,SUSPECTED MINOR INJURY,N/A,39.15303706,-77.19908103,"(39.15303706, -77.19908103)"
MCP1580007L,170534879,Montgomery County Police,Injury Crash,10/05/2017 10:24:00 AM,County,SNOUFFERS SCHOOL RD,County,GOSHEN RD,,N/A,PEDESTRIAN,OTHER,CLEAR,DRY,DAYLIGHT,N/A,NONE DETECTED,MEDICATION PRESENT,C0BF6780-A8EF-4EBB-9A89-4AB18E7CD2EC,PEDESTRIAN,Other,DART DASH,ON ROADWAY NOT AT CROSSWALK,N/A,MIXED CLOTHING,Yes,SUSPECTED MINOR INJURY,NONE,39.18648667,-77.18759167,"(39.18648667, -77.18759167)"
MCP2639005L,190000170,Montgomery County Police,Injury Crash,01/02/2019 06:30:00 AM,Maryland (State),GEORGIA AVE,Unknown,CROSSOVER,,N/A,PEDESTRIAN,HEAD ON LEFT TURN,CLEAR,DRY,DARK NO LIGHTS,NO CONTROLS,NONE DETECTED,NONE DETECTED,9B09E1D9-EB1B-4546-B541-49F4537201C9,PEDESTRIAN,Cross/Enter at Intersection,DART DASH,ON ROADWAY NOT AT CROSSWALK,NO PED. SIGNAL,DARK CLOTHING,Yes,POSSIBLE INJURY,NONE,39.08196833,-77.076615,"(39.08196833, -77.076615)"
MCP12210020,16007046,Montgomery County Police,Injury Crash,02/11/2016 07:52:00 AM,County,N SUMMIT AVE,Municipality,PARK AVE,,GAITHERSBURG,PEDESTRIAN,SINGLE VEHICLE,CLEAR,DRY,DAYLIGHT,STOP SIGN,NONE DETECTED,NONE DETECTED,5D37368C-7A52-4AB4-8D4C-C494A08BC557,PEDESTRIAN,Cross/Enter at Intersection,NO IMPROPER ACTIONS,ON ROADWAY AT CROSSWALK,NO PED. SIGNAL,MIXED CLOTHING,No,SUSPECTED MINOR INJURY,NONE,39.14581167,-77.192245,"(39.14581167, -77.192245)"
MCP271700DF,170535162,Montgomery County Police,Injury Crash,10/06/2017 04:20:00 PM,County,ST ELMO AVE,Maryland (State),OLD GEORGETOWN RD,,N/A,BICYCLIST,OTHER,CLEAR,DRY,DAYLIGHT,TRAFFIC SIGNAL,NONE DETECTED,NONE DETECTED,E0D63E65-14B3-43C1-B15C-D418CB168A50,BICYCLIST,Cross/Enter at Intersection,DART DASH,ON ROADWAY AT CROSSWALK,DISOBEYED PED. SIGNAL,MIXED CLOTHING,Yes,SUSPECTED MINOR INJURY,MC/BIKE HELMET,38.98773617,-77.09930067,"(38.98773617, -77.09930067)"
MCP3059000K,170529469,Montgomery County Police,Injury Crash,09/07/2017 06:00:00 PM,,,,,PARKING LOT OF 1131 UNIVERSITY BLVD W,,PEDESTRIAN,OTHER,CLEAR,,DAYLIGHT,N/A,UNKNOWN,UNKNOWN,A70C279A-46B0-47E1-82CA-11272035BC5B,PEDESTRIAN,Standing,INATTENTIVE,ON ROADWAY NOT AT CROSSWALK,N/A,UNKNOWN,Unknown,SUSPECTED MINOR INJURY,N/A,39.03781133,-77.02776432,"(39.03781133, -77.02776432)"
MCP2162000V,15007508,Montgomery County Police,Injury Crash,02/14/2015 08:05:00 PM,Maryland (State),OLNEY SANDY SPRING RD,Unknown,ENT TO SHARP ST UNITED METHODIST CHURCH,,N/A,PEDESTRIAN,OTHER,SNOW,ICE,DARK NO LIGHTS,NO CONTROLS,N/A,N/A,C5512A0B-0CB4-4BE8-A431-070EFA60E90D,PEDESTRIAN,Standing,DISABLED VEHICLE RELATED,ON ROADWAY NOT AT CROSSWALK,N/A,MIXED CLOTHING,,SUSPECTED MINOR INJURY,NONE,39.14660833,-77.039365,"(39.14660833, -77.039365)"
MCP2882000M,15004378,Montgomery County Police,Injury Crash,01/27/2015 06:54:00 PM,,,,,20910 Frederick Rd. Germantown Montgomery County Maryaland. Roadway in front of the Walmart,,PEDESTRIAN,OTHER,CLEAR,,DARK LIGHTS ON,NO CONTROLS,NONE DETECTED,NONE DETECTED,7670AEB8-1B96-4719-BA4E-2BDDEE574A56,PEDESTRIAN,Cross/Enter not at Intersection,IN ROADWAY IMPROPERLY,ON ROADWAY NOT AT CROSSWALK,NO PED. SIGNAL,DARK CLOTHING,,SUSPECTED MINOR INJURY,N/A,39.19866333,-77.25179333,"(39.19866333, -77.25179333)"
MCP94040025,190020070,Montgomery County Police,Injury Crash,04/29/2019 01:30:00 PM,Maryland (State),FREDERICK RD,County,SHADY GROVE RD,,N/A,PEDESTRIAN,N/A,CLEAR,DRY,DAYLIGHT,N/A,UNKNOWN,NONE DETECTED,2DB89AC2-65C8-43A8-9C92-247ACBC606A1,PEDESTRIAN,Standing,IN ROADWAY IMPROPERLY,ON ROADWAY NOT AT CROSSWALK,DISOBEYED PED. SIGNAL,DARK CLOTHING,Yes,SUSPECTED MINOR INJURY,N/A,39.12147167,-77.17870167,"(39.12147167, -77.17870167)"
DD55900014,170534938,Rockville Police Departme,Injury Crash,10/05/2017 02:55:00 PM,Maryland (State),FREDERICK RD,County,E GUDE DR,,N/A,BICYCLIST,STRAIGHT MOVEMENT ANGLE,CLEAR,DRY,DAYLIGHT,N/A,NONE DETECTED,NONE DETECTED,BAD1D1E8-2BA8-40C4-A826-0974F9E14F27,BICYCLIST,Walking/Cycling on Sidewalk,NO IMPROPER ACTIONS,SIDEWALK,N/A,MIXED CLOTHING,No,SUSPECTED MINOR INJURY,NONE,39.10406333,-77.15628667,"(39.10406333, -77.15628667)"
DD56350005,180058434,Rockville Police Departme,Injury Crash,11/21/2018 03:42:00 PM,Maryland (State),E JEFFERSON ST,Municipality,MONROE ST,,ROCKVILLE,BICYCLIST,STRAIGHT MOVEMENT ANGLE,CLEAR,DRY,DAYLIGHT,TRAFFIC SIGNAL,NONE DETECTED,NONE DETECTED,DB5B991B-1B75-4542-B550-5A0C6933C4CC,BICYCLIST,Cross/Enter at Intersection,FAILURE TO YIELD RIGHT OF WAY,ON ROADWAY NOT AT CROSSWALK,OTHER,LIGHT CLOTHING,Yes,POSSIBLE INJURY,NONE,39.082399,-77.14948783,"(39.082399, -77.14948783)"
DD56140019,16047764,Rockville Police Departme,Injury Crash,09/17/2016 10:06:00 AM,County,DARNESTOWN RD,Municipality,OAK KNOLL DR,,ROCKVILLE,BICYCLIST,STRAIGHT MOVEMENT ANGLE,CLEAR,DRY,DAYLIGHT,STOP SIGN,NONE DETECTED,NONE DETECTED,068E3562-5037-40AB-90D8-142C8ED75FDC,BICYCLIST,Walking/Riding against Traffic,NO IMPROPER ACTIONS,AT INTERSECTION MARKED CROSSWALK,NO PED. SIGNAL,MIXED CLOTHING,No,POSSIBLE INJURY,MC/BIKE HELMET,39.0917069,-77.18993872,"(39.0917069, -77.18993872)"
MCP26650010,15024061,Montgomery County Police,Injury Crash,05/19/2015 06:48:00 PM,County,CHESHIRE DR,Maryland (State),OLD GEORGETOWN RD,,N/A,PEDESTRIAN,OTHER,CLEAR,DRY,DAYLIGHT,TRAFFIC SIGNAL,N/A,N/A,3BED917E-F2A2-451E-859A-88F7712D4083,PEDESTRIAN,Cross/Enter at Intersection,NO IMPROPER ACTIONS,AT INTERSECTION MARKED CROSSWALK,OBEYED PED. SIGNAL,N/A,,POSSIBLE INJURY,N/A,39.02256833,-77.12319667,"(39.02256833, -77.12319667)"
EJ7864001G,180018143,Gaithersburg Police Depar,Injury Crash,04/13/2018 09:06:00 PM,County,MONTGOMERY VILLAGE AVE,Maryland (State),MIDCOUNTY HWY,,N/A,PEDESTRIAN,SINGLE VEHICLE,N/A,N/A,DARK LIGHTS ON,N/A,NONE DETECTED,N/A,F85B5A6E-2C3E-4E43-90A4-F67B0E49B6B1,PEDESTRIAN,Cross/Enter at Intersection,DART DASH,ON ROADWAY NOT AT CROSSWALK,N/A,LIGHT CLOTHING,Yes,SUSPECTED SERIOUS INJURY,NONE,39.15709333,-77.20544667,"(39.15709333, -77.20544667)"
DD56200009,16062592,Rockville Police Departme,Injury Crash,12/06/2016 11:18:00 AM,Maryland (State),HUNGERFORD DR,Municipality,A ST,,ROCKVILLE,PEDESTRIAN,SINGLE VEHICLE,RAINING,WET,DAYLIGHT,TRAFFIC SIGNAL,UNKNOWN,NONE DETECTED,9AB1DD10-092D-4EBD-AF51-4B399B8E6EB0,PEDESTRIAN,Cross/Enter at Intersection,NO IMPROPER ACTIONS,SIDEWALK,NO PED. SIGNAL,MIXED CLOTHING,No,POSSIBLE INJURY,NONE,39.0919869,-77.15315223,"(39.0919869, -77.15315223)"
MCP2891002Z,16060748,Montgomery County Police,Injury Crash,11/26/2016 02:58:00 PM,Maryland (State),GEORGIA AVE,County,AUGUST DR,,N/A,PEDESTRIAN,SINGLE VEHICLE,CLEAR,DRY,DAYLIGHT,TRAFFIC SIGNAL,NONE DETECTED,NONE DETECTED,28B63E30-379A-4371-8CAE-E070E802F150,PEDESTRIAN,Cross/Enter at Intersection,NO IMPROPER ACTIONS,AT INTERSECTION MARKED CROSSWALK,OBEYED PED. SIGNAL,MIXED CLOTHING,No,SUSPECTED MINOR INJURY,N/A,39.02143,-77.04466,"(39.02143, -77.04466)"
MCP2290000M,170509799,Montgomery County Police,Injury Crash,05/25/2017 12:05:00 PM,,,,,PARKING LOT OF 12089 ROCKVILLE PIKE,,PEDESTRIAN,SINGLE VEHICLE,CLOUDY,,DAYLIGHT,NO CONTROLS,NONE DETECTED,NONE DETECTED,EE4F8BE4-3A3C-454D-8017-CCB72BAF907A,PEDESTRIAN,Other,NO IMPROPER ACTIONS,N/A,N/A,MIXED CLOTHING,No,SUSPECTED SERIOUS INJURY,N/A,39.05568424,-77.11784363,"(39.05568424, -77.11784363)"
MCP14830006,16048349,Montgomery County Police,Injury Crash,09/20/2016 03:20:00 PM,County,CRABBS BRANCH WAY,County,REDLAND RD,,N/A,PEDESTRIAN,SINGLE VEHICLE,CLEAR,DRY,DAYLIGHT,TRAFFIC SIGNAL,NONE DETECTED,NONE DETECTED,F0AE8F71-8454-4FC2-ACBC-F86FE07BD9C7,PEDESTRIAN,Cross/Enter at Intersection,NO IMPROPER ACTIONS,AT INTERSECTION MARKED CROSSWALK,OBEYED PED. SIGNAL,MIXED CLOTHING,No,SUSPECTED MINOR INJURY,N/A,39.12087,-77.15864,"(39.12087, -77.15864)"
MCP2780002T,170503594,Montgomery County Police,Injury Crash,04/22/2017 05:21:00 PM,,,,,"20910 FREDERICK ROAD GERMANTOWN, MD 20876",,PEDESTRIAN,SINGLE VEHICLE,RAINING,,DAYLIGHT,NO CONTROLS,NONE DETECTED,NONE DETECTED,205C58DF-BF7F-4D60-AC16-63C7B7F5301A,PEDESTRIAN,Standing,N/A,OTHER,N/A,UNKNOWN,No,POSSIBLE INJURY,N/A,39.19901833,-77.25101167,"(39.19901833, -77.25101167)"
MCP30310010,170517158,Montgomery County Police,Injury Crash,07/03/2017 06:24:00 PM,Maryland (State),NEW HAMPSHIRE AVE,County,MIDLAND RD,,N/A,PEDESTRIAN,SINGLE VEHICLE,CLEAR,DRY,DAYLIGHT,TRAFFIC SIGNAL,NONE DETECTED,NONE DETECTED,7D961E90-B12C-49F5-A422-A5DE2272E3B9,PEDESTRIAN,Cross/Enter at Intersection,NO IMPROPER ACTIONS,ON ROADWAY AT CROSSWALK,OBEYED PED. SIGNAL,LIGHT CLOTHING,No,SUSPECTED MINOR INJURY,NONE,39.077535,-77.00173333,"(39.077535, -77.00173333)"
MCP2411001G,170542300,Montgomery County Police,Injury Crash,11/11/2017 09:06:00 PM,,,,,ON SIDEWALK OFF OF RANDOLPH ROAD INTO THE PRIVATE ENTRANCE TO RANDOLPH SQUARE APARTMENTS,,BICYCLIST,OTHER,CLEAR,,DARK NO LIGHTS,NO CONTROLS,N/A,NONE DETECTED,231F8423-F129-42CD-BF21-2859BA903A69,BICYCLIST,Walking/Cycling on Sidewalk,NOT VISIBLE,SIDEWALK,N/A,DARK CLOTHING,No,POSSIBLE INJURY,NONE,39.05364095,-77.10482687,"(39.05364095, -77.10482687)"
MCP1020001N,16040706,Montgomery County Police,Injury Crash,08/11/2016 12:28:00 PM,,,,,PARKING LOT OF 20938 FREDERICK RD,,PEDESTRIAN,OTHER,CLEAR,,DAYLIGHT,NO CONTROLS,NONE DETECTED,NONE DETECTED,43E937B6-DEC5-43E1-82BB-D32F0B9DD022,PEDESTRIAN,Other,NO IMPROPER ACTIONS,OTHER,N/A,MIXED CLOTHING,No,SUSPECTED MINOR INJURY,N/A,39.20270667,-77.24945167,"(39.20270667, -77.24945167)"
DD5502002C,16021808,Rockville Police Departme,Injury Crash,05/03/2016 12:15:00 PM,Maryland (State),HUNGERFORD DR,Municipality,A ST,,ROCKVILLE,PEDESTRIAN,OTHER,CLOUDY,DRY,DAYLIGHT,TRAFFIC SIGNAL,UNKNOWN,NONE DETECTED,31922C59-4345-4AF0-9B63-18A795503581,PEDESTRIAN,Cross/Enter at Intersection,NO IMPROPER ACTIONS,ON ROADWAY AT CROSSWALK,OBEYED PED. SIGNAL,MIXED CLOTHING,No,SUSPECTED MINOR INJURY,OTHER,39.09198065,-77.15315089,"(39.09198065, -77.15315089)"
MCP29230010,15047518,MONTGOMERY,Injury Crash,09/19/2015 10:01:00 AM,County,ARCOLA AVE,County,KEMP MILL RD,,N/A,BICYCLIST,OTHER,N/A,DRY,DAYLIGHT,NO CONTROLS,,NONE DETECTED,434472ED-3291-4964-93A2-870D24C82D8C,BICYCLIST,Walking/Riding w/Traffic,NO IMPROPER ACTIONS,ON ROADWAY NOT AT CROSSWALK,N/A,REFLECTIVE MATERIAL,No,POSSIBLE INJURY,MC/BIKE HELMET,39.04669419,-77.03098297,"(39.04669419, -77.03098297)"
MCP27360054,170542631,Montgomery County Police,Injury Crash,11/13/2017 09:39:00 PM,County,DORSET AVE,County,KENNEDY DR,,N/A,BICYCLIST,STRAIGHT MOVEMENT ANGLE,CLEAR,DRY,DARK LIGHTS ON,STOP SIGN,NONE DETECTED,NONE DETECTED,878A5ADC-218C-4688-85B9-4F70E4F4EE9F,BICYCLIST,Cross/Enter at Intersection,NO IMPROPER ACTIONS,AT INTERSECTION MARKED CROSSWALK,NO PED. SIGNAL,MIXED CLOTHING,No,POSSIBLE INJURY,MC/BIKE HELMET,38.96882383,-77.10263967,"(38.96882383, -77.10263967)"
MCP12130031,170534377,Montgomery County Police,Injury Crash,10/02/2017 05:45:00 PM,County,TWIG RD,Unknown,ELM GROVE CIR,,N/A,PEDESTRIAN,STRAIGHT MOVEMENT ANGLE,CLEAR,DRY,DAYLIGHT,NO CONTROLS,NONE DETECTED,NONE DETECTED,95CB62E1-6696-432D-B94A-E32E4D581EC3,PEDESTRIAN,Cross/Enter at Intersection,NO IMPROPER ACTIONS,ON ROADWAY AT CROSSWALK,NO PED. SIGNAL,DARK CLOTHING,No,POSSIBLE INJURY,NONE,39.09462167,-76.98618667,"(39.09462167, -76.98618667)"
MCP24720022,16051572,Montgomery County Police,Injury Crash,10/07/2016 11:59:00 AM,Maryland (State),CONNECTICUT AVE,County,CHEVY CHASE LAKE DR,,N/A,BICYCLIST,ANGLE MEETS RIGHT TURN,CLOUDY,DRY,DAYLIGHT,TRAFFIC SIGNAL,UNKNOWN,NONE DETECTED,16BA0C78-0072-4417-B3B2-45003857AA94,BICYCLIST,Cross/Enter at Intersection,NO IMPROPER ACTIONS,ON ROADWAY AT CROSSWALK,OBEYED PED. SIGNAL,MIXED CLOTHING,No,POSSIBLE INJURY,MC/BIKE HELMET,38.99406333,-77.07679667,"(38.99406333, -77.07679667)"
MCP30480054,190022243,Montgomery County Police,Injury Crash,05/11/2019 12:52:00 PM,County,COUNSELMAN RD,Maryland (State),RIVER RD,,N/A,BICYCLIST,HEAD ON LEFT TURN,CLEAR,DRY,DAYLIGHT,TRAFFIC SIGNAL,N/A,N/A,AD6F2AC1-D6F2-4547-BADB-9C051A283DE1,BICYCLIST,Cross/Enter at Intersection,FAILURE TO YIELD RIGHT OF WAY,AT INTERSECTION BUT NO CROSSWALK,N/A,MIXED CLOTHING,Yes,SUSPECTED MINOR INJURY,MC/BIKE HELMET,39.01733695,-77.20770396,"(39.01733695, -77.20770396)"
MCP242500BD,170537705,Montgomery County Police,Injury Crash,10/20/2017 06:51:00 AM,Maryland (State),EAST WEST HWY,Unknown,NOAA,,N/A,PEDESTRIAN,SINGLE VEHICLE,CLEAR,DRY,DARK LIGHTS ON,OTHER,NONE DETECTED,NONE DETECTED,2EB8A18A-73D6-4EC5-A237-6433866E533A,PEDESTRIAN,Walking/Cycling on Sidewalk,DART DASH,ON ROADWAY AT CROSSWALK,NO PED. SIGNAL,DARK CLOTHING,No,SUSPECTED MINOR INJURY,NONE,38.99100333,-77.03061333,"(38.99100333, -77.03061333)"
DD56140008,16004277,Rockville Police Departme,Injury Crash,01/26/2016 08:05:00 PM,Maryland (State),ROCKVILLE PIKE,Unknown,CROSSOVER,,N/A,PEDESTRIAN,OTHER,CLEAR,WET,DARK LIGHTS ON,NO CONTROLS,NONE DETECTED,NONE DETECTED,2FA336A0-9EC9-4289-8CC1-D4FC8A4C3454,PEDESTRIAN,Other,IN ROADWAY IMPROPERLY,ON ROADWAY NOT AT CROSSWALK,NO PED. SIGNAL,MIXED CLOTHING,Yes,SUSPECTED MINOR INJURY,NONE,39.07353667,-77.13403167,"(39.07353667, -77.13403167)"
DD5631001H,180059461,Rockville Police Departme,Injury Crash,11/28/2018 12:30:00 PM,Municipality,E MIDDLE LA,Municipality,MARYLAND AVE,,ROCKVILLE,PEDESTRIAN,OTHER,CLEAR,DRY,DAYLIGHT,STOP SIGN,NONE DETECTED,NONE DETECTED,DA0BEF07-CF36-42F7-8289-9B531FC4987D,PEDESTRIAN,Cross/Enter at Intersection,NO IMPROPER ACTIONS,ON ROADWAY AT CROSSWALK,NO PED. SIGNAL,MIXED CLOTHING,No,SUSPECTED MINOR INJURY,NONE,39.08479667,-77.15058,"(39.08479667, -77.15058)"
MCP3050000N,170502919,Montgomery County Police,Injury Crash,04/19/2017 08:41:00 AM,,,,,DUNKIN DONUTS 13810 CONNECTICUT AVE SILVER SPRING 20906,,OTHER,SINGLE VEHICLE,CLEAR,,DAYLIGHT,N/A,NONE DETECTED,NONE DETECTED,4024C966-4958-407F-AF20-E9D67DE126F9,OTHER,Other,N/A,INSIDE BUILDING,N/A,MIXED CLOTHING,No,SUSPECTED MINOR INJURY,N/A,39.08526833,-77.07725333,"(39.08526833, -77.07725333)"
MCP2905003G,170544293,Montgomery County Police,Injury Crash,11/22/2017 11:38:00 AM,County,ROSS RD,County,GRUBB RD,,N/A,OTHER,OTHER,CLEAR,DRY,DAYLIGHT,N/A,N/A,UNKNOWN,81B80E0D-82BC-43B1-970E-BD072AFBFF94,OTHER,Other Working,NOT VISIBLE,OTHER,N/A,UNKNOWN,Unknown,POSSIBLE INJURY,UNKNOWN,38.99452667,-77.05458833,"(38.99452667, -77.05458833)"
EJ78350008,16064279,Gaithersburg Police Depar,Injury Crash,12/14/2016 09:29:00 PM,Maryland (State),FREDERICK RD,Municipality,S WESTLAND DR,,GAITHERSBURG,PEDESTRIAN,OTHER,CLEAR,DRY,DARK LIGHTS ON,TRAFFIC SIGNAL,NONE DETECTED,NONE DETECTED,ABF64693-8CC0-4E20-B522-FA61D4016319,PEDESTRIAN,Cross/Enter not at Intersection,IN ROADWAY IMPROPERLY,ON ROADWAY NOT AT CROSSWALK,DISOBEYED PED. SIGNAL,MIXED CLOTHING,Yes,SUSPECTED MINOR INJURY,N/A,39.12618667,-77.18281833,"(39.12618667, -77.18281833)"
EJ78530025,17010105,Gaithersburg Police Depar,Injury Crash,02/24/2017 09:24:00 PM,,GIRARD ST.,,GLORIA WAY,,N/A,BICYCLIST,STRAIGHT MOVEMENT ANGLE,CLEAR,DRY,DARK LIGHTS ON,STOP SIGN,NONE DETECTED,NONE DETECTED,376C0364-B1D5-4316-93C4-3B0B66F4FD9B,BICYCLIST,Walking/Riding w/Traffic,NO IMPROPER ACTIONS,OTHER,N/A,DARK CLOTHING,No,SUSPECTED MINOR INJURY,NONE,39.14461483,-77.18357921,"(39.14461483, -77.18357921)"