Report Number,Local Case Number,Agency Name,ACRS Report Type,Crash Date/Time,Route Type,Road Name,Cross-Street Type,Cross-Street Name,Off-Road Description,Municipality,Related Non-Motorist,Collision Type,Weather,Surface Condition,Light,Traffic Control,Driver Substance Abuse,Non-Motorist Substance Abuse,Person ID,Pedestrian Type,Pedestrian Movement,Pedestrian Actions,Pedestrian Location,Pedestrian Obeyed Traffic Signal,Pedestrian Visibility,At Fault,Injury Severity,Safety Equipment,Latitude,Longitude,Location
DD5603004V,170541834,Rockville Police Departme,Injury Crash,11/09/2017 11:35:00 AM,Municipality,MT VERNON PL,Municipality,BLANDFORD ST,,ROCKVILLE,PEDESTRIAN,OTHER,RAINING,WET,DAYLIGHT,NO CONTROLS,NONE DETECTED,NONE DETECTED,AAD1CDE3-477E-4BBF-B62B-1486F3889959,PEDESTRIAN,Standing,NO IMPROPER ACTIONS,SIDEWALK,OBEYED PED. SIGNAL,MIXED CLOTHING,No,SUSPECTED MINOR INJURY,N/A,38.99753833,-77.10968667,"(38.99753833, -77.10968667)"
HA2413000C,16000302,Maryland-National Capital,Property Damage Crash,03/17/2016 07:26:00 AM,,,,,PARKING LOT OF CEDAR CREEK LP AT CROSS WALK,,BICYCLIST,OTHER,CLEAR,,DAYLIGHT,NO CONTROLS,N/A,NONE DETECTED,08C62822-BA60-4126-BC4C-D7C036D7CC33,BICYCLIST,Cross/Enter at Intersection,NO IMPROPER ACTIONS,AT INTERSECTION MARKED CROSSWALK,NO PED. SIGNAL,N/A,No,NO APPARENT INJURY,N/A,39.15187644,-77.28348613,"(39.15187644, -77.28348613)"
MCP3117001L,190006889,Montgomery County Police,Injury Crash,02/12/2019 04:30:00 PM,County,E JEFFERSON ST,Unknown,CALIFORNIA CIR,,N/A,PEDESTRIAN,OTHER,RAINING,WET,DAYLIGHT,TRAFFIC SIGNAL,UNKNOWN,NONE DETECTED,C3A07A2D-2E7D-41E2-861D-6A5A2D4CC2E9,PEDESTRIAN,Cross/Enter not at Intersection,INATTENTIVE,ON ROADWAY AT CROSSWALK,DISOBEYED PED. SIGNAL,MIXED CLOTHING,Yes,SUSPECTED MINOR INJURY,NONE,39.05679204,-77.12623028,"(39.05679204, -77.12623028)"
MCP28090026,15045544,MONTGOMERY,Injury Crash,09/09/2015 01:40:00 PM,,,,,Parking lot of 12345 Georgia Avenue,,OTHER,OTHER,N/A,,DAYLIGHT,N/A,UNKNOWN,N/A,29788FD1-54F4-467E-A018-33BA5BD0DC45,OTHER,Other,NO IMPROPER ACTIONS,N/A,N/A,N/A,No,POSSIBLE INJURY,N/A,39.05783667,-77.04875833,"(39.05783667, -77.04875833)"
MCP2848003C,16046174,Montgomery County Police,Injury Crash,09/09/2016 08:30:00 AM,Municipality,WILLIAMS LA,Maryland (State),CONNECTICUT AVE,,N/A,PEDESTRIAN,SINGLE VEHICLE,N/A,DRY,DAYLIGHT,STOP SIGN,NONE DETECTED,NONE DETECTED,C50AEF03-ADB4-48D8-B772-3160F42EF47B,PEDESTRIAN,Cross/Enter at Intersection,NO IMPROPER ACTIONS,ON ROADWAY AT CROSSWALK,NO PED. SIGNAL,LIGHT CLOTHING,No,POSSIBLE INJURY,NONE,38.98374013,-77.07703114,"(38.98374013, -77.07703114)"
MCP2923003G,170530269,Montgomery County Police,Injury Crash,09/13/2017 06:27:00 AM,County,ARCOLA AVE,County,NAIRN RD,,N/A,PEDESTRIAN,OTHER,RAINING,WET,DAWN,N/A,NONE DETECTED,NONE DETECTED,C6C980DA-C4D4-4D50-8320-84ACF62662AF,PEDESTRIAN,Cross/Enter at Intersection,NO IMPROPER ACTIONS,ON ROADWAY AT CROSSWALK,NO PED. SIGNAL,DARK CLOTHING,No,SUSPECTED SERIOUS INJURY,NONE,39.04690833,-77.04253167,"(39.04690833, -77.04253167)"
MCP2818002V,170512776,Montgomery County Police,Injury Crash,06/09/2017 07:44:00 PM,County,SLIGO AVE,County,FENTON ST,,N/A,PEDESTRIAN,N/A,N/A,DRY,DAYLIGHT,TRAFFIC SIGNAL,NONE DETECTED,N/A,D4048872-45EC-4C03-986B-F828D2FC1DA2,PEDESTRIAN,Cross/Enter at Intersection,NO IMPROPER ACTIONS,ON ROADWAY AT CROSSWALK,OBEYED PED. SIGNAL,LIGHT CLOTHING,No,POSSIBLE INJURY,N/A,38.990385,-77.02352,"(38.990385, -77.02352)"
MCP2937001J,15063824,Montgomery County Police,Injury Crash,12/14/2015 10:32:00 AM,County,BLACKBURN RD,Unknown,CUL DE SAC,,N/A,PEDESTRIAN,SINGLE VEHICLE,N/A,DRY,DAYLIGHT,NO CONTROLS,NONE DETECTED,NONE DETECTED,18393E1A-62CC-40F3-A1C4-ADE27F337B22,PEDESTRIAN,Cross/Enter not at Intersection,FAILURE TO YIELD RIGHT OF WAY,ON ROADWAY NOT AT CROSSWALK,NO PED. SIGNAL,LIGHT CLOTHING,Yes,POSSIBLE INJURY,NONE,39.09888966,-76.92820072,"(39.09888966, -76.92820072)"
MCP1205001S,16008508,Montgomery County Police,Injury Crash,02/20/2016 09:50:00 AM,County,CEDAR LA,Government,BEACH DR,,N/A,BICYCLIST,STRAIGHT MOVEMENT ANGLE,CLEAR,N/A,DAYLIGHT,TRAFFIC SIGNAL,NONE DETECTED,NONE DETECTED,7A260174-E024-4D61-8992-099042FC8847,BICYCLIST,Cross/Enter at Intersection,NO IMPROPER ACTIONS,AT INTERSECTION BUT NO CROSSWALK,OTHER,REFLECTIVE MATERIAL,No,SUSPECTED SERIOUS INJURY,MC/BIKE HELMET,39.01233149,-77.09089279,"(39.01233149, -77.09089279)"
DD55950034,16052438,Rockville Police Departme,Injury Crash,10/12/2016 10:38:00 AM,,,,,THE PARKING LOT OF 15215 SHADY GROVE RD,,PEDESTRIAN,SINGLE VEHICLE,CLEAR,,DAYLIGHT,N/A,NONE DETECTED,NONE DETECTED,AD8B149F-32F8-44C4-B558-304D15074DD1,PEDESTRIAN,Other,DART DASH,OTHER,NO PED. SIGNAL,DARK CLOTHING,Yes,SUSPECTED MINOR INJURY,N/A,39.10634954,-77.18926549,"(39.10634954, -77.18926549)"
MCP13780059,15014654,Montgomery County Police,Injury Crash,03/30/2015 06:37:00 PM,County,TOWNE CREST CT,County,TOWNE CREST DR,,N/A,PEDESTRIAN,SINGLE VEHICLE,CLEAR,DRY,DAYLIGHT,N/A,NONE DETECTED,NONE DETECTED,5805A951-44B4-485D-AE0B-51548CDD7F9F,PEDESTRIAN,Playing,DART DASH,OTHER,N/A,MIXED CLOTHING,,SUSPECTED MINOR INJURY,N/A,39.145455,-77.17360667,"(39.145455, -77.17360667)"
MCP2094004W,15021686,Montgomery County Police,Injury Crash,05/07/2015 10:20:00 AM,,,,,"PARKING LOT OF
 11820 PARKLAWN DR",,OTHER,SINGLE VEHICLE,CLEAR,,DAYLIGHT,N/A,NONE DETECTED,NONE DETECTED,C71C405B-D4EA-4A61-A91A-7F3582F0DDB6,OTHER,N/A,N/A,INSIDE BUILDING,N/A,N/A,,SUSPECTED MINOR INJURY,N/A,39.27647167,-77.21262167,"(39.27647167, -77.21262167)"
MCP27990016,15051296,Montgomery County Police,Property Damage Crash,10/22/2015 05:57:00 PM,County,SPARTAN RD,Unknown,TOWN CENTER DR,,N/A,BICYCLIST,STRAIGHT MOVEMENT ANGLE,RAINING,WET,DAYLIGHT,NO CONTROLS,N/A,NONE DETECTED,7B6DFF19-CF75-4CB9-A9D6-C9D7F81E44C3,BICYCLIST,Cross/Enter at Intersection,FAILURE TO YIELD RIGHT OF WAY,SIDEWALK,NO PED. SIGNAL,MIXED CLOTHING,Yes,NO APPARENT INJURY,NONE,39.15255243,-77.06085205,"(39.15255243, -77.06085205)"
MCP1151002J,15010827,Montgomery County Police,Injury Crash,03/09/2015 08:19:00 AM,County,CRYSTAL ROCK DR,Maryland (State),GERMANTOWN RD,,N/A,PEDESTRIAN,OTHER,CLEAR,DRY,DAYLIGHT,NO CONTROLS,NONE DETECTED,NONE DETECTED,21E5AE0E-C781-46BF-B7C1-8BBC1DE6159D,PEDESTRIAN,Cross/Enter not at Intersection,IN ROADWAY IMPROPERLY,ON ROADWAY NOT AT CROSSWALK,NO PED. SIGNAL,MIXED CLOTHING,,POSSIBLE INJURY,N/A,39.181835,-77.26275,"(39.181835, -77.26275)"
MCP2291003D,180064385,Montgomery County Police,Injury Crash,12/24/2018 06:15:00 PM,County,BETHESDA AVE,County,WOODMONT AVE,,N/A,BICYCLIST,SINGLE VEHICLE,CLEAR,DRY,DARK LIGHTS ON,NO CONTROLS,UNKNOWN,UNKNOWN,1FF44DE5-22A9-44AD-9BA8-E7D5589EEF10,BICYCLIST,Cross/Enter at Intersection,NO IMPROPER ACTIONS,SIDEWALK,N/A,DARK CLOTHING,No,SUSPECTED MINOR INJURY,UNKNOWN,38.99124433,-77.097848,"(38.99124433, -77.097848)"
MCP229800B9,16057493,Montgomery County Police,Injury Crash,11/07/2016 08:01:00 PM,Maryland (State),CLOPPER RD,County,LIBERTY MILL RD,,N/A,BICYCLIST,OTHER,CLEAR,N/A,DARK LIGHTS ON,NO CONTROLS,NONE DETECTED,ILLEGAL DRUG PRESENT,1BE559DC-EAE2-4CD8-AF04-54880E437CB8,BICYCLIST,Cross/Enter at Intersection,NO IMPROPER ACTIONS,AT INTERSECTION BUT NO CROSSWALK,NO PED. SIGNAL,MIXED CLOTHING,No,NO APPARENT INJURY,NONE,39.16217474,-77.28160657,"(39.16217474, -77.28160657)"
MCP2437001F,16004168,Montgomery County Police,Injury Crash,01/25/2016 07:29:00 PM,Maryland (State),GEORGIA AVE,County,HATHAWAY DR,,N/A,PEDESTRIAN,SINGLE VEHICLE,CLEAR,WET,DARK NO LIGHTS,NO CONTROLS,NONE DETECTED,ALCOHOL PRESENT,D011E0E3-C041-43AA-ACA8-DB199F6E0345,PEDESTRIAN,Walking/Riding w/Traffic,NOT VISIBLE,ON ROADWAY NOT AT CROSSWALK,NO PED. SIGNAL,DARK CLOTHING,Yes,SUSPECTED SERIOUS INJURY,NONE,39.06922667,-77.06196333,"(39.06922667, -77.06196333)"
DD5614002B,170502068,Rockville Police Departme,Property Damage Crash,04/14/2017 08:00:00 AM,Maryland (State),FREDERICK RD,Unknown,ENT TO SHADY GROVE METRO STATION,,N/A,PEDESTRIAN,STRAIGHT MOVEMENT ANGLE,CLOUDY,DRY,N/A,NO CONTROLS,UNKNOWN,NONE DETECTED,713AABB8-9697-47B9-AE86-7EFA39BC61B1,PEDESTRIAN,Walking/Riding against Traffic,NO IMPROPER ACTIONS,SIDEWALK,NO PED. SIGNAL,UNKNOWN,No,NO APPARENT INJURY,NONE,39.11785837,-77.16986775,"(39.11785837, -77.16986775)"
MCP15530019,15004184,Montgomery County Police,Injury Crash,01/26/2015 02:53:00 PM,County,ELDRID DR,County,JOHNSON AVE,,N/A,PEDESTRIAN,OTHER,SNOW,SNOW,DAYLIGHT,N/A,NONE DETECTED,NONE DETECTED,0BD7553F-98BC-4BB1-8F1E-E3B1255E4E46,PEDESTRIAN,Walking/Riding against Traffic,NO IMPROPER ACTIONS,ON ROADWAY NOT AT CROSSWALK,N/A,N/A,,POSSIBLE INJURY,N/A,39.066665,-76.99651167,"(39.066665, -76.99651167)"
MCP29910013,16047934,Montgomery County Police,Injury Crash,09/18/2016 12:45:00 PM,,,,,CHURCH PARKING LOT OFF OF 17615 OLD BALTIMORE RD.,,PEDESTRIAN,SINGLE VEHICLE,CLEAR,,DAYLIGHT,NO CONTROLS,NONE DETECTED,NONE DETECTED,51EE3148-3B80-4843-8C9C-FEFD82F1918A,PEDESTRIAN,Other,NO IMPROPER ACTIONS,OTHER,N/A,LIGHT CLOTHING,No,POSSIBLE INJURY,N/A,39.14461333,-77.050775,"(39.14461333, -77.050775)"
DD5502002C,16021808,Rockville Police Departme,Injury Crash,05/03/2016 12:15:00 PM,Maryland (State),HUNGERFORD DR,Municipality,A ST,,ROCKVILLE,PEDESTRIAN,OTHER,CLOUDY,DRY,DAYLIGHT,TRAFFIC SIGNAL,UNKNOWN,NONE DETECTED,305316F3-D050-4DC5-920B-76A02F99EE4F,PEDESTRIAN,Cross/Enter at Intersection,NO IMPROPER ACTIONS,ON ROADWAY AT CROSSWALK,OBEYED PED. SIGNAL,MIXED CLOTHING,No,SUSPECTED MINOR INJURY,NONE,39.09198065,-77.15315089,"(39.09198065, -77.15315089)"
MCP2919004Q,180020640,Montgomery County Police,Injury Crash,04/27/2018 03:18:00 PM,Maryland (State),UNIVERSITY BLVD E,County,SEEK LA,,N/A,PEDESTRIAN,OTHER,CLOUDY,DRY,DAYLIGHT,N/A,NONE DETECTED,NONE DETECTED,7F9A3661-11AA-4393-95C2-706B328A8586,PEDESTRIAN,Cross/Enter at Intersection,NO IMPROPER ACTIONS,ON ROADWAY NOT AT CROSSWALK,N/A,N/A,No,POSSIBLE INJURY,NONE,38.99724667,-76.99616167,"(38.99724667, -76.99616167)"
MCP1564001S,16066488,Montgomery County Police,Injury Crash,12/20/2016 08:23:00 AM,Maryland (State),NORBECK RD,County,WHITEHAVEN RD,,N/A,PEDESTRIAN,SINGLE VEHICLE,CLEAR,DRY,DAYLIGHT,OTHER,NONE DETECTED,NONE DETECTED,C47364FF-0ACB-4AD6-BEAC-866AF2EB0B78,PEDESTRIAN,Walking/Riding w/Traffic,UNKNOWN,ON ROADWAY NOT AT CROSSWALK,NO PED. SIGNAL,MIXED CLOTHING,Unknown,SUSPECTED MINOR INJURY,NONE,39.12094667,-77.03903667,"(39.12094667, -77.03903667)"
MCP26800017,15016505,Montgomery County Police,Injury Crash,04/09/2015 09:37:00 PM,Maryland (State),EAST WEST HWY,Maryland (State),16TH ST,,N/A,PEDESTRIAN,SAME DIR REAR END,RAINING,WET,DARK LIGHTS ON,NO CONTROLS,NONE DETECTED,NONE DETECTED,16B38941-521E-4C4F-BFE6-7692DC21229B,PEDESTRIAN,Cross/Enter at Intersection,N/A,AT INTERSECTION MARKED CROSSWALK,OBEYED PED. SIGNAL,DARK CLOTHING,,SUSPECTED MINOR INJURY,NONE,38.99529667,-77.03877833,"(38.99529667, -77.03877833)"
MCP2732000R,15045144,MONTGOMERY,Injury Crash,09/07/2015 05:29:00 PM,Maryland (State),UNIVERSITY BLVD W,County,WESTCHESTER DR,,N/A,BICYCLIST,STRAIGHT MOVEMENT ANGLE,CLEAR,DRY,DAYLIGHT,NO CONTROLS,NONE DETECTED,NONE DETECTED,EFCF8C48-F732-4441-8C14-9528F4C5736F,BICYCLIST,Cross/Enter at Intersection,NO IMPROPER ACTIONS,AT INTERSECTION BUT NO CROSSWALK,NO PED. SIGNAL,DARK CLOTHING,No,SUSPECTED MINOR INJURY,NONE,39.04058167,-77.04435833,"(39.04058167, -77.04435833)"
MCP27530029,170506434,Montgomery County Police,Injury Crash,05/07/2017 12:09:00 PM,County,CONNECTICUT AVE,County,BEL PRE RD,,N/A,PEDESTRIAN,OTHER,CLOUDY,DRY,DAYLIGHT,NO CONTROLS,NONE DETECTED,NONE DETECTED,E8FA8B23-6455-44B3-A6C7-AD5F52A04BA2,PEDESTRIAN,Cross/Enter at Intersection,FAILURE TO YIELD RIGHT OF WAY,ON ROADWAY NOT AT CROSSWALK,NO PED. SIGNAL,DARK CLOTHING,Yes,SUSPECTED MINOR INJURY,N/A,39.09151833,-77.070715,"(39.09151833, -77.070715)"
MCP27170078,16044459,Montgomery County Police,Injury Crash,08/31/2016 04:14:00 PM,County,WESTLAKE TERR,County,WESTLAKE DR,,N/A,PEDESTRIAN,OTHER,CLEAR,DRY,DAYLIGHT,TRAFFIC SIGNAL,NONE DETECTED,NONE DETECTED,79A27A94-4A14-45C9-9825-B744A4F24BA9,PEDESTRIAN,Cross/Enter at Intersection,NO IMPROPER ACTIONS,ON ROADWAY AT CROSSWALK,OBEYED PED. SIGNAL,MIXED CLOTHING,No,POSSIBLE INJURY,NONE,39.02707167,-77.14729667,"(39.02707167, -77.14729667)"
MCP2727001X,170551332,Montgomery County Police,Injury Crash,12/30/2017 11:42:00 AM,County,KINGSVIEW VILLAGE AVE,Maryland (State),CLOPPER RD,,N/A,PEDESTRIAN,OTHER,N/A,SNOW,DAYLIGHT,TRAFFIC SIGNAL,NONE DETECTED,N/A,6E701576-F87F-4ED1-8334-7CBDC62A7243,PEDESTRIAN,Cross/Enter at Intersection,NO IMPROPER ACTIONS,ON ROADWAY AT CROSSWALK,OBEYED PED. SIGNAL,DARK CLOTHING,No,SUSPECTED MINOR INJURY,NONE,39.16058833,-77.27899,"(39.16058833, -77.27899)"
MCP28810011,15022293,Montgomery County Police,Injury Crash,05/10/2015 02:00:00 PM,County,ARDENNES AVE,County,TWINBROOK PKWY,,N/A,BICYCLIST,SINGLE VEHICLE,CLEAR,DRY,DAYLIGHT,TRAFFIC SIGNAL,NONE DETECTED,NONE DETECTED,E578FE1B-14CA-4EC7-86C2-7227E5A423C4,BICYCLIST,Cross/Enter at Intersection,NO IMPROPER ACTIONS,AT INTERSECTION MARKED CROSSWALK,OBEYED PED. SIGNAL,MIXED CLOTHING,,POSSIBLE INJURY,N/A,39.18523167,-77.24490833,"(39.18523167, -77.24490833)"
MCP28940016,15047513,MONTGOMERY,Injury Crash,09/19/2015 09:46:00 AM,County,EXECUTIVE BLVD,County,WOODGLEN DR,,N/A,PEDESTRIAN,OTHER,CLEAR,DRY,DAYLIGHT,STOP SIGN,NONE DETECTED,NONE DETECTED,424CDFFC-C0EE-46CE-ABF3-178E22B58A82,PEDESTRIAN,Cross/Enter at Intersection,NO IMPROPER ACTIONS,ON ROADWAY AT CROSSWALK,NO PED. SIGNAL,MIXED CLOTHING,No,POSSIBLE INJURY,N/A,39.0433195,-77.11347163,"(39.0433195, -77.11347163)"
MCP31480019,190022260,Montgomery County Police,Injury Crash,05/11/2019 03:23:00 PM,County,WOODMONT AVE,County,BETHESDA AVE,,N/A,BICYCLIST,SAME DIRECTION LEFT TURN,CLEAR,WET,DAYLIGHT,NO CONTROLS,UNKNOWN,NONE DETECTED,E935F64F-BC9B-4818-B13C-3B07DCDEC9B3,BICYCLIST,Walking/Riding w/Traffic,FAILURE TO YIELD RIGHT OF WAY,IN BIKEWAY,N/A,LIGHT CLOTHING,Yes,SUSPECTED MINOR INJURY,UNKNOWN,38.98130658,-77.09555168,"(38.98130658, -77.09555168)"
MCP3007000N,16014539,Montgomery County Police,Injury Crash,03/24/2016 06:17:00 PM,County,ASPEN HILL RD,Maryland (State),VEIRS MILL RD,,N/A,PEDESTRIAN,SINGLE VEHICLE,CLEAR,N/A,DAYLIGHT,TRAFFIC SIGNAL,NONE DETECTED,NONE DETECTED,58B8AA1E-E34F-49FA-ADC5-097C8F1337E5,PEDESTRIAN,Cross/Enter at Intersection,NO IMPROPER ACTIONS,N/A,OBEYED PED. SIGNAL,LIGHT CLOTHING,No,POSSIBLE INJURY,NONE,39.06919632,-77.1048148,"(39.06919632, -77.1048148)"
MCP2177002G,170535701,Montgomery County Police,Injury Crash,10/09/2017 06:33:00 AM,County,TWINBROOK PKWY,County,ARDENNES AVE,,N/A,PEDESTRIAN,SINGLE VEHICLE,RAINING,WET,DARK LIGHTS ON,TRAFFIC SIGNAL,UNKNOWN,N/A,2D9C2A5B-D7DA-4AF1-AECF-6AA389CE2118,PEDESTRIAN,Cross/Enter at Intersection,NO IMPROPER ACTIONS,AT INTERSECTION MARKED CROSSWALK,OBEYED PED. SIGNAL,LIGHT CLOTHING,No,SUSPECTED MINOR INJURY,NONE,39.06370527,-77.11604856,"(39.06370527, -77.11604856)"
MCP20080044,170523208,Montgomery County Police,Injury Crash,08/05/2017 04:34:00 PM,,,,,"PARKING LOT OF 
6301 RIVER RD",,PEDESTRIAN,OTHER,CLEAR,,DAYLIGHT,N/A,NONE DETECTED,NONE DETECTED,B9D1D6D6-613A-45C7-B976-AC995CC74171,PEDESTRIAN,Other,NO IMPROPER ACTIONS,OTHER,N/A,LIGHT CLOTHING,No,SUSPECTED MINOR INJURY,N/A,38.97602667,-77.12599833,"(38.97602667, -77.12599833)"
MCP209400CY,180063133,Montgomery County Police,Injury Crash,12/18/2018 10:43:00 AM,County,WOODMONT AVE,County,CORDELL AVE,,N/A,PEDESTRIAN,OTHER,CLEAR,WET,DAYLIGHT,NO CONTROLS,NONE DETECTED,NONE DETECTED,C9A46963-A192-46C1-A99D-D7CA391736DE,PEDESTRIAN,Cross/Enter not at Intersection,IN ROADWAY IMPROPERLY,ON ROADWAY NOT AT CROSSWALK,NO PED. SIGNAL,MIXED CLOTHING,Yes,SUSPECTED MINOR INJURY,N/A,38.99025,-77.0967,"(38.99025, -77.0967)"
DD5595005D,170549956,Rockville Police Departme,Injury Crash,12/21/2017 03:00:00 PM,Municipality,N WASHINGTON ST,Municipality,DAWSON AVE,,ROCKVILLE,"OTHER, PEDESTRIAN",SINGLE VEHICLE,CLEAR,DRY,DAYLIGHT,TRAFFIC SIGNAL,NONE DETECTED,N/A,20EA0515-1E47-4934-884F-AA636B10283B,OTHER,Cross/Enter at Intersection,OTHER,AT INTERSECTION MARKED CROSSWALK,OBEYED PED. SIGNAL,N/A,No,NO APPARENT INJURY,N/A,39.08864917,-77.15325567,"(39.08864917, -77.15325567)"
MCP2291001G,15053840,MONTGOMERY,Injury Crash,10/23/2015 02:50:00 PM,Maryland (State),WISCONSIN AVE,County,NORWOOD DR,,N/A,BICYCLIST,SINGLE VEHICLE,CLEAR,DRY,DAYLIGHT,NO CONTROLS,NONE DETECTED,NONE DETECTED,5345C387-BE06-43B7-8724-3E46C5F9EB39,BICYCLIST,Walking/Cycling on Sidewalk,OTHER,SIDEWALK,N/A,MIXED CLOTHING,Yes,SUSPECTED MINOR INJURY,MC/BIKE HELMET,38.97484667,-77.09015667,"(38.97484667, -77.09015667)"
DD5631000F,180023444,Rockville Police Departme,Injury Crash,05/24/2018 09:26:00 AM,Municipality,W GUDE DR,Maryland (State),FREDERICK RD,,N/A,PEDESTRIAN,N/A,N/A,DRY,DAYLIGHT,TRAFFIC SIGNAL,NONE DETECTED,NONE DETECTED,FF584BBA-AD6E-4F4D-A3A5-8F3B85E40325,PEDESTRIAN,Cross/Enter not at Intersection,FAILURE TO OBEY TRAFFIC SIGNS SIGNALS OR OFFICER,ON ROADWAY NOT AT CROSSWALK,DISOBEYED PED. SIGNAL,LIGHT CLOTHING,Yes,POSSIBLE INJURY,NONE,39.10668667,-77.15902333,"(39.10668667, -77.15902333)"
EJ7863001W,180025921,Gaithersburg Police Depar,Property Damage Crash,05/26/2018 08:49:00 PM,,NORTH SUMMIT DRIVE,,N/A,,N/A,PEDESTRIAN,OTHER,CLEAR,DRY,DARK LIGHTS ON,N/A,NONE DETECTED,NONE DETECTED,CB42FBEC-8AAA-4CF3-AEB9-BD36F3D3CAD8,PEDESTRIAN,Other,NOT VISIBLE,OTHER,NO PED. SIGNAL,LIGHT CLOTHING,No,NO APPARENT INJURY,NONE,39.14554676,-77.19064951,"(39.14554676, -77.19064951)"
MCP271700BM,170502817,Montgomery County Police,Property Damage Crash,04/18/2017 04:45:00 PM,,,,,4707 HIGHLAND AVENUE (MONTGOMERY COUNTY PUBLIC PARKING LOT),,PEDESTRIAN,SINGLE VEHICLE,CLEAR,,DAYLIGHT,NO CONTROLS,NONE DETECTED,NONE DETECTED,1331B814-8EB3-4CDE-AED8-C3D8FE5E744F,PEDESTRIAN,Other,OTHER,OTHER,N/A,MIXED CLOTHING,No,NO APPARENT INJURY,NONE,38.991755,-77.09430183,"(38.991755, -77.09430183)"
MCP1182001X,170545378,Montgomery County Police,Injury Crash,11/28/2017 02:12:00 PM,County,LANDON LA,County,WHITTIER BLVD,,N/A,PEDESTRIAN,SINGLE VEHICLE,CLEAR,DRY,DAYLIGHT,NO CONTROLS,NONE DETECTED,NONE DETECTED,88876C99-3A30-4351-AA83-9983F7EA3456,PEDESTRIAN,Cross/Enter not at Intersection,INATTENTIVE,ON ROADWAY NOT AT CROSSWALK,NO PED. SIGNAL,MIXED CLOTHING,Yes,SUSPECTED MINOR INJURY,N/A,38.98545333,-77.126165,"(38.98545333, -77.126165)"
EJ7833003W,170524565,Gaithersburg Police Depar,Injury Crash,08/12/2017 11:38:00 PM,,,,,"PARKING LOT OF 111 WATKINS STATION CIRCLE IN GAITHERSBURG, MD 20877",,PEDESTRIAN,OTHER,N/A,,DARK LIGHTS ON,NO CONTROLS,UNKNOWN,NONE DETECTED,E77DE94B-CB87-4888-AAA9-4DB6E575FACB,PEDESTRIAN,Standing,OTHER,OTHER,N/A,LIGHT CLOTHING,No,SUSPECTED MINOR INJURY,NONE,39.16057648,-77.2195711,"(39.16057648, -77.2195711)"
MCP2886000J,15029525,Montgomery County Police,Injury Crash,06/17/2015 01:20:00 PM,County,AMHERST AVE,County,REEDIE DR,,N/A,PEDESTRIAN,SAME DIR REAR END,CLEAR,DRY,DAYLIGHT,N/A,NONE DETECTED,NONE DETECTED,F21E3D71-3DB1-406E-B604-840DE667EE2B,PEDESTRIAN,Walking/Cycling on Sidewalk,NO IMPROPER ACTIONS,SIDEWALK,N/A,MIXED CLOTHING,,POSSIBLE INJURY,N/A,39.03931966,-77.04866409,"(39.03931966, -77.04866409)"
MCP2348002M,170511431,Montgomery County Police,Injury Crash,06/02/2017 08:22:00 PM,County,AMHERST AVE,County,BLUERIDGE AVE,,N/A,PEDESTRIAN,SINGLE VEHICLE,CLEAR,DRY,DAYLIGHT,N/A,NONE DETECTED,NONE DETECTED,3B8E2A1B-7404-4227-9B1E-7790834F48F9,PEDESTRIAN,Cross/Enter at Intersection,NO IMPROPER ACTIONS,ON ROADWAY AT CROSSWALK,NO PED. SIGNAL,MIXED CLOTHING,No,SUSPECTED MINOR INJURY,N/A,39.04333616,-77.0478715,"(39.04333616, -77.0478715)"
MCP2688001B,15003830,Montgomery County Police,Injury Crash,01/23/2015 09:45:00 PM,Maryland (State),NEW HAMPSHIRE AVE,County,ELTON RD,,N/A,PEDESTRIAN,OTHER,RAINING,WET,DARK LIGHTS ON,TRAFFIC SIGNAL,NONE DETECTED,NONE DETECTED,3B5EDDAD-6364-4A80-9439-FC1B9584C2F0,PEDESTRIAN,Cross/Enter at Intersection,UNKNOWN,ON ROADWAY AT CROSSWALK,UNKNOWN,MIXED CLOTHING,,SUSPECTED MINOR INJURY,N/A,39.02051333,-76.97672333,"(39.02051333, -76.97672333)"
MCP13660095,190020833,Montgomery County Police,Injury Crash,05/03/2019 02:39:00 PM,Maryland (State),MUNCASTER MILL RD,County,NEEDWOOD RD,,N/A,PEDESTRIAN,STRAIGHT MOVEMENT ANGLE,CLEAR,DRY,DAYLIGHT,TRAFFIC SIGNAL,NONE DETECTED,NONE DETECTED,97D1C718-F331-4E65-AD90-9C352326F4E6,PEDESTRIAN,Cross/Enter not at Intersection,DART DASH,ON ROADWAY NOT AT CROSSWALK,DISOBEYED PED. SIGNAL,MIXED CLOTHING,Yes,SUSPECTED SERIOUS INJURY,NONE,39.13184,-77.12072833,"(39.13184, -77.12072833)"
MCP2720001L,15052916,MONTGOMERY,Injury Crash,10/18/2015 06:40:00 PM,Maryland (State),GEORGIA AVE,Unknown,CROSSOVER,,N/A,BICYCLIST,HEAD ON LEFT TURN,CLEAR,DRY,DARK -- UNKNOWN LIGHTING,NO CONTROLS,N/A,N/A,63ED35C0-FB40-496C-84FC-636B61148DBE,BICYCLIST,Walking/Riding w/Traffic,IN ROADWAY IMPROPERLY,ON ROADWAY NOT AT CROSSWALK,N/A,MIXED CLOTHING,Yes,SUSPECTED MINOR INJURY,MC/BIKE HELMET,39.08553333,-77.07890333,"(39.08553333, -77.07890333)"