Report Number,Local Case Number,Agency Name,ACRS Report Type,Crash Date/Time,Route Type,Road Name,Cross-Street Type,Cross-Street Name,Off-Road Description,Municipality,Related Non-Motorist,Collision Type,Weather,Surface Condition,Light,Traffic Control,Driver Substance Abuse,Non-Motorist Substance Abuse,Person ID,Pedestrian Type,Pedestrian Movement,Pedestrian Actions,Pedestrian Location,Pedestrian Obeyed Traffic Signal,Pedestrian Visibility,At Fault,Injury Severity,Safety Equipment,Latitude,Longitude,Location
MCP2917001Z,170534983,Montgomery County Police,Injury Crash,10/05/2017 07:09:00 PM,,,,,PARKING LOT OF 3111 HEWITT AVE,,PEDESTRIAN,OTHER,CLEAR,,DARK NO LIGHTS,NO CONTROLS,NONE DETECTED,NONE DETECTED,07A4251F-98A3-458A-BF72-02D3811BCA58,PEDESTRIAN,Other,DART DASH,ON ROADWAY NOT AT CROSSWALK,N/A,MIXED CLOTHING,Yes,SUSPECTED MINOR INJURY,NONE,39.08025523,-77.06376761,"(39.08025523, -77.06376761)"
MCP91060017,17011090,Montgomery County Police,Injury Crash,03/02/2017 12:53:00 PM,County,WATERS RD,County,WISTERIA DR,,N/A,PEDESTRIAN,SINGLE VEHICLE,N/A,DRY,DAYLIGHT,YIELD SIGN,UNKNOWN,NONE DETECTED,708AB888-21A4-438D-9347-EBD93806BB62,PEDESTRIAN,Cross/Enter at Intersection,NO IMPROPER ACTIONS,ON ROADWAY AT CROSSWALK,NO PED. SIGNAL,MIXED CLOTHING,No,POSSIBLE INJURY,NONE,39.17818,-77.27308167,"(39.17818, -77.27308167)"
HA24110009,17001331,Maryland-National Capital,Injury Crash,10/04/2017 09:36:00 AM,Maryland (State),LAYHILL RD,County,BAUGHMAN DR,,N/A,PEDESTRIAN,OTHER,CLEAR,DRY,DAYLIGHT,N/A,NONE DETECTED,NONE DETECTED,8E04201F-8C2F-4B53-9BDA-08C439101A2E,PEDESTRIAN,Walking/Riding w/Traffic,UNKNOWN,SHOULDER,N/A,MIXED CLOTHING,No,SUSPECTED MINOR INJURY,N/A,39.10446175,-77.03905776,"(39.10446175, -77.03905776)"
MCP28460021,16032703,Montgomery County Police,Injury Crash,06/28/2016 01:15:00 PM,County,SHOREFIELD RD,Maryland (State),GEORGIA AVE,,N/A,PEDESTRIAN,OTHER,CLOUDY,DRY,DAYLIGHT,TRAFFIC SIGNAL,NONE DETECTED,NONE DETECTED,AE9A8913-1B4B-4010-A12A-E3F88D9A0C46,PEDESTRIAN,Cross/Enter at Intersection,NO IMPROPER ACTIONS,ON ROADWAY AT CROSSWALK,OBEYED PED. SIGNAL,MIXED CLOTHING,No,POSSIBLE INJURY,NONE,39.05316667,-77.050735,"(39.05316667, -77.050735)"
MCP271700N6,190017812,Montgomery County Police,Injury Crash,04/16/2019 03:25:00 PM,,,,,4823 RUGBY AVENUE (MCP BETHESDA DISTRICT STATION),,OTHER,OTHER,CLEAR,,DAYLIGHT,NO CONTROLS,NONE DETECTED,NONE DETECTED,14D633F9-5491-4AB8-9E2C-19A1FC8A113C,OTHER,Other,OTHER,SIDEWALK,NO PED. SIGNAL,MIXED CLOTHING,No,SUSPECTED MINOR INJURY,NONE,38.9910735,-77.09770717,"(38.9910735, -77.09770717)"
MCP1220004H,16059430,Montgomery County Police,Injury Crash,11/18/2016 02:33:00 PM,,,,,"9500 GEORGIA AVE (DRIVEWAY)
SILVER SPRING, MD 20910",,PEDESTRIAN,SINGLE VEHICLE,CLEAR,,DAYLIGHT,N/A,,NONE DETECTED,5938C8FF-57B6-470C-8C09-6D81EA018D01,PEDESTRIAN,Standing,NO IMPROPER ACTIONS,OTHER,N/A,LIGHT CLOTHING,No,POSSIBLE INJURY,NONE,39.01030833,-77.04112167,"(39.01030833, -77.04112167)"
MCP9130002M,16041699,Montgomery County Police,Injury Crash,08/17/2016 08:39:00 AM,County,FOREST GLEN RD,Government,SLIGO CREEK PKWY,,N/A,BICYCLIST,SINGLE VEHICLE,CLEAR,DRY,DAYLIGHT,TRAFFIC SIGNAL,NONE DETECTED,NONE DETECTED,6DC14489-E1F4-4DEC-9B42-6A6A0452CBB4,BICYCLIST,Cross/Enter at Intersection,NO IMPROPER ACTIONS,ON ROADWAY AT CROSSWALK,NO PED. SIGNAL,MIXED CLOTHING,No,SUSPECTED MINOR INJURY,NONE,39.01609333,-77.032545,"(39.01609333, -77.032545)"
DD5611000W,16000618,Rockville Police Departme,Injury Crash,01/04/2016 05:36:00 PM,Municipality,N WASHINGTON ST,Municipality,MARTINS LA,,ROCKVILLE,PEDESTRIAN,SINGLE VEHICLE,CLEAR,DRY,DARK LIGHTS ON,TRAFFIC SIGNAL,NONE DETECTED,UNKNOWN,A99096BC-2EC4-42DE-BC5C-84F3F75C07E4,PEDESTRIAN,Cross/Enter at Intersection,DART DASH,ON ROADWAY NOT AT CROSSWALK,NO PED. SIGNAL,DARK CLOTHING,Yes,POSSIBLE INJURY,NONE,39.09080965,-77.15365648,"(39.09080965, -77.15365648)"
MCP27480016,190018590,Montgomery County Police,Injury Crash,04/20/2019 09:52:00 PM,Maryland (State),OLD GEORGETOWN RD,Maryland (State),ROCKVILLE PIKE,,N/A,PEDESTRIAN,SINGLE VEHICLE,CLEAR,N/A,DARK LIGHTS ON,N/A,N/A,NONE DETECTED,1B3F0161-4558-4290-8F09-989002CACA9C,PEDESTRIAN,Cross/Enter not at Intersection,IN ROADWAY IMPROPERLY,ON ROADWAY NOT AT CROSSWALK,N/A,DARK CLOTHING,Yes,SUSPECTED SERIOUS INJURY,N/A,39.04508167,-77.1204155,"(39.04508167, -77.1204155)"
MCP2290000J,17012018,Montgomery County Police,Injury Crash,03/07/2017 02:05:00 PM,County,CRABBS BRANCH WAY,County,INDIANOLA DR,,N/A,PEDESTRIAN,SINGLE VEHICLE,CLEAR,DRY,DAYLIGHT,TRAFFIC SIGNAL,NONE DETECTED,NONE DETECTED,54677785-90AA-4647-8F2A-C237DA8DA9B3,PEDESTRIAN,Cross/Enter at Intersection,NO IMPROPER ACTIONS,ON ROADWAY AT CROSSWALK,OBEYED PED. SIGNAL,MIXED CLOTHING,No,POSSIBLE INJURY,NONE,39.11474513,-77.15701059,"(39.11474513, -77.15701059)"
MCP13050010,16045730,Montgomery County Police,Property Damage Crash,09/07/2016 09:18:00 AM,,,,,PRIVATE PROPERTY OF 17807 BOWIE MILL RD,,OTHER,SINGLE VEHICLE,N/A,,DAYLIGHT,NO CONTROLS,NONE DETECTED,N/A,DFD60ED1-F305-4490-ACB7-3CC3E630D6C5,OTHER,N/A,NO IMPROPER ACTIONS,INSIDE BUILDING,N/A,N/A,No,NO APPARENT INJURY,N/A,39.1485255,-77.11275816,"(39.1485255, -77.11275816)"
MCP1220006C,180005659,Montgomery County Police,Injury Crash,02/02/2018 09:00:00 AM,County,CARROLL LA,County,SILVER SPRING AVE,,N/A,PEDESTRIAN,SINGLE VEHICLE,CLEAR,DRY,DAYLIGHT,N/A,NONE DETECTED,NONE DETECTED,538333A6-FA5D-4374-9AD9-B1EFFC964C1B,PEDESTRIAN,Cross/Enter at Intersection,NO IMPROPER ACTIONS,AT INTERSECTION BUT NO CROSSWALK,NO PED. SIGNAL,LIGHT CLOTHING,No,POSSIBLE INJURY,N/A,38.99186833,-77.01642,"(38.99186833, -77.01642)"
MCP28820023,170525535,Montgomery County Police,Injury Crash,08/18/2017 02:55:00 PM,,,,,PARKING LOT IN FRONT OF 19552 CRYSTAL ROCK DRIVE,,BICYCLIST,SINGLE VEHICLE,CLEAR,,DAYLIGHT,N/A,NONE DETECTED,NONE DETECTED,30CB36A0-91F0-4487-950C-4A059417B60C,BICYCLIST,Playing,INATTENTIVE,OTHER,N/A,MIXED CLOTHING,Yes,SUSPECTED MINOR INJURY,NONE,39.17810167,-77.26309833,"(39.17810167, -77.26309833)"
MCP2930001G,190016985,Montgomery County Police,Injury Crash,04/11/2019 10:49:00 PM,County,GLENALLAN AVE,County,RANDOLPH RD,,N/A,PEDESTRIAN,OTHER,CLEAR,DRY,DARK NO LIGHTS,TRAFFIC SIGNAL,NONE DETECTED,NONE DETECTED,35D8AE52-F1D9-4D0D-8241-D3DCEEEE0520,PEDESTRIAN,Cross/Enter at Intersection,UNKNOWN,ON ROADWAY AT CROSSWALK,OBEYED PED. SIGNAL,MIXED CLOTHING,No,SUSPECTED SERIOUS INJURY,N/A,39.06075333,-77.04502833,"(39.06075333, -77.04502833)"
MCP209400GR,200049485,Montgomery County Police,Injury Crash,12/16/2020 10:33:00 AM,County,WELLINGTON DR,County,STRATHMORE ST,,N/A,PEDESTRIAN,OTHER,SNOW,WET,DAYLIGHT,NO CONTROLS,NONE DETECTED,NONE DETECTED,01EC9BD3-E482-4A5E-8712-02CE29B1CD96,PEDESTRIAN,Cross/Enter at Intersection,NO IMPROPER ACTIONS,ON ROADWAY AT CROSSWALK,NO PED. SIGNAL,MIXED CLOTHING,No,POSSIBLE INJURY,N/A,38.97928,-77.09307,"(38.97928, -77.09307)"
MCP32000027,200050155,Montgomery County Police,Injury Crash,12/21/2020 11:25:00 AM,County,OLD STAGE RD,County,OLD BRIDGE RD,,N/A,PEDESTRIAN,OTHER,FOGGY,WET,DAYLIGHT,STOP SIGN,NONE DETECTED,NONE DETECTED,3D7A2C3E-2AD0-4A97-8ADC-CBF3F04F0185,PEDESTRIAN,Cross/Enter at Intersection,NO IMPROPER ACTIONS,ON ROADWAY AT CROSSWALK,NO PED. SIGNAL,MIXED CLOTHING,No,SUSPECTED MINOR INJURY,NONE,39.05184575,-77.14570648,"(39.05184575, -77.14570648)"
MCP26560050,200050075,Montgomery County Police,Injury Crash,12/20/2020 08:50:00 PM,,,,,PARKING LOT OF 12814 SAGE TERRACE,,PEDESTRIAN,OTHER,N/A,,DARK LIGHTS ON,N/A,N/A,NONE DETECTED,47763640-756B-4DB7-A926-7FC953E0689C,PEDESTRIAN,Other,IN ROADWAY IMPROPERLY,OTHER,N/A,DARK CLOTHING,Yes,POSSIBLE INJURY,N/A,39.16015333,-77.26538,"(39.16015333, -77.26538)"
MCP15640050,200050318,Montgomery County Police,Injury Crash,12/22/2020 01:27:00 PM,,,,,"PKG LOT OF 18220 VILLAGE CENTER DRIVE, OLNEY, MD 20832",,OTHER CONVEYANCE,OTHER,CLEAR,,DAYLIGHT,NO CONTROLS,,NONE DETECTED,AD481E4C-97B7-477C-B246-1A2B60ACC26E,OTHER CONVEYANCE,Other,OTHER,CURB,NO PED. SIGNAL,MIXED CLOTHING,Yes,SUSPECTED MINOR INJURY,N/A,39.15382738,-77.06429089,"(39.15382738, -77.06429089)"
MCP2900003G,200049682,Montgomery County Police,Injury Crash,12/17/2020 06:09:00 PM,County,MONTGOMERY VILLAGE AVE,County,CENTERWAY RD,,N/A,PEDESTRIAN,OTHER,N/A,WET,DARK NO LIGHTS,N/A,N/A,N/A,465CDA7D-03F0-4815-8636-AFD8BFD57BB4,PEDESTRIAN,Cross/Enter not at Intersection,IN ROADWAY IMPROPERLY,ON ROADWAY NOT AT CROSSWALK,NO PED. SIGNAL,MIXED CLOTHING,Yes,SUSPECTED MINOR INJURY,NONE,39.17379917,-77.2037745,"(39.17379917, -77.2037745)"
MCP2931004T,200050544,Montgomery County Police,Injury Crash,12/23/2020 05:59:00 PM,Municipality,CONGRESSIONAL LA,Municipality,E JEFFERSON ST,,ROCKVILLE,BICYCLIST,STRAIGHT MOVEMENT ANGLE,N/A,N/A,DARK LIGHTS ON,STOP SIGN,NONE DETECTED,NONE DETECTED,4F4216BC-B3B1-4B2D-9C01-8E90FED21E41,BICYCLIST,Cross/Enter at Intersection,NO IMPROPER ACTIONS,SIDEWALK,N/A,DARK CLOTHING,No,POSSIBLE INJURY,NONE,39.06280667,-77.12824333,"(39.06280667, -77.12824333)"
MCP3195001Q,200047400,Montgomery County Police,Injury Crash,12/01/2020 04:00:00 PM,County,BUCKNELL DR,Unknown,ROAD END,,N/A,PEDESTRIAN,OTHER,CLEAR,DRY,DAYLIGHT,N/A,N/A,N/A,66F084FE-83FC-46B6-9B1B-F22BF4A244B1,PEDESTRIAN,Cross/Enter not at Intersection,NO IMPROPER ACTIONS,ON ROADWAY NOT AT CROSSWALK,N/A,MIXED CLOTHING,No,SUSPECTED MINOR INJURY,OTHER,39.03577069,-77.04681735,"(39.03577069, -77.04681735)"
MCP32090022,200049666,Montgomery County Police,Injury Crash,12/17/2020 04:32:00 PM,Maryland (State),PINEY BRANCH RD,County,SILVER SPRING AVE,,N/A,MACHINE OPERATOR/RIDER,SAME DIR REAR END,CLEAR,WET,DAYLIGHT,TRAFFIC SIGNAL,"NONE DETECTED, UNKNOWN",NONE DETECTED,A598EE82-BE98-4E41-91A9-6BC6EA10910C,MACHINE OPERATOR/RIDER,Other,NO IMPROPER ACTIONS,ON ROADWAY NOT AT CROSSWALK,N/A,N/A,No,POSSIBLE INJURY,N/A,38.99213432,-77.00987275,"(38.99213432, -77.00987275)"
MCP27500058,200049520,Montgomery County Police,Injury Crash,12/16/2020 12:30:00 PM,Maryland (State),GEORGIA AVE,Maryland (State),DAMASCUS RD,,N/A,PEDESTRIAN,OTHER,SNOW,SNOW,DAYLIGHT,NO CONTROLS,NONE DETECTED,NONE DETECTED,7EF02BDC-47F8-4881-A75D-CA5AD056AFDA,PEDESTRIAN,Standing,NO IMPROPER ACTIONS,SHOULDER,NO PED. SIGNAL,MIXED CLOTHING,No,POSSIBLE INJURY,NONE,39.21163667,-77.06197,"(39.21163667, -77.06197)"
MCP20720047,200050651,Montgomery County Police,Injury Crash,12/24/2020 01:55:00 PM,,,,,"MILESTONE SHOPPING CENTER
20934 FREDERICK ROAD
GERMANTOWN, MD 20876",,PEDESTRIAN,OTHER,RAINING,,DAYLIGHT,N/A,NONE DETECTED,UNKNOWN,A6C96E51-7508-4DD4-918C-A89E7735C86F,PEDESTRIAN,Other,NO IMPROPER ACTIONS,OTHER,N/A,DARK CLOTHING,No,POSSIBLE INJURY,N/A,39.202835,-77.24820333,"(39.202835, -77.24820333)"
MCP2492001K,200050258,Montgomery County Police,Fatal Crash,12/22/2020 03:58:00 AM,Maryland (State),GEORGIA AVE,Maryland (State),UNIVERSITY BLVD W,,N/A,PEDESTRIAN,OTHER,CLEAR,WET,DARK LIGHTS ON,TRAFFIC SIGNAL,NONE DETECTED,ALCOHOL PRESENT,35A79B1D-D5C2-4253-AC17-CF66F82D2A6E,PEDESTRIAN,Cross/Enter at Intersection,UNKNOWN,ON ROADWAY AT CROSSWALK,UNKNOWN,DARK CLOTHING,Unknown,FATAL INJURY,NONE,39.04149454,-77.05178448,"(39.04149454, -77.05178448)"
MCP2559004B,200050857,Montgomery County Police,Injury Crash,12/26/2020 05:33:00 PM,County,E GUDE DR,Maryland (State),FREDERICK RD,,N/A,BICYCLIST,OTHER,CLOUDY,DRY,DARK LIGHTS ON,TRAFFIC SIGNAL,N/A,N/A,B9352E24-D07A-4EEF-9AD9-A9860F3CC728,BICYCLIST,Cross/Enter at Intersection,NO IMPROPER ACTIONS,ON ROADWAY AT CROSSWALK,OBEYED PED. SIGNAL,MIXED CLOTHING,No,SUSPECTED MINOR INJURY,MC/BIKE HELMET,39.10643383,-77.15816517,"(39.10643383, -77.15816517)"
MCP2977007X,200051049,Montgomery County Police,Injury Crash,12/28/2020 01:51:00 PM,US (State),COLESVILLE RD,County,SOUTHWOOD AVE,,N/A,PEDESTRIAN,OTHER,CLEAR,DRY,DAYLIGHT,NO CONTROLS,N/A,N/A,15DC7ABD-53B0-4B27-8158-B8D4F3370060,PEDESTRIAN,Getting off/on Vehicle,ENTERING EXITING PARKED STANDING VEHICLE,OTHER,N/A,DARK CLOTHING,Yes,SUSPECTED MINOR INJURY,NONE,39.02638346,-77.01059628,"(39.02638346, -77.01059628)"
MCP2675002Q,200049963,Montgomery County Police,Injury Crash,12/19/2020 09:17:00 PM,County,FELDON ST,County,GREENLY ST,,N/A,OTHER,SAME DIRECTION SIDESWIPE,CLEAR,DRY,DARK LIGHTS ON,NO CONTROLS,ALCOHOL PRESENT,N/A,86CA2E51-49AE-4940-A9C3-B41A71CDA0B9,OTHER,Getting off/on Vehicle,DART DASH,OTHER,N/A,MIXED CLOTHING,No,POSSIBLE INJURY,N/A,39.06109898,-77.07462942,"(39.06109898, -77.07462942)"
MCP2968003L,200050987,Montgomery County Police,Injury Crash,12/28/2020 08:57:00 AM,County,SHADY GROVE RD,Maryland (State),W MONTGOMERY AVE,,N/A,PEDESTRIAN,SINGLE VEHICLE,CLEAR,DRY,DAYLIGHT,TRAFFIC SIGNAL,NONE DETECTED,N/A,1521911B-410F-4447-AEEB-6C76E94F2D9E,PEDESTRIAN,Cross/Enter at Intersection,NO IMPROPER ACTIONS,ON ROADWAY AT CROSSWALK,OBEYED PED. SIGNAL,MIXED CLOTHING,No,POSSIBLE INJURY,N/A,39.10297833,-77.190165,"(39.10297833, -77.190165)"
MCP2682002F,200050689,Montgomery County Police,Injury Crash,12/24/2020 05:51:00 PM,,,,,PARKING LOT OF 300 N FREDERICK AVE GAITHERSBURG MD 20877,,PEDESTRIAN,OTHER,CLOUDY,,DARK LIGHTS ON,STOP SIGN,UNKNOWN,NONE DETECTED,CD3F386B-83FB-46F4-AA0F-B2F335415E16,PEDESTRIAN,Walking/Cycling on Sidewalk,NO IMPROPER ACTIONS,DRIVEWAY ACCESS MARKED CROSSWALK,NO PED. SIGNAL,MIXED CLOTHING,No,POSSIBLE INJURY,NONE,39.14492,-77.20322,"(39.14492, -77.20322)"
MCP3005005H,200051190,Montgomery County Police,Injury Crash,12/29/2020 11:35:00 AM,County,REEDIE DR,County,FERN ST,,N/A,PEDESTRIAN,OTHER,CLEAR,DRY,DAYLIGHT,TRAFFIC SIGNAL,UNKNOWN,NONE DETECTED,CFAADBCF-F92F-4C95-9DEC-C5A077F1A1F4,PEDESTRIAN,Cross/Enter at Intersection,NO IMPROPER ACTIONS,AT INTERSECTION MARKED CROSSWALK,OBEYED PED. SIGNAL,MIXED CLOTHING,No,POSSIBLE INJURY,NONE,39.0389752,-77.04961914,"(39.0389752, -77.04961914)"
MCP26830053,210000271,Montgomery County Police,Injury Crash,01/03/2021 03:08:00 PM,County,ODENDHAL AVE,County,LOST KNIFE RD,,N/A,PEDESTRIAN,OTHER,RAINING,WET,DAYLIGHT,TRAFFIC SIGNAL,NONE DETECTED,NONE DETECTED,53B8B3A0-6BF9-4E86-BD75-EBFB60BC0207,PEDESTRIAN,Cross/Enter at Intersection,NO IMPROPER ACTIONS,AT INTERSECTION MARKED CROSSWALK,OBEYED PED. SIGNAL,MIXED CLOTHING,No,POSSIBLE INJURY,NONE,39.15242833,-77.19883,"(39.15242833, -77.19883)"
MCP3071001W,210000758,Montgomery County Police,Injury Crash,01/06/2021 10:23:00 PM,Maryland (State),FREDERICK RD,County,GUNNERS BRANCH RD,,N/A,PEDESTRIAN,SINGLE VEHICLE,CLEAR,DRY,DARK LIGHTS ON,PERSON,NONE DETECTED,ALCOHOL CONTRIBUTED,38336BA3-4C9F-42E3-8C46-92C58C9236DC,PEDESTRIAN,Cross/Enter not at Intersection,DART DASH,AT INTERSECTION BUT NO CROSSWALK,NO PED. SIGNAL,MIXED CLOTHING,Yes,POSSIBLE INJURY,NONE,39.179145,-77.23843,"(39.179145, -77.23843)"
MCP28920093,210000732,Montgomery County Police,Injury Crash,01/06/2021 05:17:00 PM,Maryland (State),GEORGIA AVE,Maryland (State),FOREST GLEN RD,,N/A,PEDESTRIAN,SINGLE VEHICLE,CLEAR,DRY,DARK LIGHTS ON,TRAFFIC SIGNAL,NONE DETECTED,NONE DETECTED,5563C982-1DD6-4E00-BDB6-30B31E4A20BB,PEDESTRIAN,Cross/Enter not at Intersection,DART DASH,ON ROADWAY NOT AT CROSSWALK,DISOBEYED PED. SIGNAL,MIXED CLOTHING,Yes,POSSIBLE INJURY,NONE,39.01551847,-77.04255305,"(39.01551847, -77.04255305)"
MCP3249001F,210000286,Montgomery County Police,Injury Crash,01/03/2021 05:29:00 PM,Maryland (State),NEW HAMPSHIRE AVE,County,DILSTON RD,,N/A,PEDESTRIAN,OTHER,RAINING,WET,DARK LIGHTS ON,TRAFFIC SIGNAL,NONE DETECTED,ALCOHOL CONTRIBUTED,26C7482F-80F6-4F92-9393-F692D23F828A,PEDESTRIAN,Cross/Enter at Intersection,DART DASH,AT INTERSECTION MARKED CROSSWALK,DISOBEYED PED. SIGNAL,DARK CLOTHING,Yes,SUSPECTED SERIOUS INJURY,NONE,39.011195,-76.97908167,"(39.011195, -76.97908167)"
MCP9134001T,210000760,Montgomery County Police,Injury Crash,01/06/2021 10:12:00 PM,County,FAIRLAND RD,County,OLD COLUMBIA PIKE,,N/A,PEDESTRIAN,OTHER,CLOUDY,DRY,DARK LIGHTS ON,TRAFFIC SIGNAL,NONE DETECTED,NONE DETECTED,8BA363AA-939C-4B6F-A8DD-EC1570AF9259,PEDESTRIAN,Standing,OTHER,ON ROADWAY NOT AT CROSSWALK,UNKNOWN,DARK CLOTHING,No,SUSPECTED SERIOUS INJURY,NONE,39.07663,-76.957725,"(39.07663, -76.957725)"
MCP2739003R,200051544,Montgomery County Police,Injury Crash,12/31/2020 11:12:00 PM,US (State),COLESVILLE RD,County,CRESTMOOR DR,,N/A,BICYCLIST,SAME DIR REAR END,CLEAR,DRY,DARK LIGHTS ON,NO CONTROLS,OTHER,N/A,AE93E677-84E8-4E5D-9B89-7395C535CD08,BICYCLIST,Walking/Riding w/Traffic,N/A,SHOULDER,UNKNOWN,REFLECTIVE MATERIAL,No,SUSPECTED MINOR INJURY,REFLECTIVE CLOTHING,39.030665,-77.00602,"(39.030665, -77.00602)"
DM8388003L,200051119,Takoma Park Police Depart,Injury Crash,12/28/2020 06:38:00 PM,Maryland (State),NEW HAMPSHIRE AVE,Municipality,AUBURN AVE,,TAKOMA PARK,PEDESTRIAN,SINGLE VEHICLE,CLEAR,DRY,DARK LIGHTS ON,NO CONTROLS,NONE DETECTED,COMBINATION CONTRIBUTED,332EEBAD-CC97-4806-B867-ED4F5277370B,PEDESTRIAN,Cross/Enter not at Intersection,IN ROADWAY IMPROPERLY,ON ROADWAY NOT AT CROSSWALK,N/A,DARK CLOTHING,Yes,SUSPECTED MINOR INJURY,NONE,38.9758395,-76.99383967,"(38.9758395, -76.99383967)"
MCP3115004K,20000253,Montgomery County Police,Injury Crash,01/02/2021 06:32:00 PM,,,,,PARKING LOT OF 10504 CONNECTICUT AVENUE,,PEDESTRIAN,OTHER,CLEAR,,N/A,N/A,N/A,N/A,57F316EF-91CB-4D7F-97D8-171E27B79105,PEDESTRIAN,Walking/Cycling on Sidewalk,NO IMPROPER ACTIONS,SIDEWALK,N/A,MIXED CLOTHING,No,POSSIBLE INJURY,N/A,39.02820578,-77.07649608,"(39.02820578, -77.07649608)"
MCP91130070,210001100,Montgomery County Police,Property Damage Crash,01/09/2021 01:56:00 PM,County,ATHERTON DR,County,GREENLY ST,,N/A,OTHER,STRAIGHT MOVEMENT ANGLE,CLEAR,DRY,DAYLIGHT,STOP SIGN,NONE DETECTED,NONE DETECTED,521BF898-D328-47A7-8EAA-F0F3CBA8AD4E,OTHER,Other,OTHER,OTHER,N/A,N/A,No,NO APPARENT INJURY,NONE,39.06148,-77.07553167,"(39.06148, -77.07553167)"
MCP2859009P,210000363,Montgomery County Police,Injury Crash,01/04/2021 10:52:00 AM,,,,,"PARKING LOT OF 9901 MEDICAL CENTER DR, GAITHERSBURG, MD 20878",,PEDESTRIAN,OTHER,CLOUDY,,DAYLIGHT,NO CONTROLS,NONE DETECTED,NONE DETECTED,667318EC-2F33-4469-B2A9-75ED1384C033,PEDESTRIAN,Other,NO IMPROPER ACTIONS,OTHER,NO PED. SIGNAL,MIXED CLOTHING,No,POSSIBLE INJURY,NONE,39.09766438,-77.19954882,"(39.09766438, -77.19954882)"
MCP3125002L,210001108,Montgomery County Police,Injury Crash,01/09/2021 03:20:00 PM,County,MARY CASSATT DR,County,SEVEN LOCKS RD,,N/A,PEDESTRIAN,SINGLE VEHICLE,CLEAR,DRY,DAYLIGHT,NO CONTROLS,NONE DETECTED,NONE DETECTED,66B67C25-C4F1-4E40-B9A9-C166F3D62AB7,PEDESTRIAN,Cross/Enter at Intersection,NO IMPROPER ACTIONS,AT INTERSECTION BUT NO CROSSWALK,N/A,DARK CLOTHING,No,SUSPECTED MINOR INJURY,NONE,39.04669833,-77.16098167,"(39.04669833, -77.16098167)"
DD5633004V,210001084,Rockville Police Departme,Injury Crash,01/09/2021 01:00:00 PM,Municipality,BROADWOOD DR,Maryland (State),VEIRS MILL RD,,N/A,PEDESTRIAN,OTHER,CLEAR,DRY,DAYLIGHT,TRAFFIC SIGNAL,NONE DETECTED,NONE DETECTED,8E471E0F-353B-4DFF-8770-490355BD921F,PEDESTRIAN,Cross/Enter at Intersection,NO IMPROPER ACTIONS,ON ROADWAY AT CROSSWALK,OBEYED PED. SIGNAL,MIXED CLOTHING,No,POSSIBLE INJURY,NONE,39.07720979,-77.12379602,"(39.07720979, -77.12379602)"
DD5604003S,210001474,Rockville Police Departme,Injury Crash,01/12/2021 01:57:00 PM,Municipality,E JEFFERSON ST,Municipality,CONGRESSIONAL LA,,ROCKVILLE,PEDESTRIAN,OTHER,CLEAR,DRY,DAYLIGHT,STOP SIGN,NONE DETECTED,NONE DETECTED,EDE7021D-95D9-4371-A242-2F2CF6C0F6AC,PEDESTRIAN,Cross/Enter at Intersection,NO IMPROPER ACTIONS,AT INTERSECTION MARKED CROSSWALK,NO PED. SIGNAL,DARK CLOTHING,No,SUSPECTED MINOR INJURY,NONE,39.06208217,-77.12915567,"(39.06208217, -77.12915567)"
EJ7884001J,210001898,Gaithersburg Police Depar,Injury Crash,01/15/2021 06:26:00 PM,Municipality,E DIAMOND AVE,Municipality,GIRARD ST,,GAITHERSBURG,PEDESTRIAN,OTHER,RAINING,WET,DARK NO LIGHTS,NO CONTROLS,N/A,N/A,16DEB8F7-303B-4AD5-A1F0-60ACDE8FD3D6,PEDESTRIAN,Unknown,NO IMPROPER ACTIONS,ON ROADWAY NOT AT CROSSWALK,N/A,MIXED CLOTHING,Yes,SUSPECTED SERIOUS INJURY,N/A,39.1420083,-77.18803328,"(39.1420083, -77.18803328)"
MCP28570037,210001882,Montgomery County Police,Injury Crash,01/15/2021 04:26:00 PM,,,,,"PARKING LOT OF 18625 MOONEY DRIVE, GAITHERSBURG, MD 20879",,PEDESTRIAN,SINGLE VEHICLE,CLOUDY,,DAYLIGHT,N/A,NONE DETECTED,NONE DETECTED,9828D9BA-5524-448C-9987-0A272669F3EB,PEDESTRIAN,Other Working,UNKNOWN,N/A,N/A,MIXED CLOTHING,No,SUSPECTED MINOR INJURY,N/A,39.16289373,-77.16414513,"(39.16289373, -77.16414513)"
MCP1233003R,210001754,Montgomery County Police,Injury Crash,01/14/2021 03:28:00 PM,Maryland (State),UNIVERSITY BLVD W,County,HOBSON ST,,N/A,PEDESTRIAN,STRAIGHT MOVEMENT ANGLE,CLEAR,DRY,DAYLIGHT,TRAFFIC SIGNAL,NONE DETECTED,NONE DETECTED,BA600D47-CB18-4010-83E4-7EF4EB546284,PEDESTRIAN,Other,NO IMPROPER ACTIONS,N/A,NO PED. SIGNAL,MIXED CLOTHING,No,SUSPECTED SERIOUS INJURY,NONE,39.03581667,-77.064925,"(39.03581667, -77.064925)"